2025-12-08 20:27:21 - numexpr.utils - INFO - NumExpr defaulting to 8 threads.
2025-12-08 20:27:22 - speechbrain.utils.checkpoints - DEBUG - Registered checkpoint save hook for _speechbrain_save
2025-12-08 20:27:22 - speechbrain.utils.checkpoints - DEBUG - Registered checkpoint load hook for _speechbrain_load
2025-12-08 20:27:22 - speechbrain.utils.checkpoints - DEBUG - Registered checkpoint save hook for save
2025-12-08 20:27:22 - speechbrain.utils.checkpoints - DEBUG - Registered checkpoint load hook for load
2025-12-08 20:27:22 - speechbrain.utils.quirks - INFO - Applied quirks (see `speechbrain.utils.quirks`): [disable_jit_profiling, allow_tf32]
2025-12-08 20:27:22 - speechbrain.utils.quirks - INFO - Excluded quirks specified by the `SB_DISABLE_QUIRKS` environment (comma-separated list): []
2025-12-08 20:27:22 - speechbrain.utils.checkpoints - DEBUG - Registered checkpoint save hook for _save
2025-12-08 20:27:22 - speechbrain.utils.checkpoints - DEBUG - Registered checkpoint load hook for _recover
2025-12-08 20:27:23 - root - INFO - Using device: cpu
2025-12-08 20:27:23 - __main__ - INFO - ================================================================================
2025-12-08 20:27:23 - __main__ - INFO - MAIN STARTED
2025-12-08 20:27:23 - __main__ - INFO - MAIN: Starting main()
2025-12-08 20:27:23 - root - INFO - MAIN: Using device: cpu
2025-12-08 20:27:23 - root - INFO - MAIN: CUDA available: False - Using CPU
2025-12-08 20:27:23 - root - INFO - MAIN: Initializing speaker encoder...
2025-12-08 20:27:23 - speechbrain.utils.fetching - INFO - Fetch hyperparams.yaml: Using symlink found at '/Users/khumachbayramova/Science/FL-SEND-diarization/FL-SEND/pretrained_models/spkrec-ecapa/hyperparams.yaml'
2025-12-08 20:27:23 - speechbrain.utils.fetching - INFO - Fetch custom.py: Fetching from HuggingFace Hub 'speechbrain/spkrec-ecapa-voxceleb' if not cached
2025-12-08 20:27:23 - speechbrain.utils.checkpoints - DEBUG - Registered checkpoint save hook for _save
2025-12-08 20:27:23 - speechbrain.utils.checkpoints - DEBUG - Registered checkpoint load hook for _load
2025-12-08 20:27:23 - speechbrain.utils.checkpoints - DEBUG - Registered parameter transfer hook for _load
2025-12-08 20:27:23 - speechbrain.utils.checkpoints - DEBUG - Registered checkpoint save hook for save
2025-12-08 20:27:23 - speechbrain.utils.checkpoints - DEBUG - Registered checkpoint load hook for load_if_possible
2025-12-08 20:27:23 - speechbrain.utils.parameter_transfer - DEBUG - Collecting files (or symlinks) for pretraining in pretrained_models/spkrec-ecapa.
2025-12-08 20:27:23 - speechbrain.utils.fetching - INFO - Fetch embedding_model.ckpt: Using symlink found at '/Users/khumachbayramova/Science/FL-SEND-diarization/FL-SEND/pretrained_models/spkrec-ecapa/embedding_model.ckpt'
2025-12-08 20:27:23 - speechbrain.utils.parameter_transfer - DEBUG - Set local path in self.paths["embedding_model"] = /Users/khumachbayramova/Science/FL-SEND-diarization/FL-SEND/pretrained_models/spkrec-ecapa/embedding_model.ckpt
2025-12-08 20:27:23 - speechbrain.utils.fetching - INFO - Fetch mean_var_norm_emb.ckpt: Using symlink found at '/Users/khumachbayramova/Science/FL-SEND-diarization/FL-SEND/pretrained_models/spkrec-ecapa/mean_var_norm_emb.ckpt'
2025-12-08 20:27:23 - speechbrain.utils.parameter_transfer - DEBUG - Set local path in self.paths["mean_var_norm_emb"] = /Users/khumachbayramova/Science/FL-SEND-diarization/FL-SEND/pretrained_models/spkrec-ecapa/mean_var_norm_emb.ckpt
2025-12-08 20:27:23 - speechbrain.utils.fetching - INFO - Fetch classifier.ckpt: Using symlink found at '/Users/khumachbayramova/Science/FL-SEND-diarization/FL-SEND/pretrained_models/spkrec-ecapa/classifier.ckpt'
2025-12-08 20:27:23 - speechbrain.utils.parameter_transfer - DEBUG - Set local path in self.paths["classifier"] = /Users/khumachbayramova/Science/FL-SEND-diarization/FL-SEND/pretrained_models/spkrec-ecapa/classifier.ckpt
2025-12-08 20:27:23 - speechbrain.utils.fetching - INFO - Fetch label_encoder.txt: Using symlink found at '/Users/khumachbayramova/Science/FL-SEND-diarization/FL-SEND/pretrained_models/spkrec-ecapa/label_encoder.ckpt'
2025-12-08 20:27:23 - speechbrain.utils.parameter_transfer - DEBUG - Set local path in self.paths["label_encoder"] = /Users/khumachbayramova/Science/FL-SEND-diarization/FL-SEND/pretrained_models/spkrec-ecapa/label_encoder.ckpt
2025-12-08 20:27:23 - speechbrain.utils.parameter_transfer - INFO - Loading pretrained files for: embedding_model, mean_var_norm_emb, classifier, label_encoder
2025-12-08 20:27:23 - speechbrain.utils.parameter_transfer - DEBUG - Redirecting (loading from local path): embedding_model -> /Users/khumachbayramova/Science/FL-SEND-diarization/FL-SEND/pretrained_models/spkrec-ecapa/embedding_model.ckpt
2025-12-08 20:27:23 - speechbrain.utils.parameter_transfer - DEBUG - Redirecting (loading from local path): mean_var_norm_emb -> /Users/khumachbayramova/Science/FL-SEND-diarization/FL-SEND/pretrained_models/spkrec-ecapa/mean_var_norm_emb.ckpt
2025-12-08 20:27:23 - speechbrain.utils.parameter_transfer - DEBUG - Redirecting (loading from local path): classifier -> /Users/khumachbayramova/Science/FL-SEND-diarization/FL-SEND/pretrained_models/spkrec-ecapa/classifier.ckpt
2025-12-08 20:27:23 - speechbrain.utils.parameter_transfer - DEBUG - Redirecting (loading from local path): label_encoder -> /Users/khumachbayramova/Science/FL-SEND-diarization/FL-SEND/pretrained_models/spkrec-ecapa/label_encoder.ckpt
2025-12-08 20:27:23 - speechbrain.dataio.encoder - DEBUG - Loaded categorical encoding from /Users/khumachbayramova/Science/FL-SEND-diarization/FL-SEND/pretrained_models/spkrec-ecapa/label_encoder.ckpt
2025-12-08 20:27:23 - root - INFO - MAIN: Speaker encoder initialized successfully
2025-12-08 20:27:23 - root - INFO -  STATS: ========================================== DATASET LOADING ==========================================
2025-12-08 20:27:23 - root - INFO -  STATS: Loading dataset: AMI
2025-12-08 20:27:23 - root - INFO -  STATS: Dataset loaded successfully
2025-12-08 20:27:26 - datasets.builder - WARNING - Found cached dataset ami (/Users/khumachbayramova/.cache/huggingface/datasets/edinburghcstr___ami/ihm/0.0.0/0d128d0aa8145d0f16f3d5b4da86c5d5759dbe9e8f947fda04b25edb56442bd5)
  0%|          | 0/3 [00:00<?, ?it/s] 33%|███▎      | 1/3 [00:00<00:00,  6.82it/s]100%|██████████| 3/3 [00:00<00:00, 17.04it/s]
2025-12-08 20:27:26 - root - INFO - MAIN: Dataset loaded successfully
2025-12-08 20:27:26 - root - INFO - MAIN: Using SUBSET - Train: 5000, Val: 2143, Test: 2143
2025-12-08 20:27:26 - root - INFO -  STATS: Dataset: AMI
2025-12-08 20:27:26 - root - INFO -  STATS: Total samples: 108502
2025-12-08 20:27:26 - root - INFO -  STATS: Using subset of 5000 samples for testing
2025-12-08 20:27:26 - root - INFO - MAIN: Grouping data by meeting ID...
2025-12-08 20:27:26 - root - INFO -     $30compare_op.6 = $22unary_negative.4 <= x0 ['$22unary_negative.4', '$30compare_op.6', 'x0']
2025-12-08 20:27:26 - root - INFO -     bool36 = global(bool: <class 'bool'>)    ['bool36']
2025-12-08 20:27:26 - root - INFO -     $phi38.0 = x0                            ['$phi38.0', 'x0']
2025-12-08 20:27:26 - root - INFO -     $40compare_op.2 = $phi38.0 <= threshold  ['$40compare_op.2', '$phi38.0', 'threshold']
2025-12-08 20:27:26 - root - INFO -     bool46 = global(bool: <class 'bool'>)    ['bool46']
2025-12-08 20:27:26 - root - INFO -     $84compare_op.6 = $76unary_negative.4 <= x1 ['$76unary_negative.4', '$84compare_op.6', 'x1']
2025-12-08 20:27:26 - root - INFO -     bool90 = global(bool: <class 'bool'>)    ['bool90']
2025-12-08 20:27:26 - root - INFO -     $phi92.0 = x1                            ['$phi92.0', 'x1']
2025-12-08 20:27:26 - root - INFO -     $94compare_op.2 = $phi92.0 <= threshold  ['$94compare_op.2', '$phi92.0', 'threshold']
2025-12-08 20:27:26 - root - INFO -     bool100 = global(bool: <class 'bool'>)   ['bool100']
2025-12-08 20:27:26 - root - INFO -     bool114 = global(bool: <class 'bool'>)   ['bool114']
2025-12-08 20:27:26 - root - INFO -     $116load_global.0 = global(np: <module 'numpy' from '/Users/khumachbayramova/anaconda3/lib/python3.11/site-packages/numpy/__init__.py'>) ['$116load_global.0']
2025-12-08 20:27:26 - root - INFO -     $128load_attr.2 = getattr(value=$116load_global.0, attr=signbit) ['$116load_global.0', '$128load_attr.2']
2025-12-08 20:27:26 - root - INFO -     $154load_global.5 = global(np: <module 'numpy' from '/Users/khumachbayramova/anaconda3/lib/python3.11/site-packages/numpy/__init__.py'>) ['$154load_global.5']
2025-12-08 20:27:26 - root - INFO -     $166load_attr.7 = getattr(value=$154load_global.5, attr=signbit) ['$154load_global.5', '$166load_attr.7']
2025-12-08 20:27:26 - root - INFO -     $192compare_op.10 = $144call.4 != $182call.9 ['$144call.4', '$182call.9', '$192compare_op.10']
2025-12-08 20:27:26 - root - INFO -     $198return_value.11 = cast(value=$192compare_op.10) ['$192compare_op.10', '$198return_value.11']
2025-12-08 20:27:26 - root - INFO -     $200load_global.0 = global(np: <module 'numpy' from '/Users/khumachbayramova/anaconda3/lib/python3.11/site-packages/numpy/__init__.py'>) ['$200load_global.0']
2025-12-08 20:27:26 - root - INFO -     $212load_attr.2 = getattr(value=$200load_global.0, attr=sign) ['$200load_global.0', '$212load_attr.2']
2025-12-08 20:27:26 - root - INFO -     $238load_global.5 = global(np: <module 'numpy' from '/Users/khumachbayramova/anaconda3/lib/python3.11/site-packages/numpy/__init__.py'>) ['$238load_global.5']
2025-12-08 20:27:26 - root - INFO -     $250load_attr.7 = getattr(value=$238load_global.5, attr=sign) ['$238load_global.5', '$250load_attr.7']
2025-12-08 20:27:26 - root - INFO -     $276compare_op.10 = $228call.4 != $266call.9 ['$228call.4', '$266call.9', '$276compare_op.10']
2025-12-08 20:27:26 - root - INFO -     $282return_value.11 = cast(value=$276compare_op.10) ['$276compare_op.10', '$282return_value.11']
2025-12-08 20:27:26 - root - INFO -     $32compare_op.6 = $8binary_subscr.2 > $22binary_subscr.5 ['$22binary_subscr.5', '$32compare_op.6', '$8binary_subscr.2']
2025-12-08 20:27:26 - root - INFO -     $66compare_op.13 = $42binary_subscr.9 >= $56binary_subscr.12 ['$42binary_subscr.9', '$56binary_subscr.12', '$66compare_op.13']
2025-12-08 20:27:26 - root - INFO -     $binop_and_72.14 = $32compare_op.6 & $66compare_op.13 ['$32compare_op.6', '$66compare_op.13', '$binop_and_72.14']
2025-12-08 20:27:26 - root - INFO -     $76return_value.15 = cast(value=$binop_and_72.14) ['$76return_value.15', '$binop_and_72.14']
2025-12-08 20:27:26 - root - INFO -     $32compare_op.6 = $8binary_subscr.2 < $22binary_subscr.5 ['$22binary_subscr.5', '$32compare_op.6', '$8binary_subscr.2']
2025-12-08 20:27:26 - root - INFO -     $66compare_op.13 = $42binary_subscr.9 <= $56binary_subscr.12 ['$42binary_subscr.9', '$56binary_subscr.12', '$66compare_op.13']
2025-12-08 20:27:26 - root - INFO -     $binop_and_72.14 = $32compare_op.6 & $66compare_op.13 ['$32compare_op.6', '$66compare_op.13', '$binop_and_72.14']
2025-12-08 20:27:26 - root - INFO -     $76return_value.15 = cast(value=$binop_and_72.14) ['$76return_value.15', '$binop_and_72.14']
2025-12-08 20:27:34 - root - INFO -  STATS: ========================================== DATA GROUPING ==========================================
2025-12-08 20:27:34 - root - INFO -  STATS: Grouped 4 meetings from training set
2025-12-08 20:27:34 - root - INFO -  STATS: Grouped 4 meetings from validation set
2025-12-08 20:27:34 - root - INFO -  STATS: Grouped 2 meetings from test set
2025-12-08 20:27:34 - root - INFO - 
 STATS: ========================================== MEETING STATISTICS ==========================================
2025-12-08 20:27:34 - root - INFO - 
 STATS: Training set meetings:
2025-12-08 20:27:34 - root - INFO -   Meeting EN2001a: 1675 audio segments, 694 overlapping segments, max 3 concurrent speakers
2025-12-08 20:27:34 - root - INFO -     First 5 overlapping segments:
2025-12-08 20:27:34 - root - INFO -       1. Speakers MEE068 & MEO069: 5.60s - 5.94s (duration: 0.34s)
2025-12-08 20:27:34 - root - INFO -       2. Speakers MEO069 & MEE067: 17.07s - 18.05s (duration: 0.98s)
2025-12-08 20:27:34 - root - INFO -       3. Speakers MEE067 & MEE068: 18.95s - 19.26s (duration: 0.31s)
2025-12-08 20:27:34 - root - INFO -       4. Speakers MEE067 & MEO069: 19.01s - 19.61s (duration: 0.60s)
2025-12-08 20:27:34 - root - INFO -       5. Speakers MEE068 & MEO069: 19.01s - 19.26s (duration: 0.25s)
2025-12-08 20:27:34 - root - INFO -   Meeting EN2001b: 986 audio segments, 386 overlapping segments, max 3 concurrent speakers
2025-12-08 20:27:34 - root - INFO -     First 5 overlapping segments:
2025-12-08 20:27:34 - root - INFO -       1. Speakers FEO066 & MEO069: 32.19s - 32.86s (duration: 0.67s)
2025-12-08 20:27:34 - root - INFO -       2. Speakers MEO069 & FEO065: 81.54s - 82.44s (duration: 0.90s)
2025-12-08 20:27:34 - root - INFO -       3. Speakers FEO065 & MEO069: 84.49s - 86.03s (duration: 1.54s)
2025-12-08 20:27:34 - root - INFO -       4. Speakers MEO069 & FEO065: 86.03s - 86.33s (duration: 0.30s)
2025-12-08 20:27:34 - root - INFO -       5. Speakers MEO069 & MEE068: 86.40s - 88.33s (duration: 1.93s)
2025-12-08 20:27:34 - root - INFO -   Meeting EN2001d: 1111 audio segments, 504 overlapping segments, max 4 concurrent speakers
2025-12-08 20:27:34 - root - INFO -     First 5 overlapping segments:
2025-12-08 20:27:34 - root - INFO -       1. Speakers MEO069 & MEE068: 48.99s - 49.17s (duration: 0.18s)
2025-12-08 20:27:34 - root - INFO -       2. Speakers MEE067 & MEO069: 62.78s - 63.21s (duration: 0.43s)
2025-12-08 20:27:34 - root - INFO -       3. Speakers MEO069 & MEE067: 89.78s - 89.98s (duration: 0.20s)
2025-12-08 20:27:34 - root - INFO -       4. Speakers MEE067 & MEO069: 92.40s - 92.89s (duration: 0.49s)
2025-12-08 20:27:34 - root - INFO -       5. Speakers MEO069 & MEE067: 99.19s - 100.21s (duration: 1.02s)
2025-12-08 20:27:34 - root - INFO -   Meeting EN2001e: 1228 audio segments, 562 overlapping segments, max 3 concurrent speakers
2025-12-08 20:27:34 - root - INFO -     First 5 overlapping segments:
2025-12-08 20:27:34 - root - INFO -       1. Speakers MEO069 & FEO066: 33.79s - 33.89s (duration: 0.10s)
2025-12-08 20:27:34 - root - INFO -       2. Speakers FEO066 & MEO069: 33.89s - 34.76s (duration: 0.87s)
2025-12-08 20:27:34 - root - INFO -       3. Speakers MEE067 & FEO066: 162.44s - 162.83s (duration: 0.39s)
2025-12-08 20:27:34 - root - INFO -       4. Speakers MEO069 & MEE067: 169.54s - 169.87s (duration: 0.33s)
2025-12-08 20:27:34 - root - INFO -       5. Speakers MEO069 & MEE067: 174.88s - 175.61s (duration: 0.73s)
2025-12-08 20:27:34 - root - INFO - 
 STATS: Validation set meetings:
2025-12-08 20:27:34 - root - INFO -   Meeting ES2011a: 364 audio segments, 192 overlapping segments, max 4 concurrent speakers
2025-12-08 20:27:34 - root - INFO -     First 5 overlapping segments:
2025-12-08 20:27:34 - root - INFO -       1. Speakers FEE044 & FEE041: 77.04s - 77.78s (duration: 0.74s)
2025-12-08 20:27:34 - root - INFO -       2. Speakers FEE041 & FEE044: 78.93s - 78.98s (duration: 0.05s)
2025-12-08 20:27:34 - root - INFO -       3. Speakers FEE044 & FEE041: 78.98s - 80.51s (duration: 1.53s)
2025-12-08 20:27:34 - root - INFO -       4. Speakers FEE041 & FEE044: 80.51s - 80.79s (duration: 0.28s)
2025-12-08 20:27:34 - root - INFO -       5. Speakers FEE041 & FEE043: 88.66s - 89.24s (duration: 0.58s)
2025-12-08 20:27:34 - root - INFO -   Meeting ES2011c: 594 audio segments, 393 overlapping segments, max 4 concurrent speakers
2025-12-08 20:27:34 - root - INFO -     First 5 overlapping segments:
2025-12-08 20:27:34 - root - INFO -       1. Speakers FEE043 & FEE044: 86.03s - 86.60s (duration: 0.57s)
2025-12-08 20:27:34 - root - INFO -       2. Speakers FEE041 & FEE042: 135.29s - 135.60s (duration: 0.31s)
2025-12-08 20:27:34 - root - INFO -       3. Speakers FEE044 & FEE043: 136.86s - 137.33s (duration: 0.47s)
2025-12-08 20:27:34 - root - INFO -       4. Speakers FEE044 & FEE041: 137.28s - 137.33s (duration: 0.05s)
2025-12-08 20:27:34 - root - INFO -       5. Speakers FEE044 & FEE042: 137.30s - 137.33s (duration: 0.03s)
2025-12-08 20:27:34 - root - INFO -   Meeting IB4001: 731 audio segments, 435 overlapping segments, max 4 concurrent speakers
2025-12-08 20:27:34 - root - INFO -     First 5 overlapping segments:
2025-12-08 20:27:34 - root - INFO -       1. Speakers FIE038 & FIO093: 140.05s - 140.24s (duration: 0.19s)
2025-12-08 20:27:34 - root - INFO -       2. Speakers FIO093 & MIO092: 204.23s - 204.53s (duration: 0.30s)
2025-12-08 20:27:34 - root - INFO -       3. Speakers FIE038 & MIO092: 227.61s - 228.32s (duration: 0.71s)
2025-12-08 20:27:34 - root - INFO -       4. Speakers FIE038 & MIO092: 232.78s - 233.13s (duration: 0.35s)
2025-12-08 20:27:34 - root - INFO -       5. Speakers FIE038 & MIO092: 235.25s - 235.55s (duration: 0.30s)
2025-12-08 20:27:34 - root - INFO -   Meeting IB4003: 454 audio segments, 186 overlapping segments, max 3 concurrent speakers
2025-12-08 20:27:34 - root - INFO -     First 5 overlapping segments:
2025-12-08 20:27:34 - root - INFO -       1. Speakers MIO036 & MIO039: 172.96s - 173.59s (duration: 0.63s)
2025-12-08 20:27:34 - root - INFO -       2. Speakers MIO039 & MIO036: 187.49s - 188.45s (duration: 0.96s)
2025-12-08 20:27:34 - root - INFO -       3. Speakers MIO036 & MIO039: 194.84s - 195.09s (duration: 0.25s)
2025-12-08 20:27:34 - root - INFO -       4. Speakers MIO036 & MIO039: 241.19s - 241.91s (duration: 0.72s)
2025-12-08 20:27:34 - root - INFO -       5. Speakers MIO036 & FIE037: 243.58s - 244.43s (duration: 0.85s)
2025-12-08 20:27:34 - root - INFO - 
 STATS: Test set meetings:
2025-12-08 20:27:34 - root - INFO -   Meeting EN2002a: 1367 audio segments, 1236 overlapping segments, max 4 concurrent speakers
2025-12-08 20:27:34 - root - INFO -     First 5 overlapping segments:
2025-12-08 20:27:34 - root - INFO -       1. Speakers MEE071 & MEE073: 0.96s - 1.74s (duration: 0.78s)
2025-12-08 20:27:34 - root - INFO -       2. Speakers MEE073 & FEO072: 3.58s - 5.38s (duration: 1.80s)
2025-12-08 20:27:34 - root - INFO -       3. Speakers MEE073 & MEE071: 3.61s - 4.68s (duration: 1.07s)
2025-12-08 20:27:34 - root - INFO -       4. Speakers MEE073 & MEE071: 4.68s - 5.40s (duration: 0.72s)
2025-12-08 20:27:34 - root - INFO -       5. Speakers MEE073 & MEE071: 5.40s - 6.65s (duration: 1.25s)
2025-12-08 20:27:34 - root - INFO -   Meeting EN2002b: 776 audio segments, 531 overlapping segments, max 4 concurrent speakers
2025-12-08 20:27:34 - root - INFO -     First 5 overlapping segments:
2025-12-08 20:27:34 - root - INFO -       1. Speakers MEE073 & FEO070: 41.99s - 42.40s (duration: 0.41s)
2025-12-08 20:27:34 - root - INFO -       2. Speakers MEE073 & FEO070: 58.73s - 58.93s (duration: 0.20s)
2025-12-08 20:27:34 - root - INFO -       3. Speakers MEE073 & FEO070: 62.02s - 62.31s (duration: 0.29s)
2025-12-08 20:27:34 - root - INFO -       4. Speakers FEO070 & MEE071: 84.75s - 85.74s (duration: 0.99s)
2025-12-08 20:27:34 - root - INFO -       5. Speakers MEE071 & MEE073: 137.72s - 138.22s (duration: 0.50s)
2025-12-08 20:27:34 - root - INFO - 
 STATS: ========================================== SUMMARY STATISTICS ==========================================
2025-12-08 20:27:34 - root - INFO - Total meetings: 10
2025-12-08 20:27:34 - root - INFO - Total audio segments: 9286
2025-12-08 20:27:34 - root - INFO - Total overlapping segments: 5119
2025-12-08 20:27:34 - root - INFO - 
 CONCURRENT SPEAKERS ANALYSIS:
2025-12-08 20:27:34 - root - INFO -   - Maximum number of concurrent speakers: 4
2025-12-08 20:27:34 - root - INFO -   - Average maximum number: 3.6
2025-12-08 20:27:34 - root - INFO -   - Median maximum number: 4
2025-12-08 20:27:34 - root - INFO -   - Distribution of maximum concurrent speakers:
2025-12-08 20:27:34 - root - INFO -     3 speakers: 4 meetings (40.0%)
2025-12-08 20:27:34 - root - INFO -     4 speakers: 6 meetings (60.0%)
2025-12-08 20:27:34 - root - INFO - 
Training set: 4 meetings, 5000 segments, 2146 overlaps (avg: 1250.0 segments, 536.5 overlaps)
2025-12-08 20:27:34 - root - INFO - Validation set: 4 meetings, 2143 segments, 1206 overlaps (avg: 535.8 segments, 301.5 overlaps)
2025-12-08 20:27:34 - root - INFO - Test set: 2 meetings, 2143 segments, 1767 overlaps (avg: 1071.5 segments, 883.5 overlaps)
2025-12-08 20:27:34 - root - INFO - MAIN: Initializing Power Set Encoder with max_speakers=5, max_overlap=4
2025-12-08 20:27:34 - root - INFO - MAIN: PSE Configuration: N=5 (max speakers per recording), K=4 (max overlap)
2025-12-08 20:27:34 - root - INFO - MAIN: Number of classes using C(K,N) = Σ(k=0 to 4) C(5,k) = 31
2025-12-08 20:27:34 - root - INFO - 
 STATS: ========================================== POWER SET ENCODER EXAMPLES ==========================================
2025-12-08 20:27:34 - root - INFO -  STATS: STARTING FUNCTION: print_power_set_encoder_examples
2025-12-08 20:27:34 - root - INFO -  STATS: PowerSetEncoder Configuration:
2025-12-08 20:27:34 - root - INFO -  STATS:   - Max speakers: 5
2025-12-08 20:27:34 - root - INFO -  STATS:   - Max overlap: 4
2025-12-08 20:27:34 - root - INFO -  STATS:   - Number of classes: 31
2025-12-08 20:27:34 - root - INFO -  STATS:   - Formula: C(K,N) = Σ(k=0 to 4) C(5,k)
2025-12-08 20:27:34 - root - INFO - 
 STATS: Encoding/Decoding Examples:
2025-12-08 20:27:34 - root - INFO -  STATS: Speaker IDs     Encoded  Decoded         Match
2025-12-08 20:27:34 - root - INFO -  STATS: --------------- -------- --------------- -----
2025-12-08 20:27:34 - root - INFO -  STATS: []              0        []              ✓    
2025-12-08 20:27:34 - root - INFO -  STATS: [0]             1        [0]             ✓    
2025-12-08 20:27:34 - root - INFO -  STATS: [1]             2        [1]             ✓    
2025-12-08 20:27:34 - root - INFO -  STATS: [0, 1]          6        [0, 1]          ✓    
2025-12-08 20:27:34 - root - INFO -  STATS: [0, 2]          7        [0, 2]          ✓    
2025-12-08 20:27:34 - root - INFO -  STATS: [1, 2]          10       [1, 2]          ✓    
2025-12-08 20:27:34 - root - INFO -  STATS: [0, 1, 2]       16       [0, 1, 2]       ✓    
2025-12-08 20:27:34 - root - INFO -  STATS: [0, 1, 2, 3]    26       [0, 1, 2, 3]    ✓    
2025-12-08 20:27:34 - root - INFO - 
 STATS: All Possible Speaker Combinations:
2025-12-08 20:27:34 - root - INFO -  STATS: Combination     Encoded  Description              
2025-12-08 20:27:34 - root - INFO -  STATS: --------------- -------- -------------------------
2025-12-08 20:27:34 - root - INFO -  STATS: []              0        No speakers              
2025-12-08 20:27:34 - root - INFO -  STATS: [0]             1        Speaker 0 only           
2025-12-08 20:27:34 - root - INFO -  STATS: [1]             2        Speaker 1 only           
2025-12-08 20:27:34 - root - INFO -  STATS: [2]             3        Speaker 2 only           
2025-12-08 20:27:34 - root - INFO -  STATS: [3]             4        Speaker 3 only           
2025-12-08 20:27:34 - root - INFO -  STATS: [4]             5        Speaker 4 only           
2025-12-08 20:27:34 - root - INFO -  STATS: [0, 1]          6        2 speakers: [0, 1]       
2025-12-08 20:27:34 - root - INFO -  STATS: [0, 2]          7        2 speakers: [0, 2]       
2025-12-08 20:27:34 - root - INFO -  STATS: [0, 3]          8        2 speakers: [0, 3]       
2025-12-08 20:27:34 - root - INFO -  STATS: [0, 4]          9        2 speakers: [0, 4]       
2025-12-08 20:27:34 - root - INFO -  STATS: [1, 2]          10       2 speakers: [1, 2]       
2025-12-08 20:27:34 - root - INFO -  STATS: [1, 3]          11       2 speakers: [1, 3]       
2025-12-08 20:27:34 - root - INFO -  STATS: [1, 4]          12       2 speakers: [1, 4]       
2025-12-08 20:27:34 - root - INFO -  STATS: [2, 3]          13       2 speakers: [2, 3]       
2025-12-08 20:27:34 - root - INFO -  STATS: [2, 4]          14       2 speakers: [2, 4]       
2025-12-08 20:27:34 - root - INFO -  STATS: [3, 4]          15       2 speakers: [3, 4]       
2025-12-08 20:27:34 - root - INFO -  STATS: [0, 1, 2]       16       3 speakers: [0, 1, 2]    
2025-12-08 20:27:34 - root - INFO -  STATS: [0, 1, 3]       17       3 speakers: [0, 1, 3]    
2025-12-08 20:27:34 - root - INFO -  STATS: [0, 1, 4]       18       3 speakers: [0, 1, 4]    
2025-12-08 20:27:34 - root - INFO -  STATS: [0, 2, 3]       19       3 speakers: [0, 2, 3]    
2025-12-08 20:27:34 - root - INFO -  STATS: [0, 2, 4]       20       3 speakers: [0, 2, 4]    
2025-12-08 20:27:34 - root - INFO -  STATS: [0, 3, 4]       21       3 speakers: [0, 3, 4]    
2025-12-08 20:27:34 - root - INFO -  STATS: [1, 2, 3]       22       3 speakers: [1, 2, 3]    
2025-12-08 20:27:34 - root - INFO -  STATS: [1, 2, 4]       23       3 speakers: [1, 2, 4]    
2025-12-08 20:27:34 - root - INFO -  STATS: [1, 3, 4]       24       3 speakers: [1, 3, 4]    
2025-12-08 20:27:34 - root - INFO -  STATS: [2, 3, 4]       25       3 speakers: [2, 3, 4]    
2025-12-08 20:27:34 - root - INFO -  STATS: [0, 1, 2, 3]    26       Max overlap (4 speakers) 
2025-12-08 20:27:34 - root - INFO -  STATS: [0, 1, 2, 4]    27       Max overlap (4 speakers) 
2025-12-08 20:27:34 - root - INFO -  STATS: [0, 1, 3, 4]    28       Max overlap (4 speakers) 
2025-12-08 20:27:34 - root - INFO -  STATS: [0, 2, 3, 4]    29       Max overlap (4 speakers) 
2025-12-08 20:27:34 - root - INFO -  STATS: [1, 2, 3, 4]    30       Max overlap (4 speakers) 
2025-12-08 20:27:34 - root - INFO - 
 STATS: Edge Cases:
2025-12-08 20:27:34 - root - INFO -  STATS:   - Empty list [] encodes to 0 (no speakers active)
2025-12-08 20:27:34 - root - INFO -  STATS:   - Single speaker [0] encodes to 1
2025-12-08 20:27:34 - root - INFO -  STATS:   - Max overlap combination encodes to 30
2025-12-08 20:27:34 - root - INFO - 
 STATS: Overlap Limitations:
2025-12-08 20:27:34 - root - INFO -  STATS:   - Maximum 4 speakers can be active simultaneously
2025-12-08 20:27:34 - root - INFO -  STATS:   - Total combinations: 31
2025-12-08 20:27:34 - root - INFO - 
 STATS: Formula Breakdown C(K,N) = Σ(k=0 to 4) C(5,k):
2025-12-08 20:27:34 - root - INFO -  STATS:   - C(5,0) = 1 combinations with 0 speakers
2025-12-08 20:27:34 - root - INFO -  STATS:   - C(5,1) = 5 combinations with 1 speakers
2025-12-08 20:27:34 - root - INFO -  STATS:   - C(5,2) = 10 combinations with 2 speakers
2025-12-08 20:27:34 - root - INFO -  STATS:   - C(5,3) = 10 combinations with 3 speakers
2025-12-08 20:27:34 - root - INFO -  STATS:   - C(5,4) = 5 combinations with 4 speakers
2025-12-08 20:27:34 - root - INFO -  STATS:   - Total: 31 classes
2025-12-08 20:27:34 - root - INFO - 
 STATS: Encoding/Decoding Formulas:
2025-12-08 20:27:34 - root - INFO -  STATS: 
2025-12-08 20:27:34 - root - INFO -  STATS: ENCODING: S → class_id
2025-12-08 20:27:34 - root - INFO -  STATS:   1. Sort speaker IDs: S' = sorted(S)
2025-12-08 20:27:34 - root - INFO -  STATS:   2. Find lexicographic index of S'
2025-12-08 20:27:34 - root - INFO -  STATS: 
2025-12-08 20:27:34 - root - INFO -  STATS: DECODING: class_id → S
2025-12-08 20:27:34 - root - INFO -  STATS:   1. Find k: Σ(j=0 to k-1) C(5,j) ≤ class_id < Σ(j=0 to k) C(5,j)
2025-12-08 20:27:34 - root - INFO -  STATS:   2. Reconstruct combination from remaining index
2025-12-08 20:27:34 - root - INFO -  STATS: 
2025-12-08 20:27:34 - root - INFO -  STATS: EXAMPLES WITH CALCULATIONS:
2025-12-08 20:27:34 - root - INFO -  STATS: 
2025-12-08 20:27:34 - root - INFO -  STATS: Example: [] (Empty set)
2025-12-08 20:27:34 - root - INFO -  STATS:   Encoded: 0
2025-12-08 20:27:34 - root - INFO -  STATS:   Decoded: []
2025-12-08 20:27:34 - root - INFO -  STATS:   Calculation:
2025-12-08 20:27:34 - root - INFO -  STATS:     Empty set → index 0
2025-12-08 20:27:34 - root - INFO -  STATS: 
2025-12-08 20:27:34 - root - INFO -  STATS: Example: [0] (Single speaker)
2025-12-08 20:27:34 - root - INFO -  STATS:   Encoded: 1
2025-12-08 20:27:34 - root - INFO -  STATS:   Decoded: [0]
2025-12-08 20:27:34 - root - INFO -  STATS:   Calculation:
2025-12-08 20:27:34 - root - INFO -  STATS:     Speaker 0: offset 1 + speaker_id 0 = 1
2025-12-08 20:27:34 - root - INFO -  STATS: 
2025-12-08 20:27:34 - root - INFO -  STATS: Example: [0, 1] (Two speakers)
2025-12-08 20:27:34 - root - INFO -  STATS:   Encoded: 6
2025-12-08 20:27:34 - root - INFO -  STATS:   Decoded: [0, 1]
2025-12-08 20:27:34 - root - INFO -  STATS:   Calculation:
2025-12-08 20:27:34 - root - INFO -  STATS:     Speakers [0,1]: offset 6 + combo_index 0 = 6
2025-12-08 20:27:34 - root - INFO -  STATS: 
2025-12-08 20:27:34 - root - INFO -  STATS: Example: [0, 1, 2] (Three speakers)
2025-12-08 20:27:34 - root - INFO -  STATS:   Encoded: 16
2025-12-08 20:27:34 - root - INFO -  STATS:   Decoded: [0, 1, 2]
2025-12-08 20:27:34 - root - INFO -  STATS:   Calculation:
2025-12-08 20:27:34 - root - INFO -  STATS:     Speakers [0,1,2]: offset 16 + combo_index 0 = 16
2025-12-08 20:27:34 - root - INFO -  STATS: COMPLETED FUNCTION: print_power_set_encoder_examples
2025-12-08 20:27:34 - root - INFO - MAIN: Auto-calculated max_sequence_length=32723 based on:
2025-12-08 20:27:34 - root - INFO - MAIN:   - Estimated train samples: 5000
2025-12-08 20:27:34 - root - INFO - MAIN:   - Max memory: 64.0 GB
2025-12-08 20:27:34 - root - INFO - MAIN:   - Usable memory (80%): 51.2 GB
2025-12-08 20:27:34 - root - INFO - MAIN:   - Estimated memory usage: 51.20 GB
2025-12-08 20:27:34 - root - INFO - STATS: STARTING FUNCTION: prepare_data_loaders(grouped_train_len=4, grouped_validation_len=4, grouped_test_len=2, batch_size=4, N=5)
2025-12-08 20:27:34 - data_processing - INFO - Creating datasets with chunk_size=500 for memory optimization...
2025-12-08 20:27:34 - data_processing - INFO - Using max_sequence_length=32723 to limit memory usage
2025-12-08 20:27:34 - root - INFO - STATS: STARTING FUNCTION: create_dataset_from_grouped(grouped_data_len=4, N=5)
2025-12-08 20:27:34 - data_processing - INFO - ================================================================================
2025-12-08 20:27:34 - data_processing - INFO - OVERLAPPING SPEECH PROCESSING: ENABLED
2025-12-08 20:27:34 - data_processing - INFO - ================================================================================
2025-12-08 20:27:34 - data_processing - INFO - Processing overlapping speech segments for each meeting...
2025-12-08 20:27:34 - data_processing - INFO - Meeting EN2001a: 5 speakers mapped to slots [0, 1, 2, 3, 4]
2025-12-08 20:27:34 - data_processing - INFO -   [OVERLAP PROCESSING] Meeting EN2001a: Adding 1675 original segments...
2025-12-08 20:27:34 - data_processing - INFO -   [OVERLAP PROCESSING] Meeting EN2001a: Detecting overlapping segments...
2025-12-08 20:27:34 - data_processing - INFO -   [OVERLAP PROCESSING] Examples of overlapping segments for meeting EN2001a:
2025-12-08 20:27:34 - data_processing - INFO -     Example 1: Speakers ['MEE068', 'MEO069'] -> Slots [2, 1], Time: 5.60s-5.94s (0.34s)
2025-12-08 20:27:34 - data_processing - INFO -     Example 2: Speakers ['MEO069', 'MEE067'] -> Slots [1, 4], Time: 17.07s-18.05s (0.98s)
2025-12-08 20:27:34 - data_processing - INFO -     Example 3: Speakers ['MEE067', 'MEE068'] -> Slots [4, 2], Time: 18.95s-19.26s (0.31s)
2025-12-08 20:27:34 - data_processing - INFO -   [OVERLAP PROCESSING] Meeting EN2001a statistics:
2025-12-08 20:27:34 - data_processing - INFO -     - Original segments: 1675
2025-12-08 20:27:34 - data_processing - INFO -     - Overlapping segments created: 694
2025-12-08 20:27:34 - data_processing - INFO -     - Overlap ratio: 41.43%
2025-12-08 20:27:34 - data_processing - INFO -     ✓ CONFIRMED: Found and processed 694 overlapping segments for meeting EN2001a
2025-12-08 20:27:34 - data_processing - INFO - Meeting EN2001b: 4 speakers mapped to slots [0, 1, 2, 3]
2025-12-08 20:27:34 - data_processing - INFO -   [OVERLAP PROCESSING] Meeting EN2001b: Adding 986 original segments...
2025-12-08 20:27:34 - data_processing - INFO -   [OVERLAP PROCESSING] Meeting EN2001b: Detecting overlapping segments...
2025-12-08 20:27:34 - data_processing - INFO -   [OVERLAP PROCESSING] Examples of overlapping segments for meeting EN2001b:
2025-12-08 20:27:34 - data_processing - INFO -     Example 1: Speakers ['FEO066', 'MEO069'] -> Slots [2, 3], Time: 32.19s-32.86s (0.67s)
2025-12-08 20:27:34 - data_processing - INFO -     Example 2: Speakers ['MEO069', 'FEO065'] -> Slots [3, 0], Time: 81.54s-82.44s (0.90s)
2025-12-08 20:27:34 - data_processing - INFO -     Example 3: Speakers ['FEO065', 'MEO069'] -> Slots [0, 3], Time: 84.49s-86.03s (1.54s)
2025-12-08 20:27:34 - data_processing - INFO -   [OVERLAP PROCESSING] Meeting EN2001b statistics:
2025-12-08 20:27:34 - data_processing - INFO -     - Original segments: 986
2025-12-08 20:27:34 - data_processing - INFO -     - Overlapping segments created: 386
2025-12-08 20:27:34 - data_processing - INFO -     - Overlap ratio: 39.15%
2025-12-08 20:27:34 - data_processing - INFO -     ✓ CONFIRMED: Found and processed 386 overlapping segments for meeting EN2001b
2025-12-08 20:27:34 - data_processing - INFO - Meeting EN2001d: 5 speakers mapped to slots [0, 1, 2, 3, 4]
2025-12-08 20:27:34 - data_processing - INFO -   [OVERLAP PROCESSING] Meeting EN2001d: Adding 1111 original segments...
2025-12-08 20:27:34 - data_processing - INFO -   [OVERLAP PROCESSING] Meeting EN2001d: Detecting overlapping segments...
2025-12-08 20:27:34 - data_processing - INFO -   [OVERLAP PROCESSING] Examples of overlapping segments for meeting EN2001d:
2025-12-08 20:27:34 - data_processing - INFO -     Example 1: Speakers ['MEO069', 'MEE068'] -> Slots [1, 2], Time: 48.99s-49.17s (0.18s)
2025-12-08 20:27:34 - data_processing - INFO -     Example 2: Speakers ['MEE067', 'MEO069'] -> Slots [4, 1], Time: 62.78s-63.21s (0.43s)
2025-12-08 20:27:34 - data_processing - INFO -     Example 3: Speakers ['MEO069', 'MEE067'] -> Slots [1, 4], Time: 89.78s-89.98s (0.20s)
2025-12-08 20:27:34 - data_processing - INFO -   [OVERLAP PROCESSING] Meeting EN2001d statistics:
2025-12-08 20:27:34 - data_processing - INFO -     - Original segments: 1111
2025-12-08 20:27:34 - data_processing - INFO -     - Overlapping segments created: 504
2025-12-08 20:27:34 - data_processing - INFO -     - Overlap ratio: 45.36%
2025-12-08 20:27:34 - data_processing - INFO -     ✓ CONFIRMED: Found and processed 504 overlapping segments for meeting EN2001d
2025-12-08 20:27:34 - data_processing - INFO - Meeting EN2001e: 5 speakers mapped to slots [0, 1, 2, 3, 4]
2025-12-08 20:27:34 - data_processing - INFO -   [OVERLAP PROCESSING] Meeting EN2001e: Adding 1228 original segments...
2025-12-08 20:27:34 - data_processing - INFO -   [OVERLAP PROCESSING] Meeting EN2001e: Detecting overlapping segments...
2025-12-08 20:27:35 - data_processing - INFO -   [OVERLAP PROCESSING] Examples of overlapping segments for meeting EN2001e:
2025-12-08 20:27:35 - data_processing - INFO -     Example 1: Speakers ['MEO069', 'FEO066'] -> Slots [1, 3], Time: 33.79s-33.89s (0.10s)
2025-12-08 20:27:35 - data_processing - INFO -     Example 2: Speakers ['FEO066', 'MEO069'] -> Slots [3, 1], Time: 33.89s-34.76s (0.87s)
2025-12-08 20:27:35 - data_processing - INFO -     Example 3: Speakers ['MEE067', 'FEO066'] -> Slots [4, 3], Time: 162.44s-162.83s (0.39s)
2025-12-08 20:27:35 - data_processing - INFO -   [OVERLAP PROCESSING] Meeting EN2001e statistics:
2025-12-08 20:27:35 - data_processing - INFO -     - Original segments: 1228
2025-12-08 20:27:35 - data_processing - INFO -     - Overlapping segments created: 562
2025-12-08 20:27:35 - data_processing - INFO -     - Overlap ratio: 45.77%
2025-12-08 20:27:35 - data_processing - INFO -     ✓ CONFIRMED: Found and processed 562 overlapping segments for meeting EN2001e
2025-12-08 20:27:35 - data_processing - INFO - ================================================================================
2025-12-08 20:27:35 - data_processing - INFO - OVERLAPPING SPEECH PROCESSING: COMPLETE
2025-12-08 20:27:35 - data_processing - INFO - ================================================================================
2025-12-08 20:27:35 - data_processing - INFO - Total meetings processed: 4
2025-12-08 20:27:35 - data_processing - INFO - Total original segments: 5000
2025-12-08 20:27:35 - data_processing - INFO - Total overlapping segments created: 2146
2025-12-08 20:27:35 - data_processing - INFO - Total segments (original + overlaps): 7146
2025-12-08 20:27:35 - data_processing - INFO - Overall overlap ratio: 42.92%
2025-12-08 20:27:35 - data_processing - INFO - 
2025-12-08 20:27:35 - data_processing - INFO - ✓✓✓ CONFIRMATION: OVERLAPPING SPEECH SUCCESSFULLY PROCESSED ✓✓✓
2025-12-08 20:27:35 - data_processing - INFO -    - 2146 overlapping segments were detected and added to the dataset
2025-12-08 20:27:35 - data_processing - INFO -    - These segments will be used for training with multi-speaker labels
2025-12-08 20:27:35 - data_processing - INFO - 
2025-12-08 20:27:35 - data_processing - INFO - ================================================================================
2025-12-08 20:27:35 - data_processing - INFO - Total samples to process (including overlaps): 7146
2025-12-08 20:27:35 - data_processing - INFO - First pass: Extracting features in chunks to determine dimensions (checking ALL samples)...
2025-12-08 20:27:35 - root - INFO -     $binop_add32.6 = $8binary_subscr.2 + $22binary_subscr.5 ['$22binary_subscr.5', '$8binary_subscr.2', '$binop_add32.6']
2025-12-08 20:27:35 - root - INFO -     $binop_mul52.11 = $const36.7.3 * $42binary_subscr.10 ['$42binary_subscr.10', '$binop_mul52.11', '$const36.7.3']
2025-12-08 20:27:35 - root - INFO -     a = $binop_add32.6 - $binop_mul52.11     ['$binop_add32.6', '$binop_mul52.11', 'a']
2025-12-08 20:27:35 - root - INFO -     $binop_sub90.19 = $66binary_subscr.15 - $80binary_subscr.18 ['$66binary_subscr.15', '$80binary_subscr.18', '$binop_sub90.19']
2025-12-08 20:27:35 - root - INFO -     b = $binop_sub90.19 / $const94.20.3      ['$binop_sub90.19', '$const94.20.3', 'b']
2025-12-08 20:27:35 - root - INFO -     $102load_global.22 = global(np: <module 'numpy' from '/Users/khumachbayramova/anaconda3/lib/python3.11/site-packages/numpy/__init__.py'>) ['$102load_global.22']
2025-12-08 20:27:35 - root - INFO -     $114load_attr.24 = getattr(value=$102load_global.22, attr=abs) ['$102load_global.22', '$114load_attr.24']
2025-12-08 20:27:35 - root - INFO -     $140load_global.27 = global(np: <module 'numpy' from '/Users/khumachbayramova/anaconda3/lib/python3.11/site-packages/numpy/__init__.py'>) ['$140load_global.27']
2025-12-08 20:27:35 - root - INFO -     $152load_attr.29 = getattr(value=$140load_global.27, attr=abs) ['$140load_global.27', '$152load_attr.29']
2025-12-08 20:27:35 - root - INFO -     $178compare_op.32 = $130call.26 >= $168call.31 ['$130call.26', '$168call.31', '$178compare_op.32']
2025-12-08 20:27:35 - root - INFO -     bool184 = global(bool: <class 'bool'>)   ['bool184']
2025-12-08 20:27:35 - root - INFO -     $188return_value.1 = cast(value=$const186.0.4) ['$188return_value.1', '$const186.0.4']
2025-12-08 20:27:35 - root - INFO -     $binop_truediv196.3 = $192unary_negative.1 / a ['$192unary_negative.1', '$binop_truediv196.3', 'a']
2025-12-08 20:27:35 - root - INFO -     $200return_value.4 = cast(value=$binop_truediv196.3) ['$200return_value.4', '$binop_truediv196.3']
2025-12-08 20:27:39 - data_processing - INFO - Dimension discovery progress: 500/7146 samples checked, current max_len: 1496
2025-12-08 20:28:31 - data_processing - INFO - Dimension discovery progress: 5500/7146 samples checked, current max_len: 2412
2025-12-08 20:28:41 - data_processing - INFO - Final max sequence length: 2412 (original: 2412), Feature dimension: 80
2025-12-08 20:28:41 - data_processing - INFO - Estimated memory requirements:
2025-12-08 20:28:41 - data_processing - INFO -   Features array: 5.14 GB
2025-12-08 20:28:41 - data_processing - INFO -   Labels array: 0.13 GB
2025-12-08 20:28:41 - data_processing - INFO -   Meeting IDs array: 0.13 GB
2025-12-08 20:28:41 - data_processing - INFO -   Total: 5.39 GB
2025-12-08 20:28:41 - data_processing - INFO - Pre-allocating arrays for 7146 samples...
2025-12-08 20:28:41 - data_processing - INFO - Second pass: Extracting and padding features (chunk_size=500)...
2025-12-08 20:28:41 - data_processing - INFO - Processing both original and overlapping segments...
2025-12-08 20:28:42 - data_processing - INFO - Padding progress: 100/7146 (1.4%)
2025-12-08 20:28:43 - data_processing - INFO - Padding progress: 200/7146 (2.8%)
2025-12-08 20:28:43 - data_processing - INFO - Padding progress: 300/7146 (4.2%)
2025-12-08 20:28:44 - data_processing - INFO - Padding progress: 400/7146 (5.6%)
2025-12-08 20:28:46 - data_processing - INFO - Padding progress: 500/7146 (7.0%)
2025-12-08 20:28:47 - data_processing - INFO - Padding progress: 600/7146 (8.4%)
2025-12-08 20:28:48 - data_processing - INFO - Padding progress: 700/7146 (9.8%)
2025-12-08 20:28:48 - data_processing - INFO - Padding progress: 800/7146 (11.2%)
2025-12-08 20:28:49 - data_processing - INFO - Padding progress: 900/7146 (12.6%)
2025-12-08 20:28:50 - data_processing - INFO - Padding progress: 1000/7146 (14.0%)
2025-12-08 20:28:51 - data_processing - INFO - Padding progress: 1100/7146 (15.4%)
2025-12-08 20:28:52 - data_processing - INFO - Padding progress: 1200/7146 (16.8%)
2025-12-08 20:28:53 - data_processing - INFO - Padding progress: 1300/7146 (18.2%)
2025-12-08 20:28:53 - data_processing - INFO - Padding progress: 1400/7146 (19.6%)
2025-12-08 20:28:54 - data_processing - INFO - Padding progress: 1500/7146 (21.0%)
2025-12-08 20:28:55 - data_processing - INFO - Padding progress: 1600/7146 (22.4%)
2025-12-08 20:28:55 - data_processing - INFO -   [LABEL EXAMPLE] Overlap segment 1: Speakers ['MEE068', 'MEO069'] -> Slots [2, 1] -> Encoded label: 10 -> Decoded slots: [1, 2]
2025-12-08 20:28:55 - data_processing - INFO -   [LABEL EXAMPLE] Overlap segment 2: Speakers ['MEO069', 'MEE067'] -> Slots [1, 4] -> Encoded label: 12 -> Decoded slots: [1, 4]
2025-12-08 20:28:55 - data_processing - INFO -   [LABEL EXAMPLE] Overlap segment 3: Speakers ['MEE067', 'MEE068'] -> Slots [4, 2] -> Encoded label: 14 -> Decoded slots: [2, 4]
2025-12-08 20:28:55 - data_processing - INFO -   [LABEL EXAMPLE] Overlap segment 4: Speakers ['MEE067', 'MEO069'] -> Slots [4, 1] -> Encoded label: 12 -> Decoded slots: [1, 4]
2025-12-08 20:28:55 - data_processing - INFO -   [LABEL EXAMPLE] Overlap segment 5: Speakers ['MEE068', 'MEO069'] -> Slots [2, 1] -> Encoded label: 10 -> Decoded slots: [1, 2]
2025-12-08 20:28:55 - data_processing - INFO - Padding progress: 1700/7146 (23.8%)
2025-12-08 20:28:56 - data_processing - INFO - Padding progress: 1800/7146 (25.2%)
2025-12-08 20:28:56 - data_processing - INFO - Padding progress: 1900/7146 (26.6%)
2025-12-08 20:28:56 - data_processing - INFO - Padding progress: 2000/7146 (28.0%)
2025-12-08 20:28:57 - data_processing - INFO - Padding progress: 2100/7146 (29.4%)
2025-12-08 20:28:57 - data_processing - INFO - Padding progress: 2200/7146 (30.8%)
2025-12-08 20:28:57 - data_processing - INFO - Padding progress: 2300/7146 (32.2%)
2025-12-08 20:28:58 - data_processing - INFO - Padding progress: 2400/7146 (33.6%)
2025-12-08 20:28:59 - data_processing - INFO - Padding progress: 2500/7146 (35.0%)
2025-12-08 20:28:59 - data_processing - INFO - Padding progress: 2600/7146 (36.4%)
2025-12-08 20:29:00 - data_processing - INFO - Padding progress: 2700/7146 (37.8%)
2025-12-08 20:29:01 - data_processing - INFO - Padding progress: 2800/7146 (39.2%)
2025-12-08 20:29:02 - data_processing - INFO - Padding progress: 2900/7146 (40.6%)
2025-12-08 20:29:03 - data_processing - INFO - Padding progress: 3000/7146 (42.0%)
2025-12-08 20:29:04 - data_processing - INFO - Padding progress: 3100/7146 (43.4%)
2025-12-08 20:29:05 - data_processing - INFO - Padding progress: 3200/7146 (44.8%)
2025-12-08 20:29:05 - data_processing - INFO - Padding progress: 3300/7146 (46.2%)
2025-12-08 20:29:06 - data_processing - INFO - Padding progress: 3400/7146 (47.6%)
2025-12-08 20:29:06 - data_processing - INFO - Padding progress: 3500/7146 (49.0%)
2025-12-08 20:29:07 - data_processing - INFO - Padding progress: 3600/7146 (50.4%)
2025-12-08 20:29:07 - data_processing - INFO - Padding progress: 3700/7146 (51.8%)
2025-12-08 20:29:08 - data_processing - INFO - Padding progress: 3800/7146 (53.2%)
2025-12-08 20:29:08 - data_processing - INFO - Padding progress: 3900/7146 (54.6%)
2025-12-08 20:29:09 - data_processing - INFO - Padding progress: 4000/7146 (56.0%)
2025-12-08 20:29:10 - data_processing - INFO - Padding progress: 4100/7146 (57.4%)
2025-12-08 20:29:10 - data_processing - INFO - Padding progress: 4200/7146 (58.8%)
2025-12-08 20:29:11 - data_processing - INFO - Padding progress: 4300/7146 (60.2%)
2025-12-08 20:29:12 - data_processing - INFO - Padding progress: 4400/7146 (61.6%)
2025-12-08 20:29:13 - data_processing - INFO - Padding progress: 4500/7146 (63.0%)
2025-12-08 20:29:13 - data_processing - INFO - Padding progress: 4600/7146 (64.4%)
2025-12-08 20:29:14 - data_processing - INFO - Padding progress: 4700/7146 (65.8%)
2025-12-08 20:29:16 - data_processing - INFO - Padding progress: 4800/7146 (67.2%)
2025-12-08 20:29:16 - data_processing - INFO - Padding progress: 4900/7146 (68.6%)
2025-12-08 20:29:17 - data_processing - INFO - Padding progress: 5000/7146 (70.0%)
2025-12-08 20:29:17 - data_processing - INFO - Padding progress: 5100/7146 (71.4%)
2025-12-08 20:29:18 - data_processing - INFO - Padding progress: 5200/7146 (72.8%)
2025-12-08 20:29:18 - data_processing - INFO - Padding progress: 5300/7146 (74.2%)
2025-12-08 20:29:19 - data_processing - INFO - Padding progress: 5400/7146 (75.6%)
2025-12-08 20:29:19 - data_processing - INFO - Padding progress: 5500/7146 (77.0%)
2025-12-08 20:29:20 - data_processing - INFO - Padding progress: 5600/7146 (78.4%)
2025-12-08 20:29:21 - data_processing - INFO - Padding progress: 5700/7146 (79.8%)
2025-12-08 20:29:22 - data_processing - INFO - Padding progress: 5800/7146 (81.2%)
2025-12-08 20:29:23 - data_processing - INFO - Padding progress: 5900/7146 (82.6%)
2025-12-08 20:29:24 - data_processing - INFO - Padding progress: 6000/7146 (84.0%)
2025-12-08 20:29:25 - data_processing - INFO - Padding progress: 6100/7146 (85.4%)
2025-12-08 20:29:26 - data_processing - INFO - Padding progress: 6200/7146 (86.8%)
2025-12-08 20:29:27 - data_processing - INFO - Padding progress: 6300/7146 (88.2%)
2025-12-08 20:29:28 - data_processing - INFO - Padding progress: 6400/7146 (89.6%)
2025-12-08 20:29:28 - data_processing - INFO - Padding progress: 6500/7146 (91.0%)
2025-12-08 20:29:29 - data_processing - INFO - Padding progress: 6600/7146 (92.4%)
2025-12-08 20:29:30 - data_processing - INFO - Padding progress: 6700/7146 (93.8%)
2025-12-08 20:29:30 - data_processing - INFO - Padding progress: 6800/7146 (95.2%)
2025-12-08 20:29:30 - data_processing - INFO - Padding progress: 6900/7146 (96.6%)
2025-12-08 20:29:31 - data_processing - INFO - Padding progress: 7000/7146 (98.0%)
2025-12-08 20:29:31 - data_processing - INFO - Padding progress: 7100/7146 (99.4%)
2025-12-08 20:29:31 - data_processing - INFO - Padding progress: 7146/7146 (100.0%)
2025-12-08 20:29:31 - data_processing - INFO - ================================================================================
2025-12-08 20:29:31 - data_processing - INFO - FEATURE EXTRACTION: COMPLETE
2025-12-08 20:29:31 - data_processing - INFO - ================================================================================
2025-12-08 20:29:31 - data_processing - INFO - Non-overlapping segments processed: 5000
2025-12-08 20:29:31 - data_processing - INFO - Overlapping segments processed: 2146
2025-12-08 20:29:31 - data_processing - INFO - Total segments processed: 7146
2025-12-08 20:29:31 - data_processing - INFO - Overlap percentage in final dataset: 30.03%
2025-12-08 20:29:31 - data_processing - INFO - 
2025-12-08 20:29:31 - data_processing - INFO - ✓✓✓ FINAL CONFIRMATION: OVERLAPPING SPEECH IN FINAL DATASET ✓✓✓
2025-12-08 20:29:31 - data_processing - INFO -    - 2146 overlapping segments with multi-speaker labels are in the dataset
2025-12-08 20:29:31 - data_processing - INFO -    - These segments use Power Set Encoding for multiple active speakers
2025-12-08 20:29:31 - data_processing - INFO -    - The model will be trained on both single-speaker and multi-speaker segments
2025-12-08 20:29:31 - data_processing - INFO -    - Unique overlap labels: 10
2025-12-08 20:29:31 - data_processing - INFO -    - Label distribution (first 10):
2025-12-08 20:29:31 - data_processing - INFO -      * Label 6: Slots [0, 1] (Speakers ['FEO065', 'MEO069']) -> Decoded: [0, 1], Count: 147
2025-12-08 20:29:31 - data_processing - INFO -      * Label 7: Slots [0, 2] (Speakers ['FEO065', 'MEE068']) -> Decoded: [0, 2], Count: 94
2025-12-08 20:29:31 - data_processing - INFO -      * Label 8: Slots [3, 0] (Speakers ['FEO066', 'FEO065']) -> Decoded: [0, 3], Count: 180
2025-12-08 20:29:31 - data_processing - INFO -      * Label 9: Slots [4, 0] (Speakers ['MEE067', 'FEO065']) -> Decoded: [0, 4], Count: 56
2025-12-08 20:29:31 - data_processing - INFO -      * Label 10: Slots [2, 1] (Speakers ['MEE068', 'MEO069']) -> Decoded: [1, 2], Count: 209
2025-12-08 20:29:31 - data_processing - INFO -      * Label 11: Slots [1, 3] (Speakers ['MEO069', 'FEO066']) -> Decoded: [1, 3], Count: 327
2025-12-08 20:29:31 - data_processing - INFO -      * Label 12: Slots [1, 4] (Speakers ['MEO069', 'MEE067']) -> Decoded: [1, 4], Count: 704
2025-12-08 20:29:31 - data_processing - INFO -      * Label 13: Slots [2, 3] (Speakers ['MEE068', 'FEO066']) -> Decoded: [2, 3], Count: 187
2025-12-08 20:29:31 - data_processing - INFO -      * Label 14: Slots [4, 2] (Speakers ['MEE067', 'MEE068']) -> Decoded: [2, 4], Count: 133
2025-12-08 20:29:31 - data_processing - INFO -      * Label 15: Slots [3, 4] (Speakers ['FEO066', 'MEE067']) -> Decoded: [3, 4], Count: 109
2025-12-08 20:29:31 - data_processing - INFO - 
2025-12-08 20:29:31 - data_processing - INFO - ================================================================================
2025-12-08 20:29:31 - data_processing - INFO - Padding complete.
2025-12-08 20:29:31 - data_processing - INFO - Features array created: shape (7146, 2412, 80), size 5.14 GB
2025-12-08 20:29:31 - data_processing - INFO - Labels array created: shape (7146, 2412)
2025-12-08 20:29:31 - data_processing - INFO - Meeting IDs array created: shape (7146, 2412)
2025-12-08 20:29:31 - data_processing - INFO - Speaker IDs list length: 7146
2025-12-08 20:29:31 - root - INFO - STATS: ========================================== DATASET STATISTICS ==========================================
2025-12-08 20:29:31 - root - INFO - STATS: STARTING FUNCTION: print_dataset_statistics
2025-12-08 20:29:31 - root - INFO - STATS: Dataset size (number of samples): 7146
2025-12-08 20:29:31 - root - INFO - STATS: Feature shape (samples, frames, mel-bands): (7146, 2412, 80)
2025-12-08 20:29:31 - root - INFO - STATS: Label shape: (7146, 2412)
2025-12-08 20:29:31 - root - INFO - STATS: Meeting IDs shape: (7146, 2412)
2025-12-08 20:29:31 - root - INFO - STATS: Frame size (frames per sample): min=13, max=2412, mean=232.2
2025-12-08 20:29:31 - root - INFO - STATS: Audio segment length distribution: min=13, max=2412, mean=232.2, median=130.0
2025-12-08 20:29:31 - root - INFO - STATS: Feature dtype: float32, Label dtype: int64
2025-12-08 20:29:31 - root - INFO - STATS: Example feature[0] shape: (2412, 80), min=-85.84, max=0.00
2025-12-08 20:29:31 - root - INFO - STATS: Example label[0] shape: (2412,), values: [-100    2]
2025-12-08 20:29:32 - root - INFO - STATS: COMPLETED FUNCTION: print_dataset_statistics
2025-12-08 20:29:32 - root - INFO - STATS: COMPLETED FUNCTION: create_dataset_from_grouped - Created dataset with 7146 samples, 2412 max frames, 80 mel-bands
2025-12-08 20:29:32 - root - INFO - STATS: STARTING FUNCTION: create_dataset_from_grouped(grouped_data_len=4, N=5)
2025-12-08 20:29:32 - data_processing - INFO - ================================================================================
2025-12-08 20:29:32 - data_processing - INFO - OVERLAPPING SPEECH PROCESSING: ENABLED
2025-12-08 20:29:32 - data_processing - INFO - ================================================================================
2025-12-08 20:29:32 - data_processing - INFO - Processing overlapping speech segments for each meeting...
2025-12-08 20:29:32 - data_processing - INFO - Meeting ES2011a: 4 speakers mapped to slots [0, 1, 2, 3]
2025-12-08 20:29:32 - data_processing - INFO -   [OVERLAP PROCESSING] Meeting ES2011a: Adding 364 original segments...
2025-12-08 20:29:32 - data_processing - INFO -   [OVERLAP PROCESSING] Meeting ES2011a: Detecting overlapping segments...
2025-12-08 20:29:32 - data_processing - INFO -   [OVERLAP PROCESSING] Examples of overlapping segments for meeting ES2011a:
2025-12-08 20:29:32 - data_processing - INFO -     Example 1: Speakers ['FEE044', 'FEE041'] -> Slots [1, 0], Time: 77.04s-77.78s (0.74s)
2025-12-08 20:29:32 - data_processing - INFO -     Example 2: Speakers ['FEE041', 'FEE044'] -> Slots [0, 1], Time: 78.93s-78.98s (0.05s)
2025-12-08 20:29:32 - data_processing - INFO -     Example 3: Speakers ['FEE044', 'FEE041'] -> Slots [1, 0], Time: 78.98s-80.51s (1.53s)
2025-12-08 20:29:32 - data_processing - INFO -   [OVERLAP PROCESSING] Meeting ES2011a statistics:
2025-12-08 20:29:32 - data_processing - INFO -     - Original segments: 364
2025-12-08 20:29:32 - data_processing - INFO -     - Overlapping segments created: 192
2025-12-08 20:29:32 - data_processing - INFO -     - Overlap ratio: 52.75%
2025-12-08 20:29:32 - data_processing - INFO -     ✓ CONFIRMED: Found and processed 192 overlapping segments for meeting ES2011a
2025-12-08 20:29:32 - data_processing - INFO - Meeting ES2011c: 4 speakers mapped to slots [0, 1, 2, 3]
2025-12-08 20:29:32 - data_processing - INFO -   [OVERLAP PROCESSING] Meeting ES2011c: Adding 594 original segments...
2025-12-08 20:29:32 - data_processing - INFO -   [OVERLAP PROCESSING] Meeting ES2011c: Detecting overlapping segments...
2025-12-08 20:29:32 - data_processing - INFO -   [OVERLAP PROCESSING] Examples of overlapping segments for meeting ES2011c:
2025-12-08 20:29:32 - data_processing - INFO -     Example 1: Speakers ['FEE043', 'FEE044'] -> Slots [3, 1], Time: 86.03s-86.60s (0.57s)
2025-12-08 20:29:32 - data_processing - INFO -     Example 2: Speakers ['FEE041', 'FEE042'] -> Slots [0, 2], Time: 135.29s-135.60s (0.31s)
2025-12-08 20:29:32 - data_processing - INFO -     Example 3: Speakers ['FEE044', 'FEE043'] -> Slots [1, 3], Time: 136.86s-137.33s (0.47s)
2025-12-08 20:29:32 - data_processing - INFO -   [OVERLAP PROCESSING] Meeting ES2011c statistics:
2025-12-08 20:29:32 - data_processing - INFO -     - Original segments: 594
2025-12-08 20:29:32 - data_processing - INFO -     - Overlapping segments created: 393
2025-12-08 20:29:32 - data_processing - INFO -     - Overlap ratio: 66.16%
2025-12-08 20:29:32 - data_processing - INFO -     ✓ CONFIRMED: Found and processed 393 overlapping segments for meeting ES2011c
2025-12-08 20:29:32 - data_processing - INFO - Meeting IB4001: 4 speakers mapped to slots [0, 1, 2, 3]
2025-12-08 20:29:32 - data_processing - INFO -   [OVERLAP PROCESSING] Meeting IB4001: Adding 731 original segments...
2025-12-08 20:29:32 - data_processing - INFO -   [OVERLAP PROCESSING] Meeting IB4001: Detecting overlapping segments...
2025-12-08 20:29:32 - data_processing - INFO -   [OVERLAP PROCESSING] Examples of overlapping segments for meeting IB4001:
2025-12-08 20:29:32 - data_processing - INFO -     Example 1: Speakers ['FIE038', 'FIO093'] -> Slots [3, 1], Time: 140.05s-140.24s (0.19s)
2025-12-08 20:29:32 - data_processing - INFO -     Example 2: Speakers ['FIO093', 'MIO092'] -> Slots [1, 2], Time: 204.23s-204.53s (0.30s)
2025-12-08 20:29:32 - data_processing - INFO -     Example 3: Speakers ['FIE038', 'MIO092'] -> Slots [3, 2], Time: 227.61s-228.32s (0.71s)
2025-12-08 20:29:32 - data_processing - INFO -   [OVERLAP PROCESSING] Meeting IB4001 statistics:
2025-12-08 20:29:32 - data_processing - INFO -     - Original segments: 731
2025-12-08 20:29:32 - data_processing - INFO -     - Overlapping segments created: 435
2025-12-08 20:29:32 - data_processing - INFO -     - Overlap ratio: 59.51%
2025-12-08 20:29:32 - data_processing - INFO -     ✓ CONFIRMED: Found and processed 435 overlapping segments for meeting IB4001
2025-12-08 20:29:32 - data_processing - INFO - Meeting IB4003: 4 speakers mapped to slots [0, 1, 2, 3]
2025-12-08 20:29:32 - data_processing - INFO -   [OVERLAP PROCESSING] Meeting IB4003: Adding 454 original segments...
2025-12-08 20:29:32 - data_processing - INFO -   [OVERLAP PROCESSING] Meeting IB4003: Detecting overlapping segments...
2025-12-08 20:29:32 - data_processing - INFO -   [OVERLAP PROCESSING] Examples of overlapping segments for meeting IB4003:
2025-12-08 20:29:32 - data_processing - INFO -     Example 1: Speakers ['MIO036', 'MIO039'] -> Slots [2, 0], Time: 172.96s-173.59s (0.63s)
2025-12-08 20:29:32 - data_processing - INFO -     Example 2: Speakers ['MIO039', 'MIO036'] -> Slots [0, 2], Time: 187.49s-188.45s (0.96s)
2025-12-08 20:29:32 - data_processing - INFO -     Example 3: Speakers ['MIO036', 'MIO039'] -> Slots [2, 0], Time: 194.84s-195.09s (0.25s)
2025-12-08 20:29:32 - data_processing - INFO -   [OVERLAP PROCESSING] Meeting IB4003 statistics:
2025-12-08 20:29:32 - data_processing - INFO -     - Original segments: 454
2025-12-08 20:29:32 - data_processing - INFO -     - Overlapping segments created: 186
2025-12-08 20:29:32 - data_processing - INFO -     - Overlap ratio: 40.97%
2025-12-08 20:29:32 - data_processing - INFO -     ✓ CONFIRMED: Found and processed 186 overlapping segments for meeting IB4003
2025-12-08 20:29:32 - data_processing - INFO - ================================================================================
2025-12-08 20:29:32 - data_processing - INFO - OVERLAPPING SPEECH PROCESSING: COMPLETE
2025-12-08 20:29:32 - data_processing - INFO - ================================================================================
2025-12-08 20:29:32 - data_processing - INFO - Total meetings processed: 4
2025-12-08 20:29:32 - data_processing - INFO - Total original segments: 2143
2025-12-08 20:29:32 - data_processing - INFO - Total overlapping segments created: 1206
2025-12-08 20:29:32 - data_processing - INFO - Total segments (original + overlaps): 3349
2025-12-08 20:29:32 - data_processing - INFO - Overall overlap ratio: 56.28%
2025-12-08 20:29:32 - data_processing - INFO - 
2025-12-08 20:29:32 - data_processing - INFO - ✓✓✓ CONFIRMATION: OVERLAPPING SPEECH SUCCESSFULLY PROCESSED ✓✓✓
2025-12-08 20:29:32 - data_processing - INFO -    - 1206 overlapping segments were detected and added to the dataset
2025-12-08 20:29:32 - data_processing - INFO -    - These segments will be used for training with multi-speaker labels
2025-12-08 20:29:32 - data_processing - INFO - 
2025-12-08 20:29:32 - data_processing - INFO - ================================================================================
2025-12-08 20:29:32 - data_processing - INFO - Total samples to process (including overlaps): 3349
2025-12-08 20:29:32 - data_processing - INFO - First pass: Extracting features in chunks to determine dimensions (checking ALL samples)...
2025-12-08 20:29:35 - data_processing - INFO - Dimension discovery progress: 500/3349 samples checked, current max_len: 2423
2025-12-08 20:29:51 - data_processing - INFO - Final max sequence length: 2423 (original: 2423), Feature dimension: 80
2025-12-08 20:29:51 - data_processing - INFO - Estimated memory requirements:
2025-12-08 20:29:51 - data_processing - INFO -   Features array: 2.42 GB
2025-12-08 20:29:51 - data_processing - INFO -   Labels array: 0.06 GB
2025-12-08 20:29:51 - data_processing - INFO -   Meeting IDs array: 0.06 GB
2025-12-08 20:29:51 - data_processing - INFO -   Total: 2.54 GB
2025-12-08 20:29:51 - data_processing - INFO - Pre-allocating arrays for 3349 samples...
2025-12-08 20:29:51 - data_processing - INFO - Second pass: Extracting and padding features (chunk_size=500)...
2025-12-08 20:29:51 - data_processing - INFO - Processing both original and overlapping segments...
2025-12-08 20:29:52 - data_processing - INFO - Padding progress: 100/3349 (3.0%)
2025-12-08 20:29:53 - data_processing - INFO - Padding progress: 200/3349 (6.0%)
2025-12-08 20:29:53 - data_processing - INFO - Padding progress: 300/3349 (9.0%)
2025-12-08 20:29:54 - data_processing - INFO -   [LABEL EXAMPLE] Overlap segment 1: Speakers ['FEE044', 'FEE041'] -> Slots [1, 0] -> Encoded label: 6 -> Decoded slots: [0, 1]
2025-12-08 20:29:54 - data_processing - INFO -   [LABEL EXAMPLE] Overlap segment 2: Speakers ['FEE041', 'FEE044'] -> Slots [0, 1] -> Encoded label: 6 -> Decoded slots: [0, 1]
2025-12-08 20:29:54 - data_processing - INFO -   [LABEL EXAMPLE] Overlap segment 3: Speakers ['FEE044', 'FEE041'] -> Slots [1, 0] -> Encoded label: 6 -> Decoded slots: [0, 1]
2025-12-08 20:29:54 - data_processing - INFO -   [LABEL EXAMPLE] Overlap segment 4: Speakers ['FEE041', 'FEE044'] -> Slots [0, 1] -> Encoded label: 6 -> Decoded slots: [0, 1]
2025-12-08 20:29:54 - data_processing - INFO -   [LABEL EXAMPLE] Overlap segment 5: Speakers ['FEE041', 'FEE043'] -> Slots [0, 3] -> Encoded label: 8 -> Decoded slots: [0, 3]
2025-12-08 20:29:54 - data_processing - INFO - Padding progress: 400/3349 (11.9%)
2025-12-08 20:29:54 - data_processing - INFO - Padding progress: 500/3349 (14.9%)
2025-12-08 20:29:55 - data_processing - INFO - Padding progress: 600/3349 (17.9%)
2025-12-08 20:29:56 - data_processing - INFO - Padding progress: 700/3349 (20.9%)
2025-12-08 20:29:56 - data_processing - INFO - Padding progress: 800/3349 (23.9%)
2025-12-08 20:29:57 - data_processing - INFO - Padding progress: 900/3349 (26.9%)
2025-12-08 20:29:58 - data_processing - INFO - Padding progress: 1000/3349 (29.9%)
2025-12-08 20:29:59 - data_processing - INFO - Padding progress: 1100/3349 (32.8%)
2025-12-08 20:29:59 - data_processing - INFO - Padding progress: 1200/3349 (35.8%)
2025-12-08 20:29:59 - data_processing - INFO - Padding progress: 1300/3349 (38.8%)
2025-12-08 20:30:00 - data_processing - INFO - Padding progress: 1400/3349 (41.8%)
2025-12-08 20:30:00 - data_processing - INFO - Padding progress: 1500/3349 (44.8%)
2025-12-08 20:30:01 - data_processing - INFO - Padding progress: 1600/3349 (47.8%)
2025-12-08 20:30:01 - data_processing - INFO - Padding progress: 1700/3349 (50.8%)
2025-12-08 20:30:02 - data_processing - INFO - Padding progress: 1800/3349 (53.7%)
2025-12-08 20:30:03 - data_processing - INFO - Padding progress: 1900/3349 (56.7%)
2025-12-08 20:30:03 - data_processing - INFO - Padding progress: 2000/3349 (59.7%)
2025-12-08 20:30:04 - data_processing - INFO - Padding progress: 2100/3349 (62.7%)
2025-12-08 20:30:04 - data_processing - INFO - Padding progress: 2200/3349 (65.7%)
2025-12-08 20:30:05 - data_processing - INFO - Padding progress: 2300/3349 (68.7%)
2025-12-08 20:30:05 - data_processing - INFO - Padding progress: 2400/3349 (71.7%)
2025-12-08 20:30:06 - data_processing - INFO - Padding progress: 2500/3349 (74.6%)
2025-12-08 20:30:06 - data_processing - INFO - Padding progress: 2600/3349 (77.6%)
2025-12-08 20:30:06 - data_processing - INFO - Padding progress: 2700/3349 (80.6%)
2025-12-08 20:30:07 - data_processing - INFO - Padding progress: 2800/3349 (83.6%)
2025-12-08 20:30:08 - data_processing - INFO - Padding progress: 2900/3349 (86.6%)
2025-12-08 20:30:09 - data_processing - INFO - Padding progress: 3000/3349 (89.6%)
2025-12-08 20:30:10 - data_processing - INFO - Padding progress: 3100/3349 (92.6%)
2025-12-08 20:30:11 - data_processing - INFO - Padding progress: 3200/3349 (95.6%)
2025-12-08 20:30:12 - data_processing - INFO - Padding progress: 3300/3349 (98.5%)
2025-12-08 20:30:12 - data_processing - INFO - Padding progress: 3349/3349 (100.0%)
2025-12-08 20:30:12 - data_processing - INFO - ================================================================================
2025-12-08 20:30:12 - data_processing - INFO - FEATURE EXTRACTION: COMPLETE
2025-12-08 20:30:12 - data_processing - INFO - ================================================================================
2025-12-08 20:30:12 - data_processing - INFO - Non-overlapping segments processed: 2143
2025-12-08 20:30:12 - data_processing - INFO - Overlapping segments processed: 1206
2025-12-08 20:30:12 - data_processing - INFO - Total segments processed: 3349
2025-12-08 20:30:12 - data_processing - INFO - Overlap percentage in final dataset: 36.01%
2025-12-08 20:30:12 - data_processing - INFO - 
2025-12-08 20:30:12 - data_processing - INFO - ✓✓✓ FINAL CONFIRMATION: OVERLAPPING SPEECH IN FINAL DATASET ✓✓✓
2025-12-08 20:30:12 - data_processing - INFO -    - 1206 overlapping segments with multi-speaker labels are in the dataset
2025-12-08 20:30:12 - data_processing - INFO -    - These segments use Power Set Encoding for multiple active speakers
2025-12-08 20:30:12 - data_processing - INFO -    - The model will be trained on both single-speaker and multi-speaker segments
2025-12-08 20:30:12 - data_processing - INFO -    - Unique overlap labels: 6
2025-12-08 20:30:12 - data_processing - INFO -    - Label distribution (first 10):
2025-12-08 20:30:12 - data_processing - INFO -      * Label 6: Slots [1, 0] (Speakers ['FEE044', 'FEE041']) -> Decoded: [0, 1], Count: 151
2025-12-08 20:30:12 - data_processing - INFO -      * Label 7: Slots [0, 2] (Speakers ['FEE041', 'FEE042']) -> Decoded: [0, 2], Count: 186
2025-12-08 20:30:12 - data_processing - INFO -      * Label 8: Slots [0, 3] (Speakers ['FEE041', 'FEE043']) -> Decoded: [0, 3], Count: 219
2025-12-08 20:30:12 - data_processing - INFO -      * Label 10: Slots [1, 2] (Speakers ['FEE044', 'FEE042']) -> Decoded: [1, 2], Count: 161
2025-12-08 20:30:12 - data_processing - INFO -      * Label 11: Slots [1, 3] (Speakers ['FEE044', 'FEE043']) -> Decoded: [1, 3], Count: 197
2025-12-08 20:30:12 - data_processing - INFO -      * Label 13: Slots [2, 3] (Speakers ['FEE042', 'FEE043']) -> Decoded: [2, 3], Count: 292
2025-12-08 20:30:12 - data_processing - INFO - 
2025-12-08 20:30:12 - data_processing - INFO - ================================================================================
2025-12-08 20:30:12 - data_processing - INFO - Padding complete.
2025-12-08 20:30:12 - data_processing - INFO - Features array created: shape (3349, 2423, 80), size 2.42 GB
2025-12-08 20:30:12 - data_processing - INFO - Labels array created: shape (3349, 2423)
2025-12-08 20:30:12 - data_processing - INFO - Meeting IDs array created: shape (3349, 2423)
2025-12-08 20:30:12 - data_processing - INFO - Speaker IDs list length: 3349
2025-12-08 20:30:12 - root - INFO - STATS: ========================================== DATASET STATISTICS ==========================================
2025-12-08 20:30:12 - root - INFO - STATS: STARTING FUNCTION: print_dataset_statistics
2025-12-08 20:30:12 - root - INFO - STATS: Dataset size (number of samples): 3349
2025-12-08 20:30:12 - root - INFO - STATS: Feature shape (samples, frames, mel-bands): (3349, 2423, 80)
2025-12-08 20:30:12 - root - INFO - STATS: Label shape: (3349, 2423)
2025-12-08 20:30:12 - root - INFO - STATS: Meeting IDs shape: (3349, 2423)
2025-12-08 20:30:12 - root - INFO - STATS: Frame size (frames per sample): min=13, max=2423, mean=187.1
2025-12-08 20:30:12 - root - INFO - STATS: Audio segment length distribution: min=13, max=2423, mean=187.1, median=102.0
2025-12-08 20:30:12 - root - INFO - STATS: Feature dtype: float32, Label dtype: int64
2025-12-08 20:30:12 - root - INFO - STATS: Example feature[0] shape: (2423, 80), min=-86.83, max=0.00
2025-12-08 20:30:12 - root - INFO - STATS: Example label[0] shape: (2423,), values: [-100    1]
2025-12-08 20:30:12 - root - INFO - STATS: COMPLETED FUNCTION: print_dataset_statistics
2025-12-08 20:30:12 - root - INFO - STATS: COMPLETED FUNCTION: create_dataset_from_grouped - Created dataset with 3349 samples, 2423 max frames, 80 mel-bands
2025-12-08 20:30:12 - root - INFO - STATS: STARTING FUNCTION: create_dataset_from_grouped(grouped_data_len=2, N=5)
2025-12-08 20:30:12 - data_processing - INFO - ================================================================================
2025-12-08 20:30:12 - data_processing - INFO - OVERLAPPING SPEECH PROCESSING: ENABLED
2025-12-08 20:30:12 - data_processing - INFO - ================================================================================
2025-12-08 20:30:12 - data_processing - INFO - Processing overlapping speech segments for each meeting...
2025-12-08 20:30:12 - data_processing - INFO - Meeting EN2002a: 4 speakers mapped to slots [0, 1, 2, 3]
2025-12-08 20:30:12 - data_processing - INFO -   [OVERLAP PROCESSING] Meeting EN2002a: Adding 1367 original segments...
2025-12-08 20:30:12 - data_processing - INFO -   [OVERLAP PROCESSING] Meeting EN2002a: Detecting overlapping segments...
2025-12-08 20:30:13 - data_processing - INFO -   [OVERLAP PROCESSING] Examples of overlapping segments for meeting EN2002a:
2025-12-08 20:30:13 - data_processing - INFO -     Example 1: Speakers ['MEE071', 'MEE073'] -> Slots [2, 3], Time: 0.96s-1.74s (0.78s)
2025-12-08 20:30:13 - data_processing - INFO -     Example 2: Speakers ['MEE073', 'FEO072'] -> Slots [3, 0], Time: 3.58s-5.38s (1.80s)
2025-12-08 20:30:13 - data_processing - INFO -     Example 3: Speakers ['MEE073', 'MEE071'] -> Slots [3, 2], Time: 3.61s-4.68s (1.07s)
2025-12-08 20:30:13 - data_processing - INFO -   [OVERLAP PROCESSING] Meeting EN2002a statistics:
2025-12-08 20:30:13 - data_processing - INFO -     - Original segments: 1367
2025-12-08 20:30:13 - data_processing - INFO -     - Overlapping segments created: 1236
2025-12-08 20:30:13 - data_processing - INFO -     - Overlap ratio: 90.42%
2025-12-08 20:30:13 - data_processing - INFO -     ✓ CONFIRMED: Found and processed 1236 overlapping segments for meeting EN2002a
2025-12-08 20:30:13 - data_processing - INFO - Meeting EN2002b: 4 speakers mapped to slots [0, 1, 2, 3]
2025-12-08 20:30:13 - data_processing - INFO -   [OVERLAP PROCESSING] Meeting EN2002b: Adding 776 original segments...
2025-12-08 20:30:13 - data_processing - INFO -   [OVERLAP PROCESSING] Meeting EN2002b: Detecting overlapping segments...
2025-12-08 20:30:13 - data_processing - INFO -   [OVERLAP PROCESSING] Examples of overlapping segments for meeting EN2002b:
2025-12-08 20:30:13 - data_processing - INFO -     Example 1: Speakers ['MEE073', 'FEO070'] -> Slots [3, 1], Time: 41.99s-42.40s (0.41s)
2025-12-08 20:30:13 - data_processing - INFO -     Example 2: Speakers ['MEE073', 'FEO070'] -> Slots [3, 1], Time: 58.73s-58.93s (0.20s)
2025-12-08 20:30:13 - data_processing - INFO -     Example 3: Speakers ['MEE073', 'FEO070'] -> Slots [3, 1], Time: 62.02s-62.31s (0.29s)
2025-12-08 20:30:13 - data_processing - INFO -   [OVERLAP PROCESSING] Meeting EN2002b statistics:
2025-12-08 20:30:13 - data_processing - INFO -     - Original segments: 776
2025-12-08 20:30:13 - data_processing - INFO -     - Overlapping segments created: 531
2025-12-08 20:30:13 - data_processing - INFO -     - Overlap ratio: 68.43%
2025-12-08 20:30:13 - data_processing - INFO -     ✓ CONFIRMED: Found and processed 531 overlapping segments for meeting EN2002b
2025-12-08 20:30:13 - data_processing - INFO - ================================================================================
2025-12-08 20:30:13 - data_processing - INFO - OVERLAPPING SPEECH PROCESSING: COMPLETE
2025-12-08 20:30:13 - data_processing - INFO - ================================================================================
2025-12-08 20:30:13 - data_processing - INFO - Total meetings processed: 2
2025-12-08 20:30:13 - data_processing - INFO - Total original segments: 2143
2025-12-08 20:30:13 - data_processing - INFO - Total overlapping segments created: 1767
2025-12-08 20:30:13 - data_processing - INFO - Total segments (original + overlaps): 3910
2025-12-08 20:30:13 - data_processing - INFO - Overall overlap ratio: 82.45%
2025-12-08 20:30:13 - data_processing - INFO - 
2025-12-08 20:30:13 - data_processing - INFO - ✓✓✓ CONFIRMATION: OVERLAPPING SPEECH SUCCESSFULLY PROCESSED ✓✓✓
2025-12-08 20:30:13 - data_processing - INFO -    - 1767 overlapping segments were detected and added to the dataset
2025-12-08 20:30:13 - data_processing - INFO -    - These segments will be used for training with multi-speaker labels
2025-12-08 20:30:13 - data_processing - INFO - 
2025-12-08 20:30:13 - data_processing - INFO - ================================================================================
2025-12-08 20:30:13 - data_processing - INFO - Total samples to process (including overlaps): 3910
2025-12-08 20:30:13 - data_processing - INFO - First pass: Extracting features in chunks to determine dimensions (checking ALL samples)...
2025-12-08 20:30:19 - data_processing - INFO - Dimension discovery progress: 500/3910 samples checked, current max_len: 1025
2025-12-08 20:30:41 - data_processing - INFO - Final max sequence length: 1864 (original: 1864), Feature dimension: 80
2025-12-08 20:30:41 - data_processing - INFO - Estimated memory requirements:
2025-12-08 20:30:41 - data_processing - INFO -   Features array: 2.17 GB
2025-12-08 20:30:41 - data_processing - INFO -   Labels array: 0.05 GB
2025-12-08 20:30:41 - data_processing - INFO -   Meeting IDs array: 0.05 GB
2025-12-08 20:30:41 - data_processing - INFO -   Total: 2.28 GB
2025-12-08 20:30:41 - data_processing - INFO - Pre-allocating arrays for 3910 samples...
2025-12-08 20:30:41 - data_processing - INFO - Second pass: Extracting and padding features (chunk_size=500)...
2025-12-08 20:30:41 - data_processing - INFO - Processing both original and overlapping segments...
2025-12-08 20:30:42 - data_processing - INFO - Padding progress: 100/3910 (2.6%)
2025-12-08 20:30:43 - data_processing - INFO - Padding progress: 200/3910 (5.1%)
2025-12-08 20:30:43 - data_processing - INFO - Padding progress: 300/3910 (7.7%)
2025-12-08 20:30:44 - data_processing - INFO - Padding progress: 400/3910 (10.2%)
2025-12-08 20:30:45 - data_processing - INFO - Padding progress: 500/3910 (12.8%)
2025-12-08 20:30:46 - data_processing - INFO - Padding progress: 600/3910 (15.3%)
2025-12-08 20:30:47 - data_processing - INFO - Padding progress: 700/3910 (17.9%)
2025-12-08 20:30:48 - data_processing - INFO - Padding progress: 800/3910 (20.5%)
2025-12-08 20:30:48 - data_processing - INFO - Padding progress: 900/3910 (23.0%)
2025-12-08 20:30:49 - data_processing - INFO - Padding progress: 1000/3910 (25.6%)
2025-12-08 20:30:49 - data_processing - INFO - Padding progress: 1100/3910 (28.1%)
2025-12-08 20:30:50 - data_processing - INFO - Padding progress: 1200/3910 (30.7%)
2025-12-08 20:30:50 - data_processing - INFO - Padding progress: 1300/3910 (33.2%)
2025-12-08 20:30:51 - data_processing - INFO -   [LABEL EXAMPLE] Overlap segment 1: Speakers ['MEE071', 'MEE073'] -> Slots [2, 3] -> Encoded label: 13 -> Decoded slots: [2, 3]
2025-12-08 20:30:51 - data_processing - INFO -   [LABEL EXAMPLE] Overlap segment 2: Speakers ['MEE073', 'FEO072'] -> Slots [3, 0] -> Encoded label: 8 -> Decoded slots: [0, 3]
2025-12-08 20:30:51 - data_processing - INFO -   [LABEL EXAMPLE] Overlap segment 3: Speakers ['MEE073', 'MEE071'] -> Slots [3, 2] -> Encoded label: 13 -> Decoded slots: [2, 3]
2025-12-08 20:30:51 - data_processing - INFO -   [LABEL EXAMPLE] Overlap segment 4: Speakers ['MEE073', 'MEE071'] -> Slots [3, 2] -> Encoded label: 13 -> Decoded slots: [2, 3]
2025-12-08 20:30:51 - data_processing - INFO -   [LABEL EXAMPLE] Overlap segment 5: Speakers ['MEE073', 'MEE071'] -> Slots [3, 2] -> Encoded label: 13 -> Decoded slots: [2, 3]
2025-12-08 20:30:51 - data_processing - INFO - Padding progress: 1400/3910 (35.8%)
2025-12-08 20:30:51 - data_processing - INFO - Padding progress: 1500/3910 (38.4%)
2025-12-08 20:30:51 - data_processing - INFO - Padding progress: 1600/3910 (40.9%)
2025-12-08 20:30:52 - data_processing - INFO - Padding progress: 1700/3910 (43.5%)
2025-12-08 20:30:53 - data_processing - INFO - Padding progress: 1800/3910 (46.0%)
2025-12-08 20:30:53 - data_processing - INFO - Padding progress: 1900/3910 (48.6%)
2025-12-08 20:30:53 - data_processing - INFO - Padding progress: 2000/3910 (51.2%)
2025-12-08 20:30:54 - data_processing - INFO - Padding progress: 2100/3910 (53.7%)
2025-12-08 20:30:54 - data_processing - INFO - Padding progress: 2200/3910 (56.3%)
2025-12-08 20:30:55 - data_processing - INFO - Padding progress: 2300/3910 (58.8%)
2025-12-08 20:30:55 - data_processing - INFO - Padding progress: 2400/3910 (61.4%)
2025-12-08 20:30:56 - data_processing - INFO - Padding progress: 2500/3910 (63.9%)
2025-12-08 20:30:56 - data_processing - INFO - Padding progress: 2600/3910 (66.5%)
2025-12-08 20:30:57 - data_processing - INFO - Padding progress: 2700/3910 (69.1%)
2025-12-08 20:30:58 - data_processing - INFO - Padding progress: 2800/3910 (71.6%)
2025-12-08 20:30:58 - data_processing - INFO - Padding progress: 2900/3910 (74.2%)
2025-12-08 20:30:59 - data_processing - INFO - Padding progress: 3000/3910 (76.7%)
2025-12-08 20:31:00 - data_processing - INFO - Padding progress: 3100/3910 (79.3%)
2025-12-08 20:31:00 - data_processing - INFO - Padding progress: 3200/3910 (81.8%)
2025-12-08 20:31:01 - data_processing - INFO - Padding progress: 3300/3910 (84.4%)
2025-12-08 20:31:02 - data_processing - INFO - Padding progress: 3400/3910 (87.0%)
2025-12-08 20:31:02 - data_processing - INFO - Padding progress: 3500/3910 (89.5%)
2025-12-08 20:31:04 - data_processing - INFO - Padding progress: 3600/3910 (92.1%)
2025-12-08 20:31:04 - data_processing - INFO - Padding progress: 3700/3910 (94.6%)
2025-12-08 20:31:05 - data_processing - INFO - Padding progress: 3800/3910 (97.2%)
2025-12-08 20:31:05 - data_processing - INFO - Padding progress: 3900/3910 (99.7%)
2025-12-08 20:31:05 - data_processing - INFO - Padding progress: 3910/3910 (100.0%)
2025-12-08 20:31:06 - data_processing - INFO - ================================================================================
2025-12-08 20:31:06 - data_processing - INFO - FEATURE EXTRACTION: COMPLETE
2025-12-08 20:31:06 - data_processing - INFO - ================================================================================
2025-12-08 20:31:06 - data_processing - INFO - Non-overlapping segments processed: 2143
2025-12-08 20:31:06 - data_processing - INFO - Overlapping segments processed: 1767
2025-12-08 20:31:06 - data_processing - INFO - Total segments processed: 3910
2025-12-08 20:31:06 - data_processing - INFO - Overlap percentage in final dataset: 45.19%
2025-12-08 20:31:06 - data_processing - INFO - 
2025-12-08 20:31:06 - data_processing - INFO - ✓✓✓ FINAL CONFIRMATION: OVERLAPPING SPEECH IN FINAL DATASET ✓✓✓
2025-12-08 20:31:06 - data_processing - INFO -    - 1767 overlapping segments with multi-speaker labels are in the dataset
2025-12-08 20:31:06 - data_processing - INFO -    - These segments use Power Set Encoding for multiple active speakers
2025-12-08 20:31:06 - data_processing - INFO -    - The model will be trained on both single-speaker and multi-speaker segments
2025-12-08 20:31:06 - data_processing - INFO -    - Unique overlap labels: 6
2025-12-08 20:31:06 - data_processing - INFO -    - Label distribution (first 10):
2025-12-08 20:31:06 - data_processing - INFO -      * Label 6: Slots [1, 0] (Speakers ['FEO070', 'FEO072']) -> Decoded: [0, 1], Count: 229
2025-12-08 20:31:06 - data_processing - INFO -      * Label 7: Slots [0, 2] (Speakers ['FEO072', 'MEE071']) -> Decoded: [0, 2], Count: 256
2025-12-08 20:31:06 - data_processing - INFO -      * Label 8: Slots [3, 0] (Speakers ['MEE073', 'FEO072']) -> Decoded: [0, 3], Count: 420
2025-12-08 20:31:06 - data_processing - INFO -      * Label 10: Slots [2, 1] (Speakers ['MEE071', 'FEO070']) -> Decoded: [1, 2], Count: 202
2025-12-08 20:31:06 - data_processing - INFO -      * Label 11: Slots [3, 1] (Speakers ['MEE073', 'FEO070']) -> Decoded: [1, 3], Count: 307
2025-12-08 20:31:06 - data_processing - INFO -      * Label 13: Slots [2, 3] (Speakers ['MEE071', 'MEE073']) -> Decoded: [2, 3], Count: 353
2025-12-08 20:31:06 - data_processing - INFO - 
2025-12-08 20:31:06 - data_processing - INFO - ================================================================================
2025-12-08 20:31:06 - data_processing - INFO - Padding complete.
2025-12-08 20:31:06 - data_processing - INFO - Features array created: shape (3910, 1864, 80), size 2.17 GB
2025-12-08 20:31:06 - data_processing - INFO - Labels array created: shape (3910, 1864)
2025-12-08 20:31:06 - data_processing - INFO - Meeting IDs array created: shape (3910, 1864)
2025-12-08 20:31:06 - data_processing - INFO - Speaker IDs list length: 3910
2025-12-08 20:31:06 - root - INFO - STATS: ========================================== DATASET STATISTICS ==========================================
2025-12-08 20:31:06 - root - INFO - STATS: STARTING FUNCTION: print_dataset_statistics
2025-12-08 20:31:06 - root - INFO - STATS: Dataset size (number of samples): 3910
2025-12-08 20:31:06 - root - INFO - STATS: Feature shape (samples, frames, mel-bands): (3910, 1864, 80)
2025-12-08 20:31:06 - root - INFO - STATS: Label shape: (3910, 1864)
2025-12-08 20:31:06 - root - INFO - STATS: Meeting IDs shape: (3910, 1864)
2025-12-08 20:31:06 - root - INFO - STATS: Frame size (frames per sample): min=13, max=1864, mean=144.8
2025-12-08 20:31:06 - root - INFO - STATS: Audio segment length distribution: min=13, max=1864, mean=144.8, median=84.0
2025-12-08 20:31:06 - root - INFO - STATS: Feature dtype: float32, Label dtype: int64
2025-12-08 20:31:06 - root - INFO - STATS: Example feature[0] shape: (1864, 80), min=-87.98, max=0.00
2025-12-08 20:31:06 - root - INFO - STATS: Example label[0] shape: (1864,), values: [-100    3]
2025-12-08 20:31:06 - root - INFO - STATS: COMPLETED FUNCTION: print_dataset_statistics
2025-12-08 20:31:06 - root - INFO - STATS: COMPLETED FUNCTION: create_dataset_from_grouped - Created dataset with 3910 samples, 1864 max frames, 80 mel-bands
2025-12-08 20:31:06 - root - INFO - [OverlappingSpeechDataset] Slot->Speaker mapping: {0: 'FEO065', 1: 'FEO066', 2: 'MEE067', 3: 'MEE068', 4: 'MEO069'}
2025-12-08 20:31:06 - root - INFO - [OverlappingSpeechDataset] Embeddings shape: torch.Size([5, 192])
2025-12-08 20:31:06 - root - INFO - [OverlappingSpeechDataset] Dataset size: 7146 samples
2025-12-08 20:31:06 - root - INFO - [OverlappingSpeechDataset] Slot->Speaker mapping: {0: 'FEE041', 1: 'FEE042', 2: 'FEE043', 3: 'FEE044', 4: 'FIE037'}
2025-12-08 20:31:06 - root - INFO - [OverlappingSpeechDataset] Embeddings shape: torch.Size([5, 192])
2025-12-08 20:31:06 - root - INFO - [OverlappingSpeechDataset] Dataset size: 3349 samples
2025-12-08 20:31:06 - root - INFO - [OverlappingSpeechDataset] Slot->Speaker mapping: {0: 'FEO070', 1: 'FEO072', 2: 'MEE071', 3: 'MEE073'}
2025-12-08 20:31:06 - root - INFO - [OverlappingSpeechDataset] Embeddings shape: torch.Size([4, 192])
2025-12-08 20:31:06 - root - INFO - [OverlappingSpeechDataset] Dataset size: 3910 samples
2025-12-08 20:31:06 - root - INFO - STATS: ========================================== DATA LOADERS CREATION ==========================================
2025-12-08 20:31:06 - root - INFO - STATS: STARTING FUNCTION: print_data_loaders_info
2025-12-08 20:31:06 - root - INFO - STATS: Created data loaders with batch size 4
2025-12-08 20:31:06 - root - INFO - STATS: Training set: 7146 samples | 1787 batches | 17236152 frames
2025-12-08 20:31:06 - root - INFO - STATS: Validation set: 3349 samples | 838 batches | 8114627 frames
2025-12-08 20:31:06 - root - INFO - STATS: Test set: 3910 samples | 978 batches | 7288240 frames
2025-12-08 20:31:06 - root - INFO - STATS: === EXAMPLE TRAIN SAMPLE ===
2025-12-08 20:31:06 - root - INFO - STATS: Feature shape: torch.Size([2412, 80]), dtype: torch.float32
2025-12-08 20:31:06 - root - INFO - STATS: Feature (first frame): tensor([-49.3524, -42.3996, -39.0898, -38.2995, -39.5050, -42.3087, -46.6636,
        -51.2216, -52.5629, -52.4078, -51.6367, -53.2650, -59.7357, -52.4311,
        -48.2684, -47.9646, -50.1930, -53.6167, -56.5557, -60.4115, -66.5015,
        -68.6079, -67.2580, -68.0331, -67.9495, -67.1957, -68.7844, -72.0982,
        -76.6603, -83.5993, -75.8198, -71.9346, -71.6388, -76.4410, -78.6483,
        -69.9946, -67.2365, -69.4086, -69.3819, -73.8343, -73.5713, -66.9967,
        -60.6751, -62.6454, -69.2271, -71.6304, -77.2688, -74.5019, -70.0833,
        -68.7045, -70.1697, -71.1309, -74.2786, -75.5372, -73.3641, -69.1050,
        -71.8619, -73.0814, -74.9927, -76.7171, -79.6620, -79.1525, -78.3315,
        -76.8796, -79.3553, -77.8002, -75.9562, -83.0937, -83.8574, -82.2431,
        -76.9726, -81.3241, -84.2371, -81.8383, -81.8296, -85.8441, -85.8441,
        -85.8441, -85.1233, -83.8953])
2025-12-08 20:31:06 - root - INFO - STATS: Speaker embeddings shape: torch.Size([5, 192]), dtype: torch.float32
2025-12-08 20:31:06 - root - INFO - STATS: Label shape: torch.Size([2412]), dtype: torch.int64
2025-12-08 20:31:06 - root - INFO - STATS: Label (first 10 frames): tensor([2, 2, 2, 2, 2, 2, 2, 2, 2, 2])
2025-12-08 20:31:06 - root - INFO - STATS: Meeting ID shape: (2412,), dtype: object
2025-12-08 20:31:06 - root - INFO - STATS: Meeting ID (first 10 frames): ['EN2001a' 'EN2001a' 'EN2001a' 'EN2001a' 'EN2001a' 'EN2001a' 'EN2001a'
 'EN2001a' 'EN2001a' 'EN2001a']
2025-12-08 20:31:06 - root - INFO - STATS: Sample = audio segment (feature matrix), batch = group of samples, frame = row in the feature matrix (one time step)
2025-12-08 20:31:06 - root - INFO - STATS: Frames are NOT independent: the model takes their sequence/context into account
2025-12-08 20:31:06 - root - INFO - STATS: COMPLETED FUNCTION: print_data_loaders_info
2025-12-08 20:31:06 - root - INFO - STATS: COMPLETED FUNCTION: prepare_data_loaders - Created 3 data loaders: train(1787 batches), val(838 batches), test(978 batches)
2025-12-08 20:31:06 - root - INFO - 
 STATS: ========================================== EXPERIMENT CONFIGURATION ==========================================
2025-12-08 20:31:06 - root - INFO - Number of clients: 1
2025-12-08 20:31:06 - root - INFO - Number of rounds: 1
2025-12-08 20:31:06 - root - INFO - Number of epochs per round: 1
2025-12-08 20:31:06 - root - INFO - Test size: 5000
2025-12-08 20:31:06 - root - INFO - MAIN: Early stopping patience: 5 epochs
2025-12-08 20:31:06 - root - INFO - MAIN: Early stopping min delta: 0.001
2025-12-08 20:31:06 - root - INFO - 
 STATS: ========================================== SPEAKER DISTRIBUTION ANALYSIS ==========================================
2025-12-08 20:31:06 - root - INFO -   Meeting EN2001a: 5 unique speakers
2025-12-08 20:31:06 - root - INFO -   Meeting EN2001b: 4 unique speakers
2025-12-08 20:31:06 - root - INFO -   Meeting EN2001d: 5 unique speakers
2025-12-08 20:31:06 - root - INFO -   Meeting EN2001e: 5 unique speakers
2025-12-08 20:31:06 - root - INFO - 
Total unique speakers across all meetings: 5
2025-12-08 20:31:06 - root - INFO - Speakers per meeting:
2025-12-08 20:31:06 - root - INFO -   Min: 4
2025-12-08 20:31:06 - root - INFO -   Max: 5
2025-12-08 20:31:06 - root - INFO -   Mean: 4.8
2025-12-08 20:31:06 - root - INFO -   Median: 5
2025-12-08 20:31:06 - root - INFO - MAIN: Creating SEND model...
2025-12-08 20:31:06 - root - INFO - MAIN: Model architecture: hidden_dim=256, speech_encoder_layers=4, post_net_layers=3, transformer_layers=2
2025-12-08 20:31:06 - root - INFO - 
 STATS: ========================================== SEND MODEL STATISTICS ==========================================
2025-12-08 20:31:06 - root - INFO -  STATS: STARTING FUNCTION: print_send_model_statistics
2025-12-08 20:31:06 - root - INFO -  STATS: Model Architecture:
2025-12-08 20:31:06 - root - INFO -  STATS:   - Model type: SENDModel
2025-12-08 20:31:06 - root - INFO -  STATS:   - Total parameters: 2,776,352
2025-12-08 20:31:06 - root - INFO -  STATS:   - Trainable parameters: 2,776,352
2025-12-08 20:31:06 - root - INFO -  STATS:   - Non-trainable parameters: 0
2025-12-08 20:31:06 - root - INFO -  STATS: Model Configuration:
2025-12-08 20:31:06 - root - INFO -  STATS:   - Input dimension: 80
2025-12-08 20:31:06 - root - INFO -  STATS:   - Hidden dimension: 256
2025-12-08 20:31:06 - root - INFO -  STATS:   - Number of classes: 31
2025-12-08 20:31:06 - root - INFO -  STATS:   - Dropout probability: 0.1
2025-12-08 20:31:06 - root - INFO -  STATS: Layer Structure:
2025-12-08 20:31:06 - root - INFO -  STATS:   - speech_encoder.0.0.input_lin: Linear (20,736 params)
2025-12-08 20:31:06 - root - INFO -  STATS:   - speech_encoder.0.0.linear: Linear (65,792 params)
2025-12-08 20:31:06 - root - INFO -  STATS:   - speech_encoder.0.0.memory: Linear (65,792 params)
2025-12-08 20:31:06 - root - INFO -  STATS:   - speech_encoder.0.1: Dropout (0 params)
2025-12-08 20:31:06 - root - INFO -  STATS:   - speech_encoder.1.0.linear: Linear (65,792 params)
2025-12-08 20:31:06 - root - INFO -  STATS:   - speech_encoder.1.0.memory: Linear (65,792 params)
2025-12-08 20:31:06 - root - INFO -  STATS:   - speech_encoder.1.1: Dropout (0 params)
2025-12-08 20:31:06 - root - INFO -  STATS:   - speech_encoder.2.0.linear: Linear (65,792 params)
2025-12-08 20:31:06 - root - INFO -  STATS:   - speech_encoder.2.0.memory: Linear (65,792 params)
2025-12-08 20:31:06 - root - INFO -  STATS:   - speech_encoder.2.1: Dropout (0 params)
2025-12-08 20:31:06 - root - INFO -  STATS:   - speech_encoder.3.0.linear: Linear (65,792 params)
2025-12-08 20:31:06 - root - INFO -  STATS:   - speech_encoder.3.0.memory: Linear (65,792 params)
2025-12-08 20:31:06 - root - INFO -  STATS:   - speech_encoder.3.1: Dropout (0 params)
2025-12-08 20:31:06 - root - INFO -  STATS:   - speaker_encoder.0: Linear (49,408 params)
2025-12-08 20:31:06 - root - INFO -  STATS:   - speaker_encoder.1: ReLU (0 params)
2025-12-08 20:31:06 - root - INFO -  STATS:   - speaker_encoder.2: Dropout (0 params)
2025-12-08 20:31:06 - root - INFO -  STATS:   - speaker_encoder.3: Linear (65,792 params)
2025-12-08 20:31:06 - root - INFO -  STATS:   - speaker_encoder.4: ReLU (0 params)
2025-12-08 20:31:06 - root - INFO -  STATS:   - speaker_encoder.5: Dropout (0 params)
2025-12-08 20:31:06 - root - INFO -  STATS:   - speaker_encoder.6: Linear (65,792 params)
2025-12-08 20:31:06 - root - INFO -  STATS:   - speaker_encoder.7: Dropout (0 params)
2025-12-08 20:31:06 - root - INFO -  STATS:   - ci_scorer: Linear (257 params)
2025-12-08 20:31:06 - root - INFO -  STATS:   - cd_scorer.layers.0.self_attn.out_proj: NonDynamicallyQuantizableLinear (65,792 params)
2025-12-08 20:31:06 - root - INFO -  STATS:   - cd_scorer.layers.0.linear1: Linear (263,168 params)
2025-12-08 20:31:06 - root - INFO -  STATS:   - cd_scorer.layers.0.dropout: Dropout (0 params)
2025-12-08 20:31:06 - root - INFO -  STATS:   - cd_scorer.layers.0.linear2: Linear (262,400 params)
2025-12-08 20:31:06 - root - INFO -  STATS:   - cd_scorer.layers.0.norm1: LayerNorm (512 params)
2025-12-08 20:31:06 - root - INFO -  STATS:   - cd_scorer.layers.0.norm2: LayerNorm (512 params)
2025-12-08 20:31:06 - root - INFO -  STATS:   - cd_scorer.layers.0.dropout1: Dropout (0 params)
2025-12-08 20:31:06 - root - INFO -  STATS:   - cd_scorer.layers.0.dropout2: Dropout (0 params)
2025-12-08 20:31:06 - root - INFO -  STATS:   - cd_scorer.layers.1.self_attn.out_proj: NonDynamicallyQuantizableLinear (65,792 params)
2025-12-08 20:31:06 - root - INFO -  STATS:   - cd_scorer.layers.1.linear1: Linear (263,168 params)
2025-12-08 20:31:06 - root - INFO -  STATS:   - cd_scorer.layers.1.dropout: Dropout (0 params)
2025-12-08 20:31:06 - root - INFO -  STATS:   - cd_scorer.layers.1.linear2: Linear (262,400 params)
2025-12-08 20:31:06 - root - INFO -  STATS:   - cd_scorer.layers.1.norm1: LayerNorm (512 params)
2025-12-08 20:31:06 - root - INFO -  STATS:   - cd_scorer.layers.1.norm2: LayerNorm (512 params)
2025-12-08 20:31:06 - root - INFO -  STATS:   - cd_scorer.layers.1.dropout1: Dropout (0 params)
2025-12-08 20:31:06 - root - INFO -  STATS:   - cd_scorer.layers.1.dropout2: Dropout (0 params)
2025-12-08 20:31:06 - root - INFO -  STATS:   - post_net.0.0.linear: Linear (65,792 params)
2025-12-08 20:31:06 - root - INFO -  STATS:   - post_net.0.0.memory: Linear (65,792 params)
2025-12-08 20:31:06 - root - INFO -  STATS:   - post_net.0.1: Dropout (0 params)
2025-12-08 20:31:06 - root - INFO -  STATS:   - post_net.1.0.linear: Linear (65,792 params)
2025-12-08 20:31:06 - root - INFO -  STATS:   - post_net.1.0.memory: Linear (65,792 params)
2025-12-08 20:31:06 - root - INFO -  STATS:   - post_net.1.1: Dropout (0 params)
2025-12-08 20:31:06 - root - INFO -  STATS:   - post_net.2.0.linear: Linear (65,792 params)
2025-12-08 20:31:06 - root - INFO -  STATS:   - post_net.2.0.memory: Linear (65,792 params)
2025-12-08 20:31:06 - root - INFO -  STATS:   - post_net.2.1: Dropout (0 params)
2025-12-08 20:31:06 - root - INFO -  STATS:   - classifier.0: Linear (65,792 params)
2025-12-08 20:31:06 - root - INFO -  STATS:   - classifier.1: ReLU (0 params)
2025-12-08 20:31:06 - root - INFO -  STATS:   - classifier.2: Dropout (0 params)
2025-12-08 20:31:06 - root - INFO -  STATS:   - classifier.3: Linear (7,967 params)
2025-12-08 20:31:06 - root - INFO -  STATS:   - Total layers: 51
2025-12-08 20:31:06 - root - INFO -  STATS: Memory Estimation:
2025-12-08 20:31:06 - root - INFO -  STATS:   - Model size: ~10.6 MB
2025-12-08 20:31:06 - root - INFO -  STATS:   - Training memory: ~31.8 MB (including gradients and optimizer)
2025-12-08 20:31:06 - root - INFO -  STATS: COMPLETED FUNCTION: print_send_model_statistics
2025-12-08 20:31:06 - root - INFO - MAIN: Using centralized training data loaders...
2025-12-08 20:31:06 - root - INFO - MAIN: Training samples: 7146
2025-12-08 20:31:06 - root - INFO - MAIN: Validation samples: 3349
2025-12-08 20:31:06 - root - INFO - MAIN: Test samples: 3910
2025-12-08 20:31:06 - root - INFO - MAIN: Total training frames: 17236152
2025-12-08 20:31:06 - root - INFO - MAIN: Average frames per sample: 2412.0
2025-12-08 20:31:06 - root - INFO - MAIN: Note: test_size=5000 refers to number of dataset records selected for training
2025-12-08 20:31:06 - root - INFO - MAIN: Each meeting recording contains multiple audio segments, each segment becomes multiple training samples
2025-12-08 20:31:06 - root - INFO - MAIN: Each training sample contains multiple frames (time steps) for sequence learning
2025-12-08 20:31:06 - root - INFO - MAIN: Experiment tag: exp_5000size_1epochs_centralized_2025-12-08-20-31
2025-12-08 20:31:06 - root - INFO - MAIN: Logs directory: experiments/centralized_out_artifacts/logs/exp_5000size_1epochs_centralized_2025-12-08-20-31
2025-12-08 20:31:06 - root - INFO - MAIN: Plots directory: experiments/centralized_out_artifacts/plots/exp_5000size_1epochs_centralized_2025-12-08-20-31
2025-12-08 20:31:06 - root - INFO - MAIN: Computing speaker embeddings for train set...
2025-12-08 20:31:06 - root - INFO - 
==================== STARTING CENTRALIZED TRAINING ====================

2025-12-08 20:31:06 - root - INFO - MAIN: DER computation during training: DISABLED (faster training)
2025-12-08 20:31:06 - root - INFO - MAIN: Progress will be logged to: experiments/centralized_out_artifacts/logs/exp_5000size_1epochs_centralized_2025-12-08-20-31/training_progress.txt
2025-12-08 20:31:08 - root - INFO - ⚠️  Mixed Precision Training (AMP) DISABLED - CUDA not available
2025-12-08 20:31:08 - root - INFO -  Starting epoch 1/1
2025-12-08 20:31:08 - root - INFO -  Epoch 1/1: Processing 1787 batches...
2025-12-08 20:31:15 - numexpr.utils - INFO - NumExpr defaulting to 8 threads.
2025-12-08 20:31:16 - speechbrain.utils.checkpoints - DEBUG - Registered checkpoint save hook for _speechbrain_save
2025-12-08 20:31:16 - speechbrain.utils.checkpoints - DEBUG - Registered checkpoint load hook for _speechbrain_load
2025-12-08 20:31:16 - speechbrain.utils.checkpoints - DEBUG - Registered checkpoint save hook for save
2025-12-08 20:31:16 - speechbrain.utils.checkpoints - DEBUG - Registered checkpoint load hook for load
2025-12-08 20:31:16 - speechbrain.utils.quirks - INFO - Applied quirks (see `speechbrain.utils.quirks`): [allow_tf32, disable_jit_profiling]
2025-12-08 20:31:16 - speechbrain.utils.quirks - INFO - Excluded quirks specified by the `SB_DISABLE_QUIRKS` environment (comma-separated list): []
2025-12-08 20:31:16 - speechbrain.utils.checkpoints - DEBUG - Registered checkpoint save hook for _save
2025-12-08 20:31:16 - speechbrain.utils.checkpoints - DEBUG - Registered checkpoint load hook for _recover
2025-12-08 20:31:17 - root - INFO - Using device: cpu
2025-12-08 20:31:27 - numexpr.utils - INFO - NumExpr defaulting to 8 threads.
2025-12-08 20:31:28 - speechbrain.utils.checkpoints - DEBUG - Registered checkpoint save hook for _speechbrain_save
2025-12-08 20:31:28 - speechbrain.utils.checkpoints - DEBUG - Registered checkpoint load hook for _speechbrain_load
2025-12-08 20:31:28 - speechbrain.utils.checkpoints - DEBUG - Registered checkpoint save hook for save
2025-12-08 20:31:28 - speechbrain.utils.checkpoints - DEBUG - Registered checkpoint load hook for load
2025-12-08 20:31:28 - speechbrain.utils.quirks - INFO - Applied quirks (see `speechbrain.utils.quirks`): [allow_tf32, disable_jit_profiling]
2025-12-08 20:31:28 - speechbrain.utils.quirks - INFO - Excluded quirks specified by the `SB_DISABLE_QUIRKS` environment (comma-separated list): []
2025-12-08 20:31:28 - speechbrain.utils.checkpoints - DEBUG - Registered checkpoint save hook for _save
2025-12-08 20:31:28 - speechbrain.utils.checkpoints - DEBUG - Registered checkpoint load hook for _recover
2025-12-08 20:31:29 - root - INFO - Using device: cpu
2025-12-08 20:31:39 - numexpr.utils - INFO - NumExpr defaulting to 8 threads.
2025-12-08 20:31:40 - speechbrain.utils.checkpoints - DEBUG - Registered checkpoint save hook for _speechbrain_save
2025-12-08 20:31:40 - speechbrain.utils.checkpoints - DEBUG - Registered checkpoint load hook for _speechbrain_load
2025-12-08 20:31:40 - speechbrain.utils.checkpoints - DEBUG - Registered checkpoint save hook for save
2025-12-08 20:31:40 - speechbrain.utils.checkpoints - DEBUG - Registered checkpoint load hook for load
2025-12-08 20:31:40 - speechbrain.utils.quirks - INFO - Applied quirks (see `speechbrain.utils.quirks`): [disable_jit_profiling, allow_tf32]
2025-12-08 20:31:40 - speechbrain.utils.quirks - INFO - Excluded quirks specified by the `SB_DISABLE_QUIRKS` environment (comma-separated list): []
2025-12-08 20:31:40 - speechbrain.utils.checkpoints - DEBUG - Registered checkpoint save hook for _save
2025-12-08 20:31:40 - speechbrain.utils.checkpoints - DEBUG - Registered checkpoint load hook for _recover
2025-12-08 20:31:40 - root - INFO - Using device: cpu
2025-12-08 20:31:50 - numexpr.utils - INFO - NumExpr defaulting to 8 threads.
2025-12-08 20:31:51 - speechbrain.utils.checkpoints - DEBUG - Registered checkpoint save hook for _speechbrain_save
2025-12-08 20:31:51 - speechbrain.utils.checkpoints - DEBUG - Registered checkpoint load hook for _speechbrain_load
2025-12-08 20:31:51 - speechbrain.utils.checkpoints - DEBUG - Registered checkpoint save hook for save
2025-12-08 20:31:51 - speechbrain.utils.checkpoints - DEBUG - Registered checkpoint load hook for load
2025-12-08 20:31:51 - speechbrain.utils.quirks - INFO - Applied quirks (see `speechbrain.utils.quirks`): [allow_tf32, disable_jit_profiling]
2025-12-08 20:31:51 - speechbrain.utils.quirks - INFO - Excluded quirks specified by the `SB_DISABLE_QUIRKS` environment (comma-separated list): []
2025-12-08 20:31:51 - speechbrain.utils.checkpoints - DEBUG - Registered checkpoint save hook for _save
2025-12-08 20:31:51 - speechbrain.utils.checkpoints - DEBUG - Registered checkpoint load hook for _recover
2025-12-08 20:31:52 - root - INFO - Using device: cpu
2025-12-08 20:32:02 - numexpr.utils - INFO - NumExpr defaulting to 8 threads.
2025-12-08 20:32:02 - speechbrain.utils.checkpoints - DEBUG - Registered checkpoint save hook for _speechbrain_save
2025-12-08 20:32:02 - speechbrain.utils.checkpoints - DEBUG - Registered checkpoint load hook for _speechbrain_load
2025-12-08 20:32:02 - speechbrain.utils.checkpoints - DEBUG - Registered checkpoint save hook for save
2025-12-08 20:32:02 - speechbrain.utils.checkpoints - DEBUG - Registered checkpoint load hook for load
2025-12-08 20:32:03 - speechbrain.utils.quirks - INFO - Applied quirks (see `speechbrain.utils.quirks`): [disable_jit_profiling, allow_tf32]
2025-12-08 20:32:03 - speechbrain.utils.quirks - INFO - Excluded quirks specified by the `SB_DISABLE_QUIRKS` environment (comma-separated list): []
2025-12-08 20:32:03 - speechbrain.utils.checkpoints - DEBUG - Registered checkpoint save hook for _save
2025-12-08 20:32:03 - speechbrain.utils.checkpoints - DEBUG - Registered checkpoint load hook for _recover
2025-12-08 20:32:03 - root - INFO - Using device: cpu
2025-12-08 20:32:13 - numexpr.utils - INFO - NumExpr defaulting to 8 threads.
2025-12-08 20:32:14 - speechbrain.utils.checkpoints - DEBUG - Registered checkpoint save hook for _speechbrain_save
2025-12-08 20:32:14 - speechbrain.utils.checkpoints - DEBUG - Registered checkpoint load hook for _speechbrain_load
2025-12-08 20:32:14 - speechbrain.utils.checkpoints - DEBUG - Registered checkpoint save hook for save
2025-12-08 20:32:14 - speechbrain.utils.checkpoints - DEBUG - Registered checkpoint load hook for load
2025-12-08 20:32:14 - speechbrain.utils.quirks - INFO - Applied quirks (see `speechbrain.utils.quirks`): [allow_tf32, disable_jit_profiling]
2025-12-08 20:32:14 - speechbrain.utils.quirks - INFO - Excluded quirks specified by the `SB_DISABLE_QUIRKS` environment (comma-separated list): []
2025-12-08 20:32:14 - speechbrain.utils.checkpoints - DEBUG - Registered checkpoint save hook for _save
2025-12-08 20:32:14 - speechbrain.utils.checkpoints - DEBUG - Registered checkpoint load hook for _recover
2025-12-08 20:32:14 - root - INFO - Using device: cpu
2025-12-08 20:32:24 - numexpr.utils - INFO - NumExpr defaulting to 8 threads.
2025-12-08 20:32:25 - speechbrain.utils.checkpoints - DEBUG - Registered checkpoint save hook for _speechbrain_save
2025-12-08 20:32:25 - speechbrain.utils.checkpoints - DEBUG - Registered checkpoint load hook for _speechbrain_load
2025-12-08 20:32:25 - speechbrain.utils.checkpoints - DEBUG - Registered checkpoint save hook for save
2025-12-08 20:32:25 - speechbrain.utils.checkpoints - DEBUG - Registered checkpoint load hook for load
2025-12-08 20:32:25 - speechbrain.utils.quirks - INFO - Applied quirks (see `speechbrain.utils.quirks`): [disable_jit_profiling, allow_tf32]
2025-12-08 20:32:25 - speechbrain.utils.quirks - INFO - Excluded quirks specified by the `SB_DISABLE_QUIRKS` environment (comma-separated list): []
2025-12-08 20:32:25 - speechbrain.utils.checkpoints - DEBUG - Registered checkpoint save hook for _save
2025-12-08 20:32:25 - speechbrain.utils.checkpoints - DEBUG - Registered checkpoint load hook for _recover
2025-12-08 20:32:26 - root - INFO - Using device: cpu
2025-12-08 20:32:36 - numexpr.utils - INFO - NumExpr defaulting to 8 threads.
2025-12-08 20:32:37 - speechbrain.utils.checkpoints - DEBUG - Registered checkpoint save hook for _speechbrain_save
2025-12-08 20:32:37 - speechbrain.utils.checkpoints - DEBUG - Registered checkpoint load hook for _speechbrain_load
2025-12-08 20:32:37 - speechbrain.utils.checkpoints - DEBUG - Registered checkpoint save hook for save
2025-12-08 20:32:37 - speechbrain.utils.checkpoints - DEBUG - Registered checkpoint load hook for load
2025-12-08 20:32:37 - speechbrain.utils.quirks - INFO - Applied quirks (see `speechbrain.utils.quirks`): [allow_tf32, disable_jit_profiling]
2025-12-08 20:32:37 - speechbrain.utils.quirks - INFO - Excluded quirks specified by the `SB_DISABLE_QUIRKS` environment (comma-separated list): []
2025-12-08 20:32:37 - speechbrain.utils.checkpoints - DEBUG - Registered checkpoint save hook for _save
2025-12-08 20:32:37 - speechbrain.utils.checkpoints - DEBUG - Registered checkpoint load hook for _recover
2025-12-08 20:32:38 - root - INFO - Using device: cpu
2025-12-08 20:32:42 - root - INFO -  First batch in epoch 1
2025-12-08 20:32:45 - root - INFO -  ⏱️  Batch 0 timing: load=0.0006s, forward=3.1957s, backward=1.1892s, total=3.2059s
2025-12-08 20:32:45 - root - INFO -  Epoch 1 Progress: 0.1% (1/1787) - Loss: 31.9688
2025-12-08 20:32:45 - root - INFO - Batch 0, labels shape: torch.Size([9648]), unique labels: [-100    2    5   12]
2025-12-08 20:32:48 - root - INFO -  ⏱️  Batch 1 timing: load=0.0000s, forward=2.8248s, backward=0.9472s, total=2.8251s
2025-12-08 20:40:30 - root - INFO -  Epoch 1 Progress: 10.0% (179/1787) - Loss: 3.5745
2025-12-08 20:48:03 - root - INFO -  Epoch 1 Progress: 20.0% (357/1787) - Loss: 1.1606
2025-12-08 20:55:44 - root - INFO -  Epoch 1 Progress: 29.9% (535/1787) - Loss: 1.7082
2025-12-08 21:08:09 - root - INFO -  Epoch 1 Progress: 39.9% (713/1787) - Loss: 1.6709
2025-12-08 21:15:59 - root - INFO -  Epoch 1 Progress: 49.9% (891/1787) - Loss: 1.0602
2025-12-08 21:23:18 - root - INFO -  Epoch 1 Progress: 59.8% (1069/1787) - Loss: 1.0380
2025-12-08 21:30:48 - root - INFO -  Epoch 1 Progress: 69.8% (1247/1787) - Loss: 3.4985
2025-12-08 21:38:28 - root - INFO -  Epoch 1 Progress: 79.7% (1425/1787) - Loss: 2.7502
2025-12-08 21:46:06 - root - INFO -  Epoch 1 Progress: 89.7% (1603/1787) - Loss: 2.0212
2025-12-08 21:53:33 - root - INFO -  Epoch 1 Progress: 99.7% (1781/1787) - Loss: 1.2560
2025-12-08 21:53:47 - root - INFO -  Epoch 1 Progress: 100.0% (1787/1787) - Loss: 1.1837
2025-12-08 21:53:49 - root - INFO -  Skipping DER computation during training for speed (set compute_der_during_training=True to enable)
2025-12-08 21:53:49 - root - INFO - 
================================================================================
2025-12-08 21:53:49 - root - INFO - EPOCH 1/1 COMPLETED
2025-12-08 21:53:49 - root - INFO - LOSS: 1.8277
2025-12-08 21:53:49 - root - INFO - DER:  SKIPPED
2025-12-08 21:53:49 - root - INFO - ACC:  N/A
2025-12-08 21:53:49 - root - INFO - TIME: 21:53:49
2025-12-08 21:53:49 - root - INFO - ================================================================================

2025-12-08 21:53:49 - root - INFO -  Epoch 1/1 summary: min_loss=0.2603966295719147, max_loss=31.968778610229492, mean_loss=1.8277395184338927, acc=nan, DER=skipped
2025-12-08 21:53:49 - root - INFO -  Running validation for epoch 1...
2025-12-08 21:53:55 - numexpr.utils - INFO - NumExpr defaulting to 8 threads.
2025-12-08 21:53:56 - speechbrain.utils.checkpoints - DEBUG - Registered checkpoint save hook for _speechbrain_save
2025-12-08 21:53:56 - speechbrain.utils.checkpoints - DEBUG - Registered checkpoint load hook for _speechbrain_load
2025-12-08 21:53:56 - speechbrain.utils.checkpoints - DEBUG - Registered checkpoint save hook for save
2025-12-08 21:53:56 - speechbrain.utils.checkpoints - DEBUG - Registered checkpoint load hook for load
2025-12-08 21:53:56 - speechbrain.utils.quirks - INFO - Applied quirks (see `speechbrain.utils.quirks`): [disable_jit_profiling, allow_tf32]
2025-12-08 21:53:56 - speechbrain.utils.quirks - INFO - Excluded quirks specified by the `SB_DISABLE_QUIRKS` environment (comma-separated list): []
2025-12-08 21:53:56 - speechbrain.utils.checkpoints - DEBUG - Registered checkpoint save hook for _save
2025-12-08 21:53:56 - speechbrain.utils.checkpoints - DEBUG - Registered checkpoint load hook for _recover
2025-12-08 21:53:57 - root - INFO - Using device: cpu
2025-12-08 21:54:02 - numexpr.utils - INFO - NumExpr defaulting to 8 threads.
2025-12-08 21:54:03 - speechbrain.utils.checkpoints - DEBUG - Registered checkpoint save hook for _speechbrain_save
2025-12-08 21:54:03 - speechbrain.utils.checkpoints - DEBUG - Registered checkpoint load hook for _speechbrain_load
2025-12-08 21:54:03 - speechbrain.utils.checkpoints - DEBUG - Registered checkpoint save hook for save
2025-12-08 21:54:03 - speechbrain.utils.checkpoints - DEBUG - Registered checkpoint load hook for load
2025-12-08 21:54:03 - speechbrain.utils.quirks - INFO - Applied quirks (see `speechbrain.utils.quirks`): [disable_jit_profiling, allow_tf32]
2025-12-08 21:54:03 - speechbrain.utils.quirks - INFO - Excluded quirks specified by the `SB_DISABLE_QUIRKS` environment (comma-separated list): []
2025-12-08 21:54:03 - speechbrain.utils.checkpoints - DEBUG - Registered checkpoint save hook for _save
2025-12-08 21:54:03 - speechbrain.utils.checkpoints - DEBUG - Registered checkpoint load hook for _recover
2025-12-08 21:54:03 - root - INFO - Using device: cpu
2025-12-08 21:54:08 - numexpr.utils - INFO - NumExpr defaulting to 8 threads.
2025-12-08 21:54:09 - speechbrain.utils.checkpoints - DEBUG - Registered checkpoint save hook for _speechbrain_save
2025-12-08 21:54:09 - speechbrain.utils.checkpoints - DEBUG - Registered checkpoint load hook for _speechbrain_load
2025-12-08 21:54:09 - speechbrain.utils.checkpoints - DEBUG - Registered checkpoint save hook for save
2025-12-08 21:54:09 - speechbrain.utils.checkpoints - DEBUG - Registered checkpoint load hook for load
2025-12-08 21:54:09 - speechbrain.utils.quirks - INFO - Applied quirks (see `speechbrain.utils.quirks`): [disable_jit_profiling, allow_tf32]
2025-12-08 21:54:09 - speechbrain.utils.quirks - INFO - Excluded quirks specified by the `SB_DISABLE_QUIRKS` environment (comma-separated list): []
2025-12-08 21:54:09 - speechbrain.utils.checkpoints - DEBUG - Registered checkpoint save hook for _save
2025-12-08 21:54:09 - speechbrain.utils.checkpoints - DEBUG - Registered checkpoint load hook for _recover
2025-12-08 21:54:09 - root - INFO - Using device: cpu
2025-12-08 21:54:15 - numexpr.utils - INFO - NumExpr defaulting to 8 threads.
2025-12-08 21:54:15 - speechbrain.utils.checkpoints - DEBUG - Registered checkpoint save hook for _speechbrain_save
2025-12-08 21:54:15 - speechbrain.utils.checkpoints - DEBUG - Registered checkpoint load hook for _speechbrain_load
2025-12-08 21:54:15 - speechbrain.utils.checkpoints - DEBUG - Registered checkpoint save hook for save
2025-12-08 21:54:15 - speechbrain.utils.checkpoints - DEBUG - Registered checkpoint load hook for load
2025-12-08 21:54:15 - speechbrain.utils.quirks - INFO - Applied quirks (see `speechbrain.utils.quirks`): [disable_jit_profiling, allow_tf32]
2025-12-08 21:54:15 - speechbrain.utils.quirks - INFO - Excluded quirks specified by the `SB_DISABLE_QUIRKS` environment (comma-separated list): []
2025-12-08 21:54:15 - speechbrain.utils.checkpoints - DEBUG - Registered checkpoint save hook for _save
2025-12-08 21:54:15 - speechbrain.utils.checkpoints - DEBUG - Registered checkpoint load hook for _recover
2025-12-08 21:54:16 - root - INFO - Using device: cpu
2025-12-08 21:54:21 - numexpr.utils - INFO - NumExpr defaulting to 8 threads.
2025-12-08 21:54:22 - speechbrain.utils.checkpoints - DEBUG - Registered checkpoint save hook for _speechbrain_save
2025-12-08 21:54:22 - speechbrain.utils.checkpoints - DEBUG - Registered checkpoint load hook for _speechbrain_load
2025-12-08 21:54:22 - speechbrain.utils.checkpoints - DEBUG - Registered checkpoint save hook for save
2025-12-08 21:54:22 - speechbrain.utils.checkpoints - DEBUG - Registered checkpoint load hook for load
2025-12-08 21:54:22 - speechbrain.utils.quirks - INFO - Applied quirks (see `speechbrain.utils.quirks`): [disable_jit_profiling, allow_tf32]
2025-12-08 21:54:22 - speechbrain.utils.quirks - INFO - Excluded quirks specified by the `SB_DISABLE_QUIRKS` environment (comma-separated list): []
2025-12-08 21:54:22 - speechbrain.utils.checkpoints - DEBUG - Registered checkpoint save hook for _save
2025-12-08 21:54:22 - speechbrain.utils.checkpoints - DEBUG - Registered checkpoint load hook for _recover
2025-12-08 21:54:22 - root - INFO - Using device: cpu
2025-12-08 21:54:27 - numexpr.utils - INFO - NumExpr defaulting to 8 threads.
2025-12-08 21:54:27 - speechbrain.utils.checkpoints - DEBUG - Registered checkpoint save hook for _speechbrain_save
2025-12-08 21:54:27 - speechbrain.utils.checkpoints - DEBUG - Registered checkpoint load hook for _speechbrain_load
2025-12-08 21:54:27 - speechbrain.utils.checkpoints - DEBUG - Registered checkpoint save hook for save
2025-12-08 21:54:27 - speechbrain.utils.checkpoints - DEBUG - Registered checkpoint load hook for load
2025-12-08 21:54:27 - speechbrain.utils.quirks - INFO - Applied quirks (see `speechbrain.utils.quirks`): [disable_jit_profiling, allow_tf32]
2025-12-08 21:54:27 - speechbrain.utils.quirks - INFO - Excluded quirks specified by the `SB_DISABLE_QUIRKS` environment (comma-separated list): []
2025-12-08 21:54:27 - speechbrain.utils.checkpoints - DEBUG - Registered checkpoint save hook for _save
2025-12-08 21:54:27 - speechbrain.utils.checkpoints - DEBUG - Registered checkpoint load hook for _recover
2025-12-08 21:54:28 - root - INFO - Using device: cpu
2025-12-08 21:54:33 - numexpr.utils - INFO - NumExpr defaulting to 8 threads.
2025-12-08 21:54:33 - speechbrain.utils.checkpoints - DEBUG - Registered checkpoint save hook for _speechbrain_save
2025-12-08 21:54:33 - speechbrain.utils.checkpoints - DEBUG - Registered checkpoint load hook for _speechbrain_load
2025-12-08 21:54:33 - speechbrain.utils.checkpoints - DEBUG - Registered checkpoint save hook for save
2025-12-08 21:54:33 - speechbrain.utils.checkpoints - DEBUG - Registered checkpoint load hook for load
2025-12-08 21:54:33 - speechbrain.utils.quirks - INFO - Applied quirks (see `speechbrain.utils.quirks`): [allow_tf32, disable_jit_profiling]
2025-12-08 21:54:33 - speechbrain.utils.quirks - INFO - Excluded quirks specified by the `SB_DISABLE_QUIRKS` environment (comma-separated list): []
2025-12-08 21:54:33 - speechbrain.utils.checkpoints - DEBUG - Registered checkpoint save hook for _save
2025-12-08 21:54:33 - speechbrain.utils.checkpoints - DEBUG - Registered checkpoint load hook for _recover
2025-12-08 21:54:34 - root - INFO - Using device: cpu
2025-12-08 21:54:39 - numexpr.utils - INFO - NumExpr defaulting to 8 threads.
2025-12-08 21:54:40 - speechbrain.utils.checkpoints - DEBUG - Registered checkpoint save hook for _speechbrain_save
2025-12-08 21:54:40 - speechbrain.utils.checkpoints - DEBUG - Registered checkpoint load hook for _speechbrain_load
2025-12-08 21:54:40 - speechbrain.utils.checkpoints - DEBUG - Registered checkpoint save hook for save
2025-12-08 21:54:40 - speechbrain.utils.checkpoints - DEBUG - Registered checkpoint load hook for load
2025-12-08 21:54:40 - speechbrain.utils.quirks - INFO - Applied quirks (see `speechbrain.utils.quirks`): [disable_jit_profiling, allow_tf32]
2025-12-08 21:54:40 - speechbrain.utils.quirks - INFO - Excluded quirks specified by the `SB_DISABLE_QUIRKS` environment (comma-separated list): []
2025-12-08 21:54:40 - speechbrain.utils.checkpoints - DEBUG - Registered checkpoint save hook for _save
2025-12-08 21:54:40 - speechbrain.utils.checkpoints - DEBUG - Registered checkpoint load hook for _recover
2025-12-08 21:54:40 - root - INFO - Using device: cpu
2025-12-08 21:54:42 - root - INFO -  First batch in evaluation
2025-12-08 21:54:43 - root - INFO - Eval batch 0, labels shape: torch.Size([9692]), unique labels: [-100    1]
2025-12-08 22:01:15 - root - INFO -  Skipping DER computation during validation for speed (set compute_der=True to enable)
2025-12-08 22:01:15 - root - INFO -  Eval summary: min_loss=0.9746, max_loss=7.7912, mean_loss=3.7672
2025-12-08 22:01:15 - root - INFO -  ✅ Validation improved! New best val_loss: 3.7672
2025-12-08 22:01:15 - root - INFO - 
================================================================================
2025-12-08 22:01:15 - root - INFO - EPOCH 1/1 COMPLETED
2025-12-08 22:01:15 - root - INFO - TRAIN LOSS: 1.8277
2025-12-08 22:01:15 - root - INFO - TRAIN DER:  SKIPPED
2025-12-08 22:01:15 - root - INFO - TRAIN ACC:  N/A
2025-12-08 22:01:15 - root - INFO - VAL LOSS:   3.7672
2025-12-08 22:01:15 - root - INFO - VAL DER:    N/A
2025-12-08 22:01:15 - root - INFO - TIME:       22:01:15
2025-12-08 22:01:15 - root - INFO - ================================================================================

2025-12-08 22:01:15 - root - INFO -  ✅ Restored best model (val_loss: 3.7672)
2025-12-08 22:01:15 - root - INFO - MAIN: Evaluating on validation set...
2025-12-08 22:01:18 - numexpr.utils - INFO - NumExpr defaulting to 8 threads.
2025-12-08 22:01:19 - speechbrain.utils.checkpoints - DEBUG - Registered checkpoint save hook for _speechbrain_save
2025-12-08 22:01:19 - speechbrain.utils.checkpoints - DEBUG - Registered checkpoint load hook for _speechbrain_load
2025-12-08 22:01:19 - speechbrain.utils.checkpoints - DEBUG - Registered checkpoint save hook for save
2025-12-08 22:01:19 - speechbrain.utils.checkpoints - DEBUG - Registered checkpoint load hook for load
2025-12-08 22:01:19 - speechbrain.utils.quirks - INFO - Applied quirks (see `speechbrain.utils.quirks`): [disable_jit_profiling, allow_tf32]
2025-12-08 22:01:19 - speechbrain.utils.quirks - INFO - Excluded quirks specified by the `SB_DISABLE_QUIRKS` environment (comma-separated list): []
2025-12-08 22:01:19 - speechbrain.utils.checkpoints - DEBUG - Registered checkpoint save hook for _save
2025-12-08 22:01:19 - speechbrain.utils.checkpoints - DEBUG - Registered checkpoint load hook for _recover
2025-12-08 22:04:02 - root - INFO - Using device: cpu
2025-12-08 22:04:07 - numexpr.utils - INFO - NumExpr defaulting to 8 threads.
2025-12-08 22:04:08 - speechbrain.utils.checkpoints - DEBUG - Registered checkpoint save hook for _speechbrain_save
2025-12-08 22:04:08 - speechbrain.utils.checkpoints - DEBUG - Registered checkpoint load hook for _speechbrain_load
2025-12-08 22:04:08 - speechbrain.utils.checkpoints - DEBUG - Registered checkpoint save hook for save
2025-12-08 22:04:08 - speechbrain.utils.checkpoints - DEBUG - Registered checkpoint load hook for load
2025-12-08 22:04:08 - speechbrain.utils.quirks - INFO - Applied quirks (see `speechbrain.utils.quirks`): [allow_tf32, disable_jit_profiling]
2025-12-08 22:04:08 - speechbrain.utils.quirks - INFO - Excluded quirks specified by the `SB_DISABLE_QUIRKS` environment (comma-separated list): []
2025-12-08 22:04:08 - speechbrain.utils.checkpoints - DEBUG - Registered checkpoint save hook for _save
2025-12-08 22:04:08 - speechbrain.utils.checkpoints - DEBUG - Registered checkpoint load hook for _recover
2025-12-08 22:04:09 - root - INFO - Using device: cpu
2025-12-08 22:04:13 - numexpr.utils - INFO - NumExpr defaulting to 8 threads.
2025-12-08 22:04:14 - speechbrain.utils.checkpoints - DEBUG - Registered checkpoint save hook for _speechbrain_save
2025-12-08 22:04:14 - speechbrain.utils.checkpoints - DEBUG - Registered checkpoint load hook for _speechbrain_load
2025-12-08 22:04:14 - speechbrain.utils.checkpoints - DEBUG - Registered checkpoint save hook for save
2025-12-08 22:04:14 - speechbrain.utils.checkpoints - DEBUG - Registered checkpoint load hook for load
2025-12-08 22:04:14 - speechbrain.utils.quirks - INFO - Applied quirks (see `speechbrain.utils.quirks`): [allow_tf32, disable_jit_profiling]
2025-12-08 22:04:14 - speechbrain.utils.quirks - INFO - Excluded quirks specified by the `SB_DISABLE_QUIRKS` environment (comma-separated list): []
2025-12-08 22:04:14 - speechbrain.utils.checkpoints - DEBUG - Registered checkpoint save hook for _save
2025-12-08 22:04:14 - speechbrain.utils.checkpoints - DEBUG - Registered checkpoint load hook for _recover
2025-12-08 22:04:15 - root - INFO - Using device: cpu
2025-12-08 22:04:20 - numexpr.utils - INFO - NumExpr defaulting to 8 threads.
2025-12-08 22:04:21 - speechbrain.utils.checkpoints - DEBUG - Registered checkpoint save hook for _speechbrain_save
2025-12-08 22:04:21 - speechbrain.utils.checkpoints - DEBUG - Registered checkpoint load hook for _speechbrain_load
2025-12-08 22:04:21 - speechbrain.utils.checkpoints - DEBUG - Registered checkpoint save hook for save
2025-12-08 22:04:21 - speechbrain.utils.checkpoints - DEBUG - Registered checkpoint load hook for load
2025-12-08 22:04:21 - speechbrain.utils.quirks - INFO - Applied quirks (see `speechbrain.utils.quirks`): [disable_jit_profiling, allow_tf32]
2025-12-08 22:04:21 - speechbrain.utils.quirks - INFO - Excluded quirks specified by the `SB_DISABLE_QUIRKS` environment (comma-separated list): []
2025-12-08 22:04:21 - speechbrain.utils.checkpoints - DEBUG - Registered checkpoint save hook for _save
2025-12-08 22:04:21 - speechbrain.utils.checkpoints - DEBUG - Registered checkpoint load hook for _recover
2025-12-08 22:04:21 - root - INFO - Using device: cpu
2025-12-08 22:04:26 - numexpr.utils - INFO - NumExpr defaulting to 8 threads.
2025-12-08 22:04:27 - speechbrain.utils.checkpoints - DEBUG - Registered checkpoint save hook for _speechbrain_save
2025-12-08 22:04:27 - speechbrain.utils.checkpoints - DEBUG - Registered checkpoint load hook for _speechbrain_load
2025-12-08 22:04:27 - speechbrain.utils.checkpoints - DEBUG - Registered checkpoint save hook for save
2025-12-08 22:04:27 - speechbrain.utils.checkpoints - DEBUG - Registered checkpoint load hook for load
2025-12-08 22:04:27 - speechbrain.utils.quirks - INFO - Applied quirks (see `speechbrain.utils.quirks`): [allow_tf32, disable_jit_profiling]
2025-12-08 22:04:27 - speechbrain.utils.quirks - INFO - Excluded quirks specified by the `SB_DISABLE_QUIRKS` environment (comma-separated list): []
2025-12-08 22:04:27 - speechbrain.utils.checkpoints - DEBUG - Registered checkpoint save hook for _save
2025-12-08 22:04:27 - speechbrain.utils.checkpoints - DEBUG - Registered checkpoint load hook for _recover
2025-12-08 22:04:28 - root - INFO - Using device: cpu
2025-12-08 22:04:33 - numexpr.utils - INFO - NumExpr defaulting to 8 threads.
2025-12-08 22:04:34 - speechbrain.utils.checkpoints - DEBUG - Registered checkpoint save hook for _speechbrain_save
2025-12-08 22:04:34 - speechbrain.utils.checkpoints - DEBUG - Registered checkpoint load hook for _speechbrain_load
2025-12-08 22:04:34 - speechbrain.utils.checkpoints - DEBUG - Registered checkpoint save hook for save
2025-12-08 22:04:34 - speechbrain.utils.checkpoints - DEBUG - Registered checkpoint load hook for load
2025-12-08 22:04:34 - speechbrain.utils.quirks - INFO - Applied quirks (see `speechbrain.utils.quirks`): [disable_jit_profiling, allow_tf32]
2025-12-08 22:04:34 - speechbrain.utils.quirks - INFO - Excluded quirks specified by the `SB_DISABLE_QUIRKS` environment (comma-separated list): []
2025-12-08 22:04:34 - speechbrain.utils.checkpoints - DEBUG - Registered checkpoint save hook for _save
2025-12-08 22:04:34 - speechbrain.utils.checkpoints - DEBUG - Registered checkpoint load hook for _recover
2025-12-08 22:04:34 - root - INFO - Using device: cpu
2025-12-08 22:04:39 - numexpr.utils - INFO - NumExpr defaulting to 8 threads.
2025-12-08 22:04:39 - speechbrain.utils.checkpoints - DEBUG - Registered checkpoint save hook for _speechbrain_save
2025-12-08 22:04:39 - speechbrain.utils.checkpoints - DEBUG - Registered checkpoint load hook for _speechbrain_load
2025-12-08 22:04:39 - speechbrain.utils.checkpoints - DEBUG - Registered checkpoint save hook for save
2025-12-08 22:04:39 - speechbrain.utils.checkpoints - DEBUG - Registered checkpoint load hook for load
2025-12-08 22:04:39 - speechbrain.utils.quirks - INFO - Applied quirks (see `speechbrain.utils.quirks`): [allow_tf32, disable_jit_profiling]
2025-12-08 22:04:39 - speechbrain.utils.quirks - INFO - Excluded quirks specified by the `SB_DISABLE_QUIRKS` environment (comma-separated list): []
2025-12-08 22:04:39 - speechbrain.utils.checkpoints - DEBUG - Registered checkpoint save hook for _save
2025-12-08 22:04:39 - speechbrain.utils.checkpoints - DEBUG - Registered checkpoint load hook for _recover
2025-12-08 22:04:40 - root - INFO - Using device: cpu
2025-12-08 22:04:45 - numexpr.utils - INFO - NumExpr defaulting to 8 threads.
2025-12-08 22:04:45 - speechbrain.utils.checkpoints - DEBUG - Registered checkpoint save hook for _speechbrain_save
2025-12-08 22:04:45 - speechbrain.utils.checkpoints - DEBUG - Registered checkpoint load hook for _speechbrain_load
2025-12-08 22:04:45 - speechbrain.utils.checkpoints - DEBUG - Registered checkpoint save hook for save
2025-12-08 22:04:45 - speechbrain.utils.checkpoints - DEBUG - Registered checkpoint load hook for load
2025-12-08 22:04:45 - speechbrain.utils.quirks - INFO - Applied quirks (see `speechbrain.utils.quirks`): [disable_jit_profiling, allow_tf32]
2025-12-08 22:04:45 - speechbrain.utils.quirks - INFO - Excluded quirks specified by the `SB_DISABLE_QUIRKS` environment (comma-separated list): []
2025-12-08 22:04:45 - speechbrain.utils.checkpoints - DEBUG - Registered checkpoint save hook for _save
2025-12-08 22:04:45 - speechbrain.utils.checkpoints - DEBUG - Registered checkpoint load hook for _recover
2025-12-08 22:04:46 - root - INFO - Using device: cpu
2025-12-08 22:04:48 - root - INFO -  First batch in evaluation
2025-12-08 22:08:06 - root - INFO - Eval batch 0, labels shape: torch.Size([9692]), unique labels: [-100    1]
2025-12-08 22:13:36 - root - INFO -  Skipping DER computation during validation for speed (set compute_der=True to enable)
2025-12-08 22:13:36 - root - INFO -  Eval summary: min_loss=0.9746, max_loss=7.7912, mean_loss=3.7672
2025-12-08 22:13:36 - root - INFO - MAIN: Training completed successfully
2025-12-08 22:13:36 - root - INFO - MAIN: Final validation loss: 3.7672
2025-12-08 22:13:36 - root - INFO - MAIN: Final validation DER: nan
2025-12-08 22:13:36 - root - INFO - 
==================== TESTING STARTED (TRAINED MODEL) ====================

2025-12-08 22:13:36 - root - INFO - [FINAL TEST DEBUG] Test dataset size: 3910
2025-12-08 22:13:36 - root - INFO - [FINAL TEST DEBUG] Test dataset speaker_id_list: ['FEO070', 'FEO072', 'MEE071', 'MEE073']
2025-12-08 22:13:36 - root - INFO - [FINAL TEST DEBUG] Model has 68 parameters
2025-12-08 22:13:39 - numexpr.utils - INFO - NumExpr defaulting to 8 threads.
2025-12-08 22:13:40 - speechbrain.utils.checkpoints - DEBUG - Registered checkpoint save hook for _speechbrain_save
2025-12-08 22:13:40 - speechbrain.utils.checkpoints - DEBUG - Registered checkpoint load hook for _speechbrain_load
2025-12-08 22:13:40 - speechbrain.utils.checkpoints - DEBUG - Registered checkpoint save hook for save
2025-12-08 22:13:40 - speechbrain.utils.checkpoints - DEBUG - Registered checkpoint load hook for load
2025-12-08 22:13:40 - speechbrain.utils.quirks - INFO - Applied quirks (see `speechbrain.utils.quirks`): [disable_jit_profiling, allow_tf32]
2025-12-08 22:13:40 - speechbrain.utils.quirks - INFO - Excluded quirks specified by the `SB_DISABLE_QUIRKS` environment (comma-separated list): []
2025-12-08 22:13:40 - speechbrain.utils.checkpoints - DEBUG - Registered checkpoint save hook for _save
2025-12-08 22:13:40 - speechbrain.utils.checkpoints - DEBUG - Registered checkpoint load hook for _recover
2025-12-08 22:13:41 - root - INFO - Using device: cpu
2025-12-08 22:13:45 - numexpr.utils - INFO - NumExpr defaulting to 8 threads.
2025-12-08 22:13:46 - speechbrain.utils.checkpoints - DEBUG - Registered checkpoint save hook for _speechbrain_save
2025-12-08 22:13:46 - speechbrain.utils.checkpoints - DEBUG - Registered checkpoint load hook for _speechbrain_load
2025-12-08 22:13:46 - speechbrain.utils.checkpoints - DEBUG - Registered checkpoint save hook for save
2025-12-08 22:13:46 - speechbrain.utils.checkpoints - DEBUG - Registered checkpoint load hook for load
2025-12-08 22:13:46 - speechbrain.utils.quirks - INFO - Applied quirks (see `speechbrain.utils.quirks`): [disable_jit_profiling, allow_tf32]
2025-12-08 22:13:46 - speechbrain.utils.quirks - INFO - Excluded quirks specified by the `SB_DISABLE_QUIRKS` environment (comma-separated list): []
2025-12-08 22:13:46 - speechbrain.utils.checkpoints - DEBUG - Registered checkpoint save hook for _save
2025-12-08 22:13:46 - speechbrain.utils.checkpoints - DEBUG - Registered checkpoint load hook for _recover
2025-12-08 22:13:46 - root - INFO - Using device: cpu
2025-12-08 22:13:50 - numexpr.utils - INFO - NumExpr defaulting to 8 threads.
2025-12-08 22:13:51 - speechbrain.utils.checkpoints - DEBUG - Registered checkpoint save hook for _speechbrain_save
2025-12-08 22:13:51 - speechbrain.utils.checkpoints - DEBUG - Registered checkpoint load hook for _speechbrain_load
2025-12-08 22:13:51 - speechbrain.utils.checkpoints - DEBUG - Registered checkpoint save hook for save
2025-12-08 22:13:51 - speechbrain.utils.checkpoints - DEBUG - Registered checkpoint load hook for load
2025-12-08 22:13:51 - speechbrain.utils.quirks - INFO - Applied quirks (see `speechbrain.utils.quirks`): [allow_tf32, disable_jit_profiling]
2025-12-08 22:13:51 - speechbrain.utils.quirks - INFO - Excluded quirks specified by the `SB_DISABLE_QUIRKS` environment (comma-separated list): []
2025-12-08 22:13:51 - speechbrain.utils.checkpoints - DEBUG - Registered checkpoint save hook for _save
2025-12-08 22:13:51 - speechbrain.utils.checkpoints - DEBUG - Registered checkpoint load hook for _recover
2025-12-08 22:13:51 - root - INFO - Using device: cpu
2025-12-08 22:13:56 - numexpr.utils - INFO - NumExpr defaulting to 8 threads.
2025-12-08 22:13:56 - speechbrain.utils.checkpoints - DEBUG - Registered checkpoint save hook for _speechbrain_save
2025-12-08 22:13:56 - speechbrain.utils.checkpoints - DEBUG - Registered checkpoint load hook for _speechbrain_load
2025-12-08 22:13:56 - speechbrain.utils.checkpoints - DEBUG - Registered checkpoint save hook for save
2025-12-08 22:13:56 - speechbrain.utils.checkpoints - DEBUG - Registered checkpoint load hook for load
2025-12-08 22:13:57 - speechbrain.utils.quirks - INFO - Applied quirks (see `speechbrain.utils.quirks`): [disable_jit_profiling, allow_tf32]
2025-12-08 22:13:57 - speechbrain.utils.quirks - INFO - Excluded quirks specified by the `SB_DISABLE_QUIRKS` environment (comma-separated list): []
2025-12-08 22:13:57 - speechbrain.utils.checkpoints - DEBUG - Registered checkpoint save hook for _save
2025-12-08 22:13:57 - speechbrain.utils.checkpoints - DEBUG - Registered checkpoint load hook for _recover
2025-12-08 22:13:57 - root - INFO - Using device: cpu
2025-12-08 22:14:01 - numexpr.utils - INFO - NumExpr defaulting to 8 threads.
2025-12-08 22:14:02 - speechbrain.utils.checkpoints - DEBUG - Registered checkpoint save hook for _speechbrain_save
2025-12-08 22:14:02 - speechbrain.utils.checkpoints - DEBUG - Registered checkpoint load hook for _speechbrain_load
2025-12-08 22:14:02 - speechbrain.utils.checkpoints - DEBUG - Registered checkpoint save hook for save
2025-12-08 22:14:02 - speechbrain.utils.checkpoints - DEBUG - Registered checkpoint load hook for load
2025-12-08 22:14:02 - speechbrain.utils.quirks - INFO - Applied quirks (see `speechbrain.utils.quirks`): [disable_jit_profiling, allow_tf32]
2025-12-08 22:14:02 - speechbrain.utils.quirks - INFO - Excluded quirks specified by the `SB_DISABLE_QUIRKS` environment (comma-separated list): []
2025-12-08 22:14:02 - speechbrain.utils.checkpoints - DEBUG - Registered checkpoint save hook for _save
2025-12-08 22:14:02 - speechbrain.utils.checkpoints - DEBUG - Registered checkpoint load hook for _recover
2025-12-08 22:14:03 - root - INFO - Using device: cpu
2025-12-08 22:14:07 - numexpr.utils - INFO - NumExpr defaulting to 8 threads.
2025-12-08 22:14:08 - speechbrain.utils.checkpoints - DEBUG - Registered checkpoint save hook for _speechbrain_save
2025-12-08 22:14:08 - speechbrain.utils.checkpoints - DEBUG - Registered checkpoint load hook for _speechbrain_load
2025-12-08 22:14:08 - speechbrain.utils.checkpoints - DEBUG - Registered checkpoint save hook for save
2025-12-08 22:14:08 - speechbrain.utils.checkpoints - DEBUG - Registered checkpoint load hook for load
2025-12-08 22:14:08 - speechbrain.utils.quirks - INFO - Applied quirks (see `speechbrain.utils.quirks`): [allow_tf32, disable_jit_profiling]
2025-12-08 22:14:08 - speechbrain.utils.quirks - INFO - Excluded quirks specified by the `SB_DISABLE_QUIRKS` environment (comma-separated list): []
2025-12-08 22:14:08 - speechbrain.utils.checkpoints - DEBUG - Registered checkpoint save hook for _save
2025-12-08 22:14:08 - speechbrain.utils.checkpoints - DEBUG - Registered checkpoint load hook for _recover
2025-12-08 22:14:09 - root - INFO - Using device: cpu
2025-12-08 22:14:13 - numexpr.utils - INFO - NumExpr defaulting to 8 threads.
2025-12-08 22:14:14 - speechbrain.utils.checkpoints - DEBUG - Registered checkpoint save hook for _speechbrain_save
2025-12-08 22:14:14 - speechbrain.utils.checkpoints - DEBUG - Registered checkpoint load hook for _speechbrain_load
2025-12-08 22:14:14 - speechbrain.utils.checkpoints - DEBUG - Registered checkpoint save hook for save
2025-12-08 22:14:14 - speechbrain.utils.checkpoints - DEBUG - Registered checkpoint load hook for load
2025-12-08 22:14:14 - speechbrain.utils.quirks - INFO - Applied quirks (see `speechbrain.utils.quirks`): [allow_tf32, disable_jit_profiling]
2025-12-08 22:14:14 - speechbrain.utils.quirks - INFO - Excluded quirks specified by the `SB_DISABLE_QUIRKS` environment (comma-separated list): []
2025-12-08 22:14:14 - speechbrain.utils.checkpoints - DEBUG - Registered checkpoint save hook for _save
2025-12-08 22:14:14 - speechbrain.utils.checkpoints - DEBUG - Registered checkpoint load hook for _recover
2025-12-08 22:14:14 - root - INFO - Using device: cpu
2025-12-08 22:14:19 - numexpr.utils - INFO - NumExpr defaulting to 8 threads.
2025-12-08 22:14:19 - speechbrain.utils.checkpoints - DEBUG - Registered checkpoint save hook for _speechbrain_save
2025-12-08 22:14:19 - speechbrain.utils.checkpoints - DEBUG - Registered checkpoint load hook for _speechbrain_load
2025-12-08 22:14:19 - speechbrain.utils.checkpoints - DEBUG - Registered checkpoint save hook for save
2025-12-08 22:14:19 - speechbrain.utils.checkpoints - DEBUG - Registered checkpoint load hook for load
2025-12-08 22:14:19 - speechbrain.utils.quirks - INFO - Applied quirks (see `speechbrain.utils.quirks`): [disable_jit_profiling, allow_tf32]
2025-12-08 22:14:19 - speechbrain.utils.quirks - INFO - Excluded quirks specified by the `SB_DISABLE_QUIRKS` environment (comma-separated list): []
2025-12-08 22:14:19 - speechbrain.utils.checkpoints - DEBUG - Registered checkpoint save hook for _save
2025-12-08 22:14:19 - speechbrain.utils.checkpoints - DEBUG - Registered checkpoint load hook for _recover
2025-12-08 22:14:20 - root - INFO - Using device: cpu
2025-12-08 22:14:21 - root - INFO - [FINAL TEST DEBUG] Processing batch 0
2025-12-08 22:14:22 - root - INFO - [FINAL TEST DEBUG] Batch 0: unique predictions: [ 2  4  5 12]
2025-12-08 22:14:22 - root - INFO - [FINAL TEST DEBUG] Batch 0: unique labels: [-100    1    3    4]
2025-12-08 22:14:22 - root - INFO - [FINAL TEST DEBUG] Batch 0: loss: 2.1639
2025-12-08 22:14:22 - root - INFO - [FINAL TEST DEBUG] First prediction: 4
2025-12-08 22:14:22 - root - INFO - [FINAL TEST DEBUG] Processing batch 1
2025-12-08 22:14:22 - root - INFO - [FINAL TEST DEBUG] Batch 1: unique predictions: [ 2  4  5 12]
2025-12-08 22:14:22 - root - INFO - [FINAL TEST DEBUG] Batch 1: unique labels: [-100    2    3    4]
2025-12-08 22:14:22 - root - INFO - [FINAL TEST DEBUG] Batch 1: loss: 3.1220
2025-12-08 22:14:22 - root - INFO - [FINAL TEST DEBUG] Processing batch 2
2025-12-08 22:14:22 - root - INFO - [FINAL TEST DEBUG] Batch 2: unique predictions: [ 2  4  5 12]
2025-12-08 22:14:22 - root - INFO - [FINAL TEST DEBUG] Batch 2: unique labels: [-100    1    2    3]
2025-12-08 22:14:22 - root - INFO - [FINAL TEST DEBUG] Batch 2: loss: 2.9004
2025-12-08 22:14:22 - root - INFO - [FINAL TEST DEBUG] Processing batch 3
2025-12-08 22:14:22 - root - INFO - [FINAL TEST DEBUG] Batch 3: unique predictions: [ 2  4  5 12]
2025-12-08 22:14:22 - root - INFO - [FINAL TEST DEBUG] Batch 3: unique labels: [-100    1    3    4]
2025-12-08 22:14:22 - root - INFO - [FINAL TEST DEBUG] Batch 3: loss: 4.4294
2025-12-08 22:14:22 - root - INFO - [FINAL TEST DEBUG] Processing batch 4
2025-12-08 22:14:23 - root - INFO - [FINAL TEST DEBUG] Batch 4: unique predictions: [ 2  4  5 12]
2025-12-08 22:14:23 - root - INFO - [FINAL TEST DEBUG] Batch 4: unique labels: [-100    1    2    4]
2025-12-08 22:14:23 - root - INFO - [FINAL TEST DEBUG] Batch 4: loss: 2.7876
2025-12-08 22:14:23 - root - INFO - [FINAL TEST DEBUG] Processing batch 5
2025-12-08 22:14:23 - root - INFO - [FINAL TEST DEBUG] Batch 5: unique predictions: [ 2  4  5 12]
2025-12-08 22:14:23 - root - INFO - [FINAL TEST DEBUG] Batch 5: unique labels: [-100    1    3    4]
2025-12-08 22:14:23 - root - INFO - [FINAL TEST DEBUG] Batch 5: loss: 3.1530
2025-12-08 22:14:23 - root - INFO - [FINAL TEST DEBUG] Processing batch 6
2025-12-08 22:14:23 - root - INFO - [FINAL TEST DEBUG] Batch 6: unique predictions: [ 2  4  5 12]
2025-12-08 22:14:23 - root - INFO - [FINAL TEST DEBUG] Batch 6: unique labels: [-100    1    2    4]
2025-12-08 22:14:23 - root - INFO - [FINAL TEST DEBUG] Batch 6: loss: 2.8999
2025-12-08 22:14:23 - root - INFO - [FINAL TEST DEBUG] Processing batch 7
2025-12-08 22:14:24 - root - INFO - [FINAL TEST DEBUG] Batch 7: unique predictions: [ 2  4  5 12]
2025-12-08 22:14:24 - root - INFO - [FINAL TEST DEBUG] Batch 7: unique labels: [-100    1    2    4]
2025-12-08 22:14:24 - root - INFO - [FINAL TEST DEBUG] Batch 7: loss: 1.9676
2025-12-08 22:14:24 - root - INFO - [FINAL TEST DEBUG] Processing batch 8
2025-12-08 22:14:24 - root - INFO - [FINAL TEST DEBUG] Batch 8: unique predictions: [ 2  4  5 12]
2025-12-08 22:14:24 - root - INFO - [FINAL TEST DEBUG] Batch 8: unique labels: [-100    1    2    3]
2025-12-08 22:14:24 - root - INFO - [FINAL TEST DEBUG] Batch 8: loss: 3.1233
2025-12-08 22:14:24 - root - INFO - [FINAL TEST DEBUG] Processing batch 9
2025-12-08 22:14:24 - root - INFO - [FINAL TEST DEBUG] Batch 9: unique predictions: [ 2  4  5 12]
2025-12-08 22:14:24 - root - INFO - [FINAL TEST DEBUG] Batch 9: unique labels: [-100    1    2]
2025-12-08 22:14:24 - root - INFO - [FINAL TEST DEBUG] Batch 9: loss: 2.1623
2025-12-08 22:14:24 - root - INFO - [FINAL TEST DEBUG] Processing batch 10
2025-12-08 22:14:24 - root - INFO - [FINAL TEST DEBUG] Batch 10: unique predictions: [ 2  4  5 12]
2025-12-08 22:14:24 - root - INFO - [FINAL TEST DEBUG] Batch 10: unique labels: [-100    1    3]
2025-12-08 22:14:24 - root - INFO - [FINAL TEST DEBUG] Batch 10: loss: 5.7218
2025-12-08 22:14:24 - root - INFO - [FINAL TEST DEBUG] Processing batch 11
2025-12-08 22:14:25 - root - INFO - [FINAL TEST DEBUG] Batch 11: unique predictions: [ 2  4  5 12]
2025-12-08 22:14:25 - root - INFO - [FINAL TEST DEBUG] Batch 11: unique labels: [-100    1]
2025-12-08 22:14:25 - root - INFO - [FINAL TEST DEBUG] Batch 11: loss: 5.6606
2025-12-08 22:14:25 - root - INFO - [FINAL TEST DEBUG] Processing batch 12
2025-12-08 22:14:25 - root - INFO - [FINAL TEST DEBUG] Batch 12: unique predictions: [ 2  4  5 12]
2025-12-08 22:14:25 - root - INFO - [FINAL TEST DEBUG] Batch 12: unique labels: [-100    1    3]
2025-12-08 22:14:25 - root - INFO - [FINAL TEST DEBUG] Batch 12: loss: 5.8019
2025-12-08 22:14:25 - root - INFO - [FINAL TEST DEBUG] Processing batch 13
2025-12-08 22:14:25 - root - INFO - [FINAL TEST DEBUG] Batch 13: unique predictions: [ 2  4  5 12]
2025-12-08 22:14:25 - root - INFO - [FINAL TEST DEBUG] Batch 13: unique labels: [-100    1    4]
2025-12-08 22:14:25 - root - INFO - [FINAL TEST DEBUG] Batch 13: loss: 5.6863
2025-12-08 22:14:25 - root - INFO - [FINAL TEST DEBUG] Processing batch 14
2025-12-08 22:14:25 - root - INFO - [FINAL TEST DEBUG] Batch 14: unique predictions: [ 2  4  5 12]
2025-12-08 22:14:25 - root - INFO - [FINAL TEST DEBUG] Batch 14: unique labels: [-100    1    2    3]
2025-12-08 22:14:25 - root - INFO - [FINAL TEST DEBUG] Batch 14: loss: 5.7556
2025-12-08 22:14:25 - root - INFO - [FINAL TEST DEBUG] Processing batch 15
2025-12-08 22:14:26 - root - INFO - [FINAL TEST DEBUG] Batch 15: unique predictions: [ 2  4  5 12]
2025-12-08 22:14:26 - root - INFO - [FINAL TEST DEBUG] Batch 15: unique labels: [-100    1    2    3]
2025-12-08 22:14:26 - root - INFO - [FINAL TEST DEBUG] Batch 15: loss: 5.6151
2025-12-08 22:14:26 - root - INFO - [FINAL TEST DEBUG] Processing batch 16
2025-12-08 22:14:26 - root - INFO - [FINAL TEST DEBUG] Batch 16: unique predictions: [ 2  4  5 12]
2025-12-08 22:14:26 - root - INFO - [FINAL TEST DEBUG] Batch 16: unique labels: [-100    1    2]
2025-12-08 22:14:26 - root - INFO - [FINAL TEST DEBUG] Batch 16: loss: 5.3822
2025-12-08 22:14:26 - root - INFO - [FINAL TEST DEBUG] Processing batch 17
2025-12-08 22:14:26 - root - INFO - [FINAL TEST DEBUG] Batch 17: unique predictions: [ 2  4  5 12]
2025-12-08 22:14:26 - root - INFO - [FINAL TEST DEBUG] Batch 17: unique labels: [-100    1    3]
2025-12-08 22:14:26 - root - INFO - [FINAL TEST DEBUG] Batch 17: loss: 5.5485
2025-12-08 22:14:26 - root - INFO - [FINAL TEST DEBUG] Processing batch 18
2025-12-08 22:14:26 - root - INFO - [FINAL TEST DEBUG] Batch 18: unique predictions: [ 2  4  5 12]
2025-12-08 22:14:26 - root - INFO - [FINAL TEST DEBUG] Batch 18: unique labels: [-100    1    3]
2025-12-08 22:14:26 - root - INFO - [FINAL TEST DEBUG] Batch 18: loss: 4.9023
2025-12-08 22:14:26 - root - INFO - [FINAL TEST DEBUG] Processing batch 19
2025-12-08 22:14:27 - root - INFO - [FINAL TEST DEBUG] Batch 19: unique predictions: [ 2  4  5 12]
2025-12-08 22:14:27 - root - INFO - [FINAL TEST DEBUG] Batch 19: unique labels: [-100    1    2    4]
2025-12-08 22:14:27 - root - INFO - [FINAL TEST DEBUG] Batch 19: loss: 2.2193
2025-12-08 22:14:27 - root - INFO - [FINAL TEST DEBUG] Processing batch 20
2025-12-08 22:14:27 - root - INFO - [FINAL TEST DEBUG] Batch 20: unique predictions: [ 2  4  5 12]
2025-12-08 22:14:27 - root - INFO - [FINAL TEST DEBUG] Batch 20: unique labels: [-100    1    3    4]
2025-12-08 22:14:27 - root - INFO - [FINAL TEST DEBUG] Batch 20: loss: 3.9114
2025-12-08 22:14:27 - root - INFO - [FINAL TEST DEBUG] Processing batch 21
2025-12-08 22:14:27 - root - INFO - [FINAL TEST DEBUG] Batch 21: unique predictions: [ 2  4  5 12]
2025-12-08 22:14:27 - root - INFO - [FINAL TEST DEBUG] Batch 21: unique labels: [-100    1    3    4]
2025-12-08 22:14:27 - root - INFO - [FINAL TEST DEBUG] Batch 21: loss: 4.4524
2025-12-08 22:14:27 - root - INFO - [FINAL TEST DEBUG] Processing batch 22
2025-12-08 22:14:27 - root - INFO - [FINAL TEST DEBUG] Batch 22: unique predictions: [ 2  4  5 12]
2025-12-08 22:14:27 - root - INFO - [FINAL TEST DEBUG] Batch 22: unique labels: [-100    1    2    3]
2025-12-08 22:14:27 - root - INFO - [FINAL TEST DEBUG] Batch 22: loss: 4.1861
2025-12-08 22:14:27 - root - INFO - [FINAL TEST DEBUG] Processing batch 23
2025-12-08 22:14:28 - root - INFO - [FINAL TEST DEBUG] Batch 23: unique predictions: [ 2  4  5 12]
2025-12-08 22:14:28 - root - INFO - [FINAL TEST DEBUG] Batch 23: unique labels: [-100    1    4]
2025-12-08 22:14:28 - root - INFO - [FINAL TEST DEBUG] Batch 23: loss: 3.0422
2025-12-08 22:14:28 - root - INFO - [FINAL TEST DEBUG] Processing batch 24
2025-12-08 22:14:28 - root - INFO - [FINAL TEST DEBUG] Batch 24: unique predictions: [ 2  4  5 12]
2025-12-08 22:14:28 - root - INFO - [FINAL TEST DEBUG] Batch 24: unique labels: [-100    1    4]
2025-12-08 22:14:28 - root - INFO - [FINAL TEST DEBUG] Batch 24: loss: 0.9352
2025-12-08 22:14:28 - root - INFO - [FINAL TEST DEBUG] Processing batch 25
2025-12-08 22:14:28 - root - INFO - [FINAL TEST DEBUG] Batch 25: unique predictions: [ 2  4  5 12]
2025-12-08 22:14:28 - root - INFO - [FINAL TEST DEBUG] Batch 25: unique labels: [-100    1    3    4]
2025-12-08 22:14:28 - root - INFO - [FINAL TEST DEBUG] Batch 25: loss: 4.1962
2025-12-08 22:14:28 - root - INFO - [FINAL TEST DEBUG] Processing batch 26
2025-12-08 22:14:28 - root - INFO - [FINAL TEST DEBUG] Batch 26: unique predictions: [ 2  4  5 12]
2025-12-08 22:14:28 - root - INFO - [FINAL TEST DEBUG] Batch 26: unique labels: [-100    1    2    4]
2025-12-08 22:14:28 - root - INFO - [FINAL TEST DEBUG] Batch 26: loss: 2.7186
2025-12-08 22:14:28 - root - INFO - [FINAL TEST DEBUG] Processing batch 27
2025-12-08 22:14:29 - root - INFO - [FINAL TEST DEBUG] Batch 27: unique predictions: [ 2  4  5 12]
2025-12-08 22:14:29 - root - INFO - [FINAL TEST DEBUG] Batch 27: unique labels: [-100    2    3]
2025-12-08 22:14:29 - root - INFO - [FINAL TEST DEBUG] Batch 27: loss: 3.5069
2025-12-08 22:14:29 - root - INFO - [FINAL TEST DEBUG] Processing batch 28
2025-12-08 22:14:29 - root - INFO - [FINAL TEST DEBUG] Batch 28: unique predictions: [ 2  4  5 10 12]
2025-12-08 22:14:29 - root - INFO - [FINAL TEST DEBUG] Batch 28: unique labels: [-100    1    2    3]
2025-12-08 22:14:29 - root - INFO - [FINAL TEST DEBUG] Batch 28: loss: 4.6996
2025-12-08 22:14:29 - root - INFO - [FINAL TEST DEBUG] Processing batch 29
2025-12-08 22:14:29 - root - INFO - [FINAL TEST DEBUG] Batch 29: unique predictions: [ 2  4  5 12]
2025-12-08 22:14:29 - root - INFO - [FINAL TEST DEBUG] Batch 29: unique labels: [-100    1    3    4]
2025-12-08 22:14:29 - root - INFO - [FINAL TEST DEBUG] Batch 29: loss: 3.6177
2025-12-08 22:14:29 - root - INFO - [FINAL TEST DEBUG] Processing batch 30
2025-12-08 22:14:29 - root - INFO - [FINAL TEST DEBUG] Batch 30: unique predictions: [ 2  4  5 10 11 12 15]
2025-12-08 22:14:29 - root - INFO - [FINAL TEST DEBUG] Batch 30: unique labels: [-100    1    2    4]
2025-12-08 22:14:29 - root - INFO - [FINAL TEST DEBUG] Batch 30: loss: 2.6774
2025-12-08 22:14:29 - root - INFO - [FINAL TEST DEBUG] Processing batch 31
2025-12-08 22:14:30 - root - INFO - [FINAL TEST DEBUG] Batch 31: unique predictions: [ 2  4  5 12]
2025-12-08 22:14:30 - root - INFO - [FINAL TEST DEBUG] Batch 31: unique labels: [-100    1    2    3    4]
2025-12-08 22:14:30 - root - INFO - [FINAL TEST DEBUG] Batch 31: loss: 3.0280
2025-12-08 22:14:30 - root - INFO - [FINAL TEST DEBUG] Processing batch 32
2025-12-08 22:14:30 - root - INFO - [FINAL TEST DEBUG] Batch 32: unique predictions: [ 2  4  5 12]
2025-12-08 22:14:30 - root - INFO - [FINAL TEST DEBUG] Batch 32: unique labels: [-100    3    4]
2025-12-08 22:14:30 - root - INFO - [FINAL TEST DEBUG] Batch 32: loss: 0.6890
2025-12-08 22:14:30 - root - INFO - [FINAL TEST DEBUG] Processing batch 33
2025-12-08 22:14:30 - root - INFO - [FINAL TEST DEBUG] Batch 33: unique predictions: [ 2  4  5 12]
2025-12-08 22:14:30 - root - INFO - [FINAL TEST DEBUG] Batch 33: unique labels: [-100    3    4]
2025-12-08 22:14:30 - root - INFO - [FINAL TEST DEBUG] Batch 33: loss: 2.7767
2025-12-08 22:14:30 - root - INFO - [FINAL TEST DEBUG] Processing batch 34
2025-12-08 22:14:31 - root - INFO - [FINAL TEST DEBUG] Batch 34: unique predictions: [ 2  4  5 12]
2025-12-08 22:14:31 - root - INFO - [FINAL TEST DEBUG] Batch 34: unique labels: [-100    1    4]
2025-12-08 22:14:31 - root - INFO - [FINAL TEST DEBUG] Batch 34: loss: 4.3435
2025-12-08 22:14:31 - root - INFO - [FINAL TEST DEBUG] Processing batch 35
2025-12-08 22:14:31 - root - INFO - [FINAL TEST DEBUG] Batch 35: unique predictions: [ 2  4  5 12]
2025-12-08 22:14:31 - root - INFO - [FINAL TEST DEBUG] Batch 35: unique labels: [-100    1    3    4]
2025-12-08 22:14:31 - root - INFO - [FINAL TEST DEBUG] Batch 35: loss: 5.7164
2025-12-08 22:14:31 - root - INFO - [FINAL TEST DEBUG] Processing batch 36
2025-12-08 22:14:31 - root - INFO - [FINAL TEST DEBUG] Batch 36: unique predictions: [ 2  4  5 12]
2025-12-08 22:14:31 - root - INFO - [FINAL TEST DEBUG] Batch 36: unique labels: [-100    1    3]
2025-12-08 22:14:31 - root - INFO - [FINAL TEST DEBUG] Batch 36: loss: 4.8008
2025-12-08 22:14:31 - root - INFO - [FINAL TEST DEBUG] Processing batch 37
2025-12-08 22:14:31 - root - INFO - [FINAL TEST DEBUG] Batch 37: unique predictions: [ 2  4  5 12]
2025-12-08 22:14:31 - root - INFO - [FINAL TEST DEBUG] Batch 37: unique labels: [-100    1    2    3]
2025-12-08 22:14:31 - root - INFO - [FINAL TEST DEBUG] Batch 37: loss: 2.5236
2025-12-08 22:14:31 - root - INFO - [FINAL TEST DEBUG] Processing batch 38
2025-12-08 22:14:32 - root - INFO - [FINAL TEST DEBUG] Batch 38: unique predictions: [ 2  4  5 12]
2025-12-08 22:14:32 - root - INFO - [FINAL TEST DEBUG] Batch 38: unique labels: [-100    2    3]
2025-12-08 22:14:32 - root - INFO - [FINAL TEST DEBUG] Batch 38: loss: 2.1071
2025-12-08 22:14:32 - root - INFO - [FINAL TEST DEBUG] Processing batch 39
2025-12-08 22:14:32 - root - INFO - [FINAL TEST DEBUG] Batch 39: unique predictions: [ 2  4  5 12]
2025-12-08 22:14:32 - root - INFO - [FINAL TEST DEBUG] Batch 39: unique labels: [-100    1    2    4]
2025-12-08 22:14:32 - root - INFO - [FINAL TEST DEBUG] Batch 39: loss: 3.0189
2025-12-08 22:14:32 - root - INFO - [FINAL TEST DEBUG] Processing batch 40
2025-12-08 22:14:32 - root - INFO - [FINAL TEST DEBUG] Batch 40: unique predictions: [ 2  4  5 12]
2025-12-08 22:14:32 - root - INFO - [FINAL TEST DEBUG] Batch 40: unique labels: [-100    1    4]
2025-12-08 22:14:32 - root - INFO - [FINAL TEST DEBUG] Batch 40: loss: 2.6798
2025-12-08 22:14:32 - root - INFO - [FINAL TEST DEBUG] Processing batch 41
2025-12-08 22:14:32 - root - INFO - [FINAL TEST DEBUG] Batch 41: unique predictions: [ 2  4  5 10 12 15]
2025-12-08 22:14:32 - root - INFO - [FINAL TEST DEBUG] Batch 41: unique labels: [-100    1    4]
2025-12-08 22:14:32 - root - INFO - [FINAL TEST DEBUG] Batch 41: loss: 1.5365
2025-12-08 22:14:32 - root - INFO - [FINAL TEST DEBUG] Processing batch 42
2025-12-08 22:14:33 - root - INFO - [FINAL TEST DEBUG] Batch 42: unique predictions: [ 2  4  5 12]
2025-12-08 22:14:33 - root - INFO - [FINAL TEST DEBUG] Batch 42: unique labels: [-100    1    4]
2025-12-08 22:14:33 - root - INFO - [FINAL TEST DEBUG] Batch 42: loss: 1.4043
2025-12-08 22:14:33 - root - INFO - [FINAL TEST DEBUG] Processing batch 43
2025-12-08 22:14:33 - root - INFO - [FINAL TEST DEBUG] Batch 43: unique predictions: [ 2  4  5 12]
2025-12-08 22:14:33 - root - INFO - [FINAL TEST DEBUG] Batch 43: unique labels: [-100    1    4]
2025-12-08 22:14:33 - root - INFO - [FINAL TEST DEBUG] Batch 43: loss: 5.0088
2025-12-08 22:14:33 - root - INFO - [FINAL TEST DEBUG] Processing batch 44
2025-12-08 22:14:33 - root - INFO - [FINAL TEST DEBUG] Batch 44: unique predictions: [ 2  4  5 12]
2025-12-08 22:14:33 - root - INFO - [FINAL TEST DEBUG] Batch 44: unique labels: [-100    1    3    4]
2025-12-08 22:14:33 - root - INFO - [FINAL TEST DEBUG] Batch 44: loss: 5.0321
2025-12-08 22:14:33 - root - INFO - [FINAL TEST DEBUG] Processing batch 45
2025-12-08 22:14:33 - root - INFO - [FINAL TEST DEBUG] Batch 45: unique predictions: [ 2  4  5 12]
2025-12-08 22:14:33 - root - INFO - [FINAL TEST DEBUG] Batch 45: unique labels: [-100    1    2    4]
2025-12-08 22:14:33 - root - INFO - [FINAL TEST DEBUG] Batch 45: loss: 4.0495
2025-12-08 22:14:33 - root - INFO - [FINAL TEST DEBUG] Processing batch 46
2025-12-08 22:14:34 - root - INFO - [FINAL TEST DEBUG] Batch 46: unique predictions: [ 2  4  5 12]
2025-12-08 22:14:34 - root - INFO - [FINAL TEST DEBUG] Batch 46: unique labels: [-100    2]
2025-12-08 22:14:34 - root - INFO - [FINAL TEST DEBUG] Batch 46: loss: 1.5622
2025-12-08 22:14:34 - root - INFO - [FINAL TEST DEBUG] Processing batch 47
2025-12-08 22:14:34 - root - INFO - [FINAL TEST DEBUG] Batch 47: unique predictions: [ 2  4  5 12]
2025-12-08 22:14:34 - root - INFO - [FINAL TEST DEBUG] Batch 47: unique labels: [-100    1    2]
2025-12-08 22:14:34 - root - INFO - [FINAL TEST DEBUG] Batch 47: loss: 4.2103
2025-12-08 22:14:34 - root - INFO - [FINAL TEST DEBUG] Processing batch 48
2025-12-08 22:14:34 - root - INFO - [FINAL TEST DEBUG] Batch 48: unique predictions: [ 2  4  5 10 12]
2025-12-08 22:14:34 - root - INFO - [FINAL TEST DEBUG] Batch 48: unique labels: [-100    1    2    3]
2025-12-08 22:14:34 - root - INFO - [FINAL TEST DEBUG] Batch 48: loss: 4.2559
2025-12-08 22:14:34 - root - INFO - [FINAL TEST DEBUG] Processing batch 49
2025-12-08 22:14:34 - root - INFO - [FINAL TEST DEBUG] Batch 49: unique predictions: [ 2  4  5 12]
2025-12-08 22:14:34 - root - INFO - [FINAL TEST DEBUG] Batch 49: unique labels: [-100    1    3    4]
2025-12-08 22:14:34 - root - INFO - [FINAL TEST DEBUG] Batch 49: loss: 3.8285
2025-12-08 22:14:34 - root - INFO - [FINAL TEST DEBUG] Processing batch 50
2025-12-08 22:14:35 - root - INFO - [FINAL TEST DEBUG] Batch 50: unique predictions: [ 2  4  5 12]
2025-12-08 22:14:35 - root - INFO - [FINAL TEST DEBUG] Batch 50: unique labels: [-100    1    3    4]
2025-12-08 22:14:35 - root - INFO - [FINAL TEST DEBUG] Batch 50: loss: 3.9818
2025-12-08 22:14:35 - root - INFO - [FINAL TEST DEBUG] Processing batch 51
2025-12-08 22:14:35 - root - INFO - [FINAL TEST DEBUG] Batch 51: unique predictions: [ 2  4  5 12]
2025-12-08 22:14:35 - root - INFO - [FINAL TEST DEBUG] Batch 51: unique labels: [-100    2    3    4]
2025-12-08 22:14:35 - root - INFO - [FINAL TEST DEBUG] Batch 51: loss: 1.4469
2025-12-08 22:14:35 - root - INFO - [FINAL TEST DEBUG] Processing batch 52
2025-12-08 22:14:35 - root - INFO - [FINAL TEST DEBUG] Batch 52: unique predictions: [ 2  4  5 12]
2025-12-08 22:14:35 - root - INFO - [FINAL TEST DEBUG] Batch 52: unique labels: [-100    1    3    4]
2025-12-08 22:14:35 - root - INFO - [FINAL TEST DEBUG] Batch 52: loss: 0.9302
2025-12-08 22:14:35 - root - INFO - [FINAL TEST DEBUG] Processing batch 53
2025-12-08 22:14:35 - root - INFO - [FINAL TEST DEBUG] Batch 53: unique predictions: [ 2  4  5 12]
2025-12-08 22:14:35 - root - INFO - [FINAL TEST DEBUG] Batch 53: unique labels: [-100    1]
2025-12-08 22:14:35 - root - INFO - [FINAL TEST DEBUG] Batch 53: loss: 5.9028
2025-12-08 22:14:35 - root - INFO - [FINAL TEST DEBUG] Processing batch 54
2025-12-08 22:14:36 - root - INFO - [FINAL TEST DEBUG] Batch 54: unique predictions: [ 2  4  5 12]
2025-12-08 22:14:36 - root - INFO - [FINAL TEST DEBUG] Batch 54: unique labels: [-100    1    2    4]
2025-12-08 22:14:36 - root - INFO - [FINAL TEST DEBUG] Batch 54: loss: 5.1858
2025-12-08 22:14:36 - root - INFO - [FINAL TEST DEBUG] Processing batch 55
2025-12-08 22:14:36 - root - INFO - [FINAL TEST DEBUG] Batch 55: unique predictions: [ 2  4  5 12]
2025-12-08 22:14:36 - root - INFO - [FINAL TEST DEBUG] Batch 55: unique labels: [-100    1    3    4]
2025-12-08 22:14:36 - root - INFO - [FINAL TEST DEBUG] Batch 55: loss: 4.5316
2025-12-08 22:14:36 - root - INFO - [FINAL TEST DEBUG] Processing batch 56
2025-12-08 22:14:36 - root - INFO - [FINAL TEST DEBUG] Batch 56: unique predictions: [ 2  4  5 12]
2025-12-08 22:14:36 - root - INFO - [FINAL TEST DEBUG] Batch 56: unique labels: [-100    1    4]
2025-12-08 22:14:36 - root - INFO - [FINAL TEST DEBUG] Batch 56: loss: 2.4237
2025-12-08 22:14:36 - root - INFO - [FINAL TEST DEBUG] Processing batch 57
2025-12-08 22:14:36 - root - INFO - [FINAL TEST DEBUG] Batch 57: unique predictions: [ 2  4  5 12]
2025-12-08 22:14:36 - root - INFO - [FINAL TEST DEBUG] Batch 57: unique labels: [-100    1    3]
2025-12-08 22:14:36 - root - INFO - [FINAL TEST DEBUG] Batch 57: loss: 4.8673
2025-12-08 22:14:36 - root - INFO - [FINAL TEST DEBUG] Processing batch 58
2025-12-08 22:14:37 - root - INFO - [FINAL TEST DEBUG] Batch 58: unique predictions: [ 2  4  5 12]
2025-12-08 22:14:37 - root - INFO - [FINAL TEST DEBUG] Batch 58: unique labels: [-100    1    4]
2025-12-08 22:14:37 - root - INFO - [FINAL TEST DEBUG] Batch 58: loss: 4.8290
2025-12-08 22:14:37 - root - INFO - [FINAL TEST DEBUG] Processing batch 59
2025-12-08 22:14:37 - root - INFO - [FINAL TEST DEBUG] Batch 59: unique predictions: [ 2  4  5 12]
2025-12-08 22:14:37 - root - INFO - [FINAL TEST DEBUG] Batch 59: unique labels: [-100    1    4]
2025-12-08 22:14:37 - root - INFO - [FINAL TEST DEBUG] Batch 59: loss: 0.7222
2025-12-08 22:14:37 - root - INFO - [FINAL TEST DEBUG] Processing batch 60
2025-12-08 22:14:37 - root - INFO - [FINAL TEST DEBUG] Batch 60: unique predictions: [ 2  4  5 12]
2025-12-08 22:14:37 - root - INFO - [FINAL TEST DEBUG] Batch 60: unique labels: [-100    1    4]
2025-12-08 22:14:37 - root - INFO - [FINAL TEST DEBUG] Batch 60: loss: 0.7130
2025-12-08 22:14:37 - root - INFO - [FINAL TEST DEBUG] Processing batch 61
2025-12-08 22:14:37 - root - INFO - [FINAL TEST DEBUG] Batch 61: unique predictions: [ 2  4  5 12]
2025-12-08 22:14:37 - root - INFO - [FINAL TEST DEBUG] Batch 61: unique labels: [-100    1    4]
2025-12-08 22:14:37 - root - INFO - [FINAL TEST DEBUG] Batch 61: loss: 1.5288
2025-12-08 22:14:37 - root - INFO - [FINAL TEST DEBUG] Processing batch 62
2025-12-08 22:14:38 - root - INFO - [FINAL TEST DEBUG] Batch 62: unique predictions: [ 2  4  5 12]
2025-12-08 22:14:38 - root - INFO - [FINAL TEST DEBUG] Batch 62: unique labels: [-100    1    2    4]
2025-12-08 22:14:38 - root - INFO - [FINAL TEST DEBUG] Batch 62: loss: 3.7298
2025-12-08 22:14:38 - root - INFO - [FINAL TEST DEBUG] Processing batch 63
2025-12-08 22:14:38 - root - INFO - [FINAL TEST DEBUG] Batch 63: unique predictions: [ 2  4  5 12]
2025-12-08 22:14:38 - root - INFO - [FINAL TEST DEBUG] Batch 63: unique labels: [-100    2    3]
2025-12-08 22:14:38 - root - INFO - [FINAL TEST DEBUG] Batch 63: loss: 3.4273
2025-12-08 22:14:38 - root - INFO - [FINAL TEST DEBUG] Processing batch 64
2025-12-08 22:14:38 - root - INFO - [FINAL TEST DEBUG] Batch 64: unique predictions: [ 2  4  5 12]
2025-12-08 22:14:38 - root - INFO - [FINAL TEST DEBUG] Batch 64: unique labels: [-100    2    3    4]
2025-12-08 22:14:38 - root - INFO - [FINAL TEST DEBUG] Batch 64: loss: 0.7257
2025-12-08 22:14:38 - root - INFO - [FINAL TEST DEBUG] Processing batch 65
2025-12-08 22:14:38 - root - INFO - [FINAL TEST DEBUG] Batch 65: unique predictions: [ 2  4  5 12]
2025-12-08 22:14:38 - root - INFO - [FINAL TEST DEBUG] Batch 65: unique labels: [-100    2    3    4]
2025-12-08 22:14:38 - root - INFO - [FINAL TEST DEBUG] Batch 65: loss: 2.2270
2025-12-08 22:14:38 - root - INFO - [FINAL TEST DEBUG] Processing batch 66
2025-12-08 22:14:39 - root - INFO - [FINAL TEST DEBUG] Batch 66: unique predictions: [ 2  4  5 12]
2025-12-08 22:14:39 - root - INFO - [FINAL TEST DEBUG] Batch 66: unique labels: [-100    2    3    4]
2025-12-08 22:14:39 - root - INFO - [FINAL TEST DEBUG] Batch 66: loss: 1.9453
2025-12-08 22:14:39 - root - INFO - [FINAL TEST DEBUG] Processing batch 67
2025-12-08 22:14:39 - root - INFO - [FINAL TEST DEBUG] Batch 67: unique predictions: [ 2  4  5 12]
2025-12-08 22:14:39 - root - INFO - [FINAL TEST DEBUG] Batch 67: unique labels: [-100    1    2    3    4]
2025-12-08 22:14:39 - root - INFO - [FINAL TEST DEBUG] Batch 67: loss: 4.1150
2025-12-08 22:14:39 - root - INFO - [FINAL TEST DEBUG] Processing batch 68
2025-12-08 22:14:39 - root - INFO - [FINAL TEST DEBUG] Batch 68: unique predictions: [ 2  4  5 12]
2025-12-08 22:14:39 - root - INFO - [FINAL TEST DEBUG] Batch 68: unique labels: [-100    1    2    4]
2025-12-08 22:14:39 - root - INFO - [FINAL TEST DEBUG] Batch 68: loss: 2.5296
2025-12-08 22:14:39 - root - INFO - [FINAL TEST DEBUG] Processing batch 69
2025-12-08 22:14:40 - root - INFO - [FINAL TEST DEBUG] Batch 69: unique predictions: [ 2  4  5 12]
2025-12-08 22:14:40 - root - INFO - [FINAL TEST DEBUG] Batch 69: unique labels: [-100    1    4]
2025-12-08 22:14:40 - root - INFO - [FINAL TEST DEBUG] Batch 69: loss: 5.2941
2025-12-08 22:14:40 - root - INFO - [FINAL TEST DEBUG] Processing batch 70
2025-12-08 22:14:40 - root - INFO - [FINAL TEST DEBUG] Batch 70: unique predictions: [ 2  4  5 11 12]
2025-12-08 22:14:40 - root - INFO - [FINAL TEST DEBUG] Batch 70: unique labels: [-100    1    2    3]
2025-12-08 22:14:40 - root - INFO - [FINAL TEST DEBUG] Batch 70: loss: 2.7134
2025-12-08 22:14:40 - root - INFO - [FINAL TEST DEBUG] Processing batch 71
2025-12-08 22:14:40 - root - INFO - [FINAL TEST DEBUG] Batch 71: unique predictions: [ 2  4  5 10 11 12]
2025-12-08 22:14:40 - root - INFO - [FINAL TEST DEBUG] Batch 71: unique labels: [-100    1    2    3    4]
2025-12-08 22:14:40 - root - INFO - [FINAL TEST DEBUG] Batch 71: loss: 3.7092
2025-12-08 22:14:40 - root - INFO - [FINAL TEST DEBUG] Processing batch 72
2025-12-08 22:14:41 - root - INFO - [FINAL TEST DEBUG] Batch 72: unique predictions: [ 2  4  5 12]
2025-12-08 22:14:41 - root - INFO - [FINAL TEST DEBUG] Batch 72: unique labels: [-100    3    4]
2025-12-08 22:14:41 - root - INFO - [FINAL TEST DEBUG] Batch 72: loss: 1.7477
2025-12-08 22:14:41 - root - INFO - [FINAL TEST DEBUG] Processing batch 73
2025-12-08 22:14:41 - root - INFO - [FINAL TEST DEBUG] Batch 73: unique predictions: [ 2  4  5 10 11 12]
2025-12-08 22:14:41 - root - INFO - [FINAL TEST DEBUG] Batch 73: unique labels: [-100    1    3    4]
2025-12-08 22:14:41 - root - INFO - [FINAL TEST DEBUG] Batch 73: loss: 2.9752
2025-12-08 22:14:41 - root - INFO - [FINAL TEST DEBUG] Processing batch 74
2025-12-08 22:14:41 - root - INFO - [FINAL TEST DEBUG] Batch 74: unique predictions: [ 2  4  5 12]
2025-12-08 22:14:41 - root - INFO - [FINAL TEST DEBUG] Batch 74: unique labels: [-100    1    2    3    4]
2025-12-08 22:14:41 - root - INFO - [FINAL TEST DEBUG] Batch 74: loss: 4.0116
2025-12-08 22:14:41 - root - INFO - [FINAL TEST DEBUG] Processing batch 75
2025-12-08 22:14:41 - root - INFO - [FINAL TEST DEBUG] Batch 75: unique predictions: [ 2  4  5 12]
2025-12-08 22:14:41 - root - INFO - [FINAL TEST DEBUG] Batch 75: unique labels: [-100    1    2    4]
2025-12-08 22:14:41 - root - INFO - [FINAL TEST DEBUG] Batch 75: loss: 4.3033
2025-12-08 22:14:41 - root - INFO - [FINAL TEST DEBUG] Processing batch 76
2025-12-08 22:14:42 - root - INFO - [FINAL TEST DEBUG] Batch 76: unique predictions: [ 2  4  5 12]
2025-12-08 22:14:42 - root - INFO - [FINAL TEST DEBUG] Batch 76: unique labels: [-100    1    2    3]
2025-12-08 22:14:42 - root - INFO - [FINAL TEST DEBUG] Batch 76: loss: 4.4807
2025-12-08 22:14:42 - root - INFO - [FINAL TEST DEBUG] Processing batch 77
2025-12-08 22:14:42 - root - INFO - [FINAL TEST DEBUG] Batch 77: unique predictions: [ 2  4  5 12]
2025-12-08 22:14:42 - root - INFO - [FINAL TEST DEBUG] Batch 77: unique labels: [-100    1    2]
2025-12-08 22:14:42 - root - INFO - [FINAL TEST DEBUG] Batch 77: loss: 2.2601
2025-12-08 22:14:42 - root - INFO - [FINAL TEST DEBUG] Processing batch 78
2025-12-08 22:14:42 - root - INFO - [FINAL TEST DEBUG] Batch 78: unique predictions: [ 2  4  5 12]
2025-12-08 22:14:42 - root - INFO - [FINAL TEST DEBUG] Batch 78: unique labels: [-100    1    4]
2025-12-08 22:14:42 - root - INFO - [FINAL TEST DEBUG] Batch 78: loss: 6.0224
2025-12-08 22:14:42 - root - INFO - [FINAL TEST DEBUG] Processing batch 79
2025-12-08 22:14:42 - root - INFO - [FINAL TEST DEBUG] Batch 79: unique predictions: [ 2  4  5 12]
2025-12-08 22:14:42 - root - INFO - [FINAL TEST DEBUG] Batch 79: unique labels: [-100    1    2    3]
2025-12-08 22:14:42 - root - INFO - [FINAL TEST DEBUG] Batch 79: loss: 3.8803
2025-12-08 22:14:42 - root - INFO - [FINAL TEST DEBUG] Processing batch 80
2025-12-08 22:14:43 - root - INFO - [FINAL TEST DEBUG] Batch 80: unique predictions: [ 2  4  5 12]
2025-12-08 22:14:43 - root - INFO - [FINAL TEST DEBUG] Batch 80: unique labels: [-100    1    3    4]
2025-12-08 22:14:43 - root - INFO - [FINAL TEST DEBUG] Batch 80: loss: 3.8227
2025-12-08 22:14:43 - root - INFO - [FINAL TEST DEBUG] Processing batch 81
2025-12-08 22:14:43 - root - INFO - [FINAL TEST DEBUG] Batch 81: unique predictions: [ 2  4  5 12]
2025-12-08 22:14:43 - root - INFO - [FINAL TEST DEBUG] Batch 81: unique labels: [-100    1    2    4]
2025-12-08 22:14:43 - root - INFO - [FINAL TEST DEBUG] Batch 81: loss: 4.5097
2025-12-08 22:14:43 - root - INFO - [FINAL TEST DEBUG] Processing batch 82
2025-12-08 22:14:44 - root - INFO - [FINAL TEST DEBUG] Batch 82: unique predictions: [ 2  4  5 11 12]
2025-12-08 22:14:44 - root - INFO - [FINAL TEST DEBUG] Batch 82: unique labels: [-100    1    3]
2025-12-08 22:14:44 - root - INFO - [FINAL TEST DEBUG] Batch 82: loss: 3.6603
2025-12-08 22:14:44 - root - INFO - [FINAL TEST DEBUG] Processing batch 83
2025-12-08 22:14:44 - root - INFO - [FINAL TEST DEBUG] Batch 83: unique predictions: [ 2  4  5 12]
2025-12-08 22:14:44 - root - INFO - [FINAL TEST DEBUG] Batch 83: unique labels: [-100    1    2    3]
2025-12-08 22:14:44 - root - INFO - [FINAL TEST DEBUG] Batch 83: loss: 4.1027
2025-12-08 22:14:44 - root - INFO - [FINAL TEST DEBUG] Processing batch 84
2025-12-08 22:14:44 - root - INFO - [FINAL TEST DEBUG] Batch 84: unique predictions: [ 2  4  5 12]
2025-12-08 22:14:44 - root - INFO - [FINAL TEST DEBUG] Batch 84: unique labels: [-100    1    3]
2025-12-08 22:14:44 - root - INFO - [FINAL TEST DEBUG] Batch 84: loss: 4.4003
2025-12-08 22:14:44 - root - INFO - [FINAL TEST DEBUG] Processing batch 85
2025-12-08 22:14:45 - root - INFO - [FINAL TEST DEBUG] Batch 85: unique predictions: [ 2  4  5 12]
2025-12-08 22:14:45 - root - INFO - [FINAL TEST DEBUG] Batch 85: unique labels: [-100    1    3]
2025-12-08 22:14:45 - root - INFO - [FINAL TEST DEBUG] Batch 85: loss: 4.0844
2025-12-08 22:14:45 - root - INFO - [FINAL TEST DEBUG] Processing batch 86
2025-12-08 22:14:45 - root - INFO - [FINAL TEST DEBUG] Batch 86: unique predictions: [ 2  4  5 12]
2025-12-08 22:14:45 - root - INFO - [FINAL TEST DEBUG] Batch 86: unique labels: [-100    1    3    4]
2025-12-08 22:14:45 - root - INFO - [FINAL TEST DEBUG] Batch 86: loss: 4.5370
2025-12-08 22:14:45 - root - INFO - [FINAL TEST DEBUG] Processing batch 87
2025-12-08 22:14:45 - root - INFO - [FINAL TEST DEBUG] Batch 87: unique predictions: [ 2  4  5 12]
2025-12-08 22:14:45 - root - INFO - [FINAL TEST DEBUG] Batch 87: unique labels: [-100    1    4]
2025-12-08 22:14:45 - root - INFO - [FINAL TEST DEBUG] Batch 87: loss: 3.9099
2025-12-08 22:14:45 - root - INFO - [FINAL TEST DEBUG] Processing batch 88
2025-12-08 22:14:46 - root - INFO - [FINAL TEST DEBUG] Batch 88: unique predictions: [ 2  4  5 12]
2025-12-08 22:14:46 - root - INFO - [FINAL TEST DEBUG] Batch 88: unique labels: [-100    1    4]
2025-12-08 22:14:46 - root - INFO - [FINAL TEST DEBUG] Batch 88: loss: 3.7388
2025-12-08 22:14:46 - root - INFO - [FINAL TEST DEBUG] Processing batch 89
2025-12-08 22:14:46 - root - INFO - [FINAL TEST DEBUG] Batch 89: unique predictions: [ 2  4  5 12]
2025-12-08 22:14:46 - root - INFO - [FINAL TEST DEBUG] Batch 89: unique labels: [-100    1    4]
2025-12-08 22:14:46 - root - INFO - [FINAL TEST DEBUG] Batch 89: loss: 2.9098
2025-12-08 22:14:46 - root - INFO - [FINAL TEST DEBUG] Processing batch 90
2025-12-08 22:14:46 - root - INFO - [FINAL TEST DEBUG] Batch 90: unique predictions: [ 2  4  5 12]
2025-12-08 22:14:46 - root - INFO - [FINAL TEST DEBUG] Batch 90: unique labels: [-100    1    4]
2025-12-08 22:14:46 - root - INFO - [FINAL TEST DEBUG] Batch 90: loss: 5.2199
2025-12-08 22:14:46 - root - INFO - [FINAL TEST DEBUG] Processing batch 91
2025-12-08 22:14:47 - root - INFO - [FINAL TEST DEBUG] Batch 91: unique predictions: [ 2  4  5 12]
2025-12-08 22:14:47 - root - INFO - [FINAL TEST DEBUG] Batch 91: unique labels: [-100    1    2    3    4]
2025-12-08 22:14:47 - root - INFO - [FINAL TEST DEBUG] Batch 91: loss: 3.5133
2025-12-08 22:14:47 - root - INFO - [FINAL TEST DEBUG] Processing batch 92
2025-12-08 22:14:47 - root - INFO - [FINAL TEST DEBUG] Batch 92: unique predictions: [ 2  4  5 12]
2025-12-08 22:14:47 - root - INFO - [FINAL TEST DEBUG] Batch 92: unique labels: [-100    2    3]
2025-12-08 22:14:47 - root - INFO - [FINAL TEST DEBUG] Batch 92: loss: 2.1755
2025-12-08 22:14:47 - root - INFO - [FINAL TEST DEBUG] Processing batch 93
2025-12-08 22:14:47 - root - INFO - [FINAL TEST DEBUG] Batch 93: unique predictions: [ 2  4  5 12]
2025-12-08 22:14:47 - root - INFO - [FINAL TEST DEBUG] Batch 93: unique labels: [-100    1    2    4]
2025-12-08 22:14:47 - root - INFO - [FINAL TEST DEBUG] Batch 93: loss: 2.3704
2025-12-08 22:14:47 - root - INFO - [FINAL TEST DEBUG] Processing batch 94
2025-12-08 22:14:47 - root - INFO - [FINAL TEST DEBUG] Batch 94: unique predictions: [ 2  4  5 12]
2025-12-08 22:14:47 - root - INFO - [FINAL TEST DEBUG] Batch 94: unique labels: [-100    2    4]
2025-12-08 22:14:47 - root - INFO - [FINAL TEST DEBUG] Batch 94: loss: 1.1185
2025-12-08 22:14:47 - root - INFO - [FINAL TEST DEBUG] Processing batch 95
2025-12-08 22:14:48 - root - INFO - [FINAL TEST DEBUG] Batch 95: unique predictions: [ 2  4  5 12]
2025-12-08 22:14:48 - root - INFO - [FINAL TEST DEBUG] Batch 95: unique labels: [-100    2    3    4]
2025-12-08 22:14:48 - root - INFO - [FINAL TEST DEBUG] Batch 95: loss: 2.3802
2025-12-08 22:14:48 - root - INFO - [FINAL TEST DEBUG] Processing batch 96
2025-12-08 22:14:48 - root - INFO - [FINAL TEST DEBUG] Batch 96: unique predictions: [ 2  4  5 12]
2025-12-08 22:14:48 - root - INFO - [FINAL TEST DEBUG] Batch 96: unique labels: [-100    1    2    3]
2025-12-08 22:14:48 - root - INFO - [FINAL TEST DEBUG] Batch 96: loss: 3.1389
2025-12-08 22:14:48 - root - INFO - [FINAL TEST DEBUG] Processing batch 97
2025-12-08 22:14:48 - root - INFO - [FINAL TEST DEBUG] Batch 97: unique predictions: [ 2  4  5 12]
2025-12-08 22:14:48 - root - INFO - [FINAL TEST DEBUG] Batch 97: unique labels: [-100    1    2    3]
2025-12-08 22:14:48 - root - INFO - [FINAL TEST DEBUG] Batch 97: loss: 3.9922
2025-12-08 22:14:48 - root - INFO - [FINAL TEST DEBUG] Processing batch 98
2025-12-08 22:14:48 - root - INFO - [FINAL TEST DEBUG] Batch 98: unique predictions: [ 2  4  5 11 12]
2025-12-08 22:14:48 - root - INFO - [FINAL TEST DEBUG] Batch 98: unique labels: [-100    1    2    3]
2025-12-08 22:14:48 - root - INFO - [FINAL TEST DEBUG] Batch 98: loss: 3.1972
2025-12-08 22:14:48 - root - INFO - [FINAL TEST DEBUG] Processing batch 99
2025-12-08 22:14:49 - root - INFO - [FINAL TEST DEBUG] Batch 99: unique predictions: [ 2  4  5 11 12]
2025-12-08 22:14:49 - root - INFO - [FINAL TEST DEBUG] Batch 99: unique labels: [-100    1    3    4]
2025-12-08 22:14:49 - root - INFO - [FINAL TEST DEBUG] Batch 99: loss: 2.9142
2025-12-08 22:14:49 - root - INFO - [FINAL TEST DEBUG] Processing batch 100
2025-12-08 22:14:49 - root - INFO - [FINAL TEST DEBUG] Batch 100: unique predictions: [ 2  4  5 12]
2025-12-08 22:14:49 - root - INFO - [FINAL TEST DEBUG] Batch 100: unique labels: [-100    1    2    3    4]
2025-12-08 22:14:49 - root - INFO - [FINAL TEST DEBUG] Batch 100: loss: 2.9569
2025-12-08 22:14:49 - root - INFO - [FINAL TEST DEBUG] Processing batch 101
2025-12-08 22:14:49 - root - INFO - [FINAL TEST DEBUG] Batch 101: unique predictions: [ 2  4  5 12]
2025-12-08 22:14:49 - root - INFO - [FINAL TEST DEBUG] Batch 101: unique labels: [-100    1    2    3    4]
2025-12-08 22:14:49 - root - INFO - [FINAL TEST DEBUG] Batch 101: loss: 2.5868
2025-12-08 22:14:49 - root - INFO - [FINAL TEST DEBUG] Processing batch 102
2025-12-08 22:14:50 - root - INFO - [FINAL TEST DEBUG] Batch 102: unique predictions: [ 2  4  5 12]
2025-12-08 22:14:50 - root - INFO - [FINAL TEST DEBUG] Batch 102: unique labels: [-100    3    4]
2025-12-08 22:14:50 - root - INFO - [FINAL TEST DEBUG] Batch 102: loss: 3.7929
2025-12-08 22:14:50 - root - INFO - [FINAL TEST DEBUG] Processing batch 103
2025-12-08 22:14:50 - root - INFO - [FINAL TEST DEBUG] Batch 103: unique predictions: [ 2  4  5 12]
2025-12-08 22:14:50 - root - INFO - [FINAL TEST DEBUG] Batch 103: unique labels: [-100    1    2    3]
2025-12-08 22:14:50 - root - INFO - [FINAL TEST DEBUG] Batch 103: loss: 4.5902
2025-12-08 22:14:50 - root - INFO - [FINAL TEST DEBUG] Processing batch 104
2025-12-08 22:14:50 - root - INFO - [FINAL TEST DEBUG] Batch 104: unique predictions: [ 2  4  5 12]
2025-12-08 22:14:50 - root - INFO - [FINAL TEST DEBUG] Batch 104: unique labels: [-100    1    2]
2025-12-08 22:14:50 - root - INFO - [FINAL TEST DEBUG] Batch 104: loss: 2.2257
2025-12-08 22:14:50 - root - INFO - [FINAL TEST DEBUG] Processing batch 105
2025-12-08 22:14:51 - root - INFO - [FINAL TEST DEBUG] Batch 105: unique predictions: [ 2  4  5 12]
2025-12-08 22:14:51 - root - INFO - [FINAL TEST DEBUG] Batch 105: unique labels: [-100    2    3]
2025-12-08 22:14:51 - root - INFO - [FINAL TEST DEBUG] Batch 105: loss: 2.6644
2025-12-08 22:14:51 - root - INFO - [FINAL TEST DEBUG] Processing batch 106
2025-12-08 22:14:51 - root - INFO - [FINAL TEST DEBUG] Batch 106: unique predictions: [ 2  4  5 12]
2025-12-08 22:14:51 - root - INFO - [FINAL TEST DEBUG] Batch 106: unique labels: [-100    1    2    4]
2025-12-08 22:14:51 - root - INFO - [FINAL TEST DEBUG] Batch 106: loss: 0.8989
2025-12-08 22:14:51 - root - INFO - [FINAL TEST DEBUG] Processing batch 107
2025-12-08 22:14:51 - root - INFO - [FINAL TEST DEBUG] Batch 107: unique predictions: [ 2  4  5 12]
2025-12-08 22:14:51 - root - INFO - [FINAL TEST DEBUG] Batch 107: unique labels: [-100    2    4]
2025-12-08 22:14:51 - root - INFO - [FINAL TEST DEBUG] Batch 107: loss: 1.1882
2025-12-08 22:14:51 - root - INFO - [FINAL TEST DEBUG] Processing batch 108
2025-12-08 22:14:51 - root - INFO - [FINAL TEST DEBUG] Batch 108: unique predictions: [ 2  4  5 12]
2025-12-08 22:14:51 - root - INFO - [FINAL TEST DEBUG] Batch 108: unique labels: [-100    3    4]
2025-12-08 22:14:51 - root - INFO - [FINAL TEST DEBUG] Batch 108: loss: 1.1857
2025-12-08 22:14:51 - root - INFO - [FINAL TEST DEBUG] Processing batch 109
2025-12-08 22:14:52 - root - INFO - [FINAL TEST DEBUG] Batch 109: unique predictions: [ 2  4  5 12]
2025-12-08 22:14:52 - root - INFO - [FINAL TEST DEBUG] Batch 109: unique labels: [-100    2    3    4]
2025-12-08 22:14:52 - root - INFO - [FINAL TEST DEBUG] Batch 109: loss: 1.9394
2025-12-08 22:14:52 - root - INFO - [FINAL TEST DEBUG] Processing batch 110
2025-12-08 22:14:52 - root - INFO - [FINAL TEST DEBUG] Batch 110: unique predictions: [ 2  4  5 10 11 12]
2025-12-08 22:14:52 - root - INFO - [FINAL TEST DEBUG] Batch 110: unique labels: [-100    3    4]
2025-12-08 22:14:52 - root - INFO - [FINAL TEST DEBUG] Batch 110: loss: 3.2999
2025-12-08 22:14:52 - root - INFO - [FINAL TEST DEBUG] Processing batch 111
2025-12-08 22:14:52 - root - INFO - [FINAL TEST DEBUG] Batch 111: unique predictions: [ 2  4  5 12]
2025-12-08 22:14:52 - root - INFO - [FINAL TEST DEBUG] Batch 111: unique labels: [-100    3    4]
2025-12-08 22:14:52 - root - INFO - [FINAL TEST DEBUG] Batch 111: loss: 1.8530
2025-12-08 22:14:52 - root - INFO - [FINAL TEST DEBUG] Processing batch 112
2025-12-08 22:14:53 - root - INFO - [FINAL TEST DEBUG] Batch 112: unique predictions: [ 2  4  5 12]
2025-12-08 22:14:53 - root - INFO - [FINAL TEST DEBUG] Batch 112: unique labels: [-100    1    2    3]
2025-12-08 22:14:53 - root - INFO - [FINAL TEST DEBUG] Batch 112: loss: 5.2169
2025-12-08 22:14:53 - root - INFO - [FINAL TEST DEBUG] Processing batch 113
2025-12-08 22:14:53 - root - INFO - [FINAL TEST DEBUG] Batch 113: unique predictions: [ 2  4  5 12]
2025-12-08 22:14:53 - root - INFO - [FINAL TEST DEBUG] Batch 113: unique labels: [-100    1    3    4]
2025-12-08 22:14:53 - root - INFO - [FINAL TEST DEBUG] Batch 113: loss: 3.9964
2025-12-08 22:14:53 - root - INFO - [FINAL TEST DEBUG] Processing batch 114
2025-12-08 22:14:53 - root - INFO - [FINAL TEST DEBUG] Batch 114: unique predictions: [ 2  4  5 12]
2025-12-08 22:14:53 - root - INFO - [FINAL TEST DEBUG] Batch 114: unique labels: [-100    3    4]
2025-12-08 22:14:53 - root - INFO - [FINAL TEST DEBUG] Batch 114: loss: 3.6563
2025-12-08 22:14:53 - root - INFO - [FINAL TEST DEBUG] Processing batch 115
2025-12-08 22:14:53 - root - INFO - [FINAL TEST DEBUG] Batch 115: unique predictions: [ 2  4  5 12]
2025-12-08 22:14:53 - root - INFO - [FINAL TEST DEBUG] Batch 115: unique labels: [-100    1    2    3    4]
2025-12-08 22:14:53 - root - INFO - [FINAL TEST DEBUG] Batch 115: loss: 2.9490
2025-12-08 22:14:53 - root - INFO - [FINAL TEST DEBUG] Processing batch 116
2025-12-08 22:14:54 - root - INFO - [FINAL TEST DEBUG] Batch 116: unique predictions: [ 2  4  5 12]
2025-12-08 22:14:54 - root - INFO - [FINAL TEST DEBUG] Batch 116: unique labels: [-100    1    3    4]
2025-12-08 22:14:54 - root - INFO - [FINAL TEST DEBUG] Batch 116: loss: 4.0172
2025-12-08 22:14:54 - root - INFO - [FINAL TEST DEBUG] Processing batch 117
2025-12-08 22:14:54 - root - INFO - [FINAL TEST DEBUG] Batch 117: unique predictions: [ 2  4  5 12]
2025-12-08 22:14:54 - root - INFO - [FINAL TEST DEBUG] Batch 117: unique labels: [-100    2    3    4]
2025-12-08 22:14:54 - root - INFO - [FINAL TEST DEBUG] Batch 117: loss: 1.6480
2025-12-08 22:14:54 - root - INFO - [FINAL TEST DEBUG] Processing batch 118
2025-12-08 22:14:54 - root - INFO - [FINAL TEST DEBUG] Batch 118: unique predictions: [ 2  4  5 12]
2025-12-08 22:14:54 - root - INFO - [FINAL TEST DEBUG] Batch 118: unique labels: [-100    1    4]
2025-12-08 22:14:54 - root - INFO - [FINAL TEST DEBUG] Batch 118: loss: 1.1479
2025-12-08 22:14:54 - root - INFO - [FINAL TEST DEBUG] Processing batch 119
2025-12-08 22:14:55 - root - INFO - [FINAL TEST DEBUG] Batch 119: unique predictions: [ 2  4  5 12]
2025-12-08 22:14:55 - root - INFO - [FINAL TEST DEBUG] Batch 119: unique labels: [-100    1    2    4]
2025-12-08 22:14:55 - root - INFO - [FINAL TEST DEBUG] Batch 119: loss: 4.4784
2025-12-08 22:14:55 - root - INFO - [FINAL TEST DEBUG] Processing batch 120
2025-12-08 22:14:55 - root - INFO - [FINAL TEST DEBUG] Batch 120: unique predictions: [ 2  4  5 12]
2025-12-08 22:14:55 - root - INFO - [FINAL TEST DEBUG] Batch 120: unique labels: [-100    1    4]
2025-12-08 22:14:55 - root - INFO - [FINAL TEST DEBUG] Batch 120: loss: 5.6292
2025-12-08 22:14:55 - root - INFO - [FINAL TEST DEBUG] Processing batch 121
2025-12-08 22:14:55 - root - INFO - [FINAL TEST DEBUG] Batch 121: unique predictions: [ 2  4  5 12]
2025-12-08 22:14:55 - root - INFO - [FINAL TEST DEBUG] Batch 121: unique labels: [-100    1    2]
2025-12-08 22:14:55 - root - INFO - [FINAL TEST DEBUG] Batch 121: loss: 2.5351
2025-12-08 22:14:55 - root - INFO - [FINAL TEST DEBUG] Processing batch 122
2025-12-08 22:14:56 - root - INFO - [FINAL TEST DEBUG] Batch 122: unique predictions: [ 2  4  5 12]
2025-12-08 22:14:56 - root - INFO - [FINAL TEST DEBUG] Batch 122: unique labels: [-100    1    2    4]
2025-12-08 22:14:56 - root - INFO - [FINAL TEST DEBUG] Batch 122: loss: 2.5408
2025-12-08 22:14:56 - root - INFO - [FINAL TEST DEBUG] Processing batch 123
2025-12-08 22:14:56 - root - INFO - [FINAL TEST DEBUG] Batch 123: unique predictions: [ 2  4  5 12]
2025-12-08 22:14:56 - root - INFO - [FINAL TEST DEBUG] Batch 123: unique labels: [-100    1    2    4]
2025-12-08 22:14:56 - root - INFO - [FINAL TEST DEBUG] Batch 123: loss: 4.3416
2025-12-08 22:14:56 - root - INFO - [FINAL TEST DEBUG] Processing batch 124
2025-12-08 22:14:56 - root - INFO - [FINAL TEST DEBUG] Batch 124: unique predictions: [ 2  4  5 12]
2025-12-08 22:14:56 - root - INFO - [FINAL TEST DEBUG] Batch 124: unique labels: [-100    1    2    3]
2025-12-08 22:14:56 - root - INFO - [FINAL TEST DEBUG] Batch 124: loss: 4.7369
2025-12-08 22:14:56 - root - INFO - [FINAL TEST DEBUG] Processing batch 125
2025-12-08 22:14:56 - root - INFO - [FINAL TEST DEBUG] Batch 125: unique predictions: [ 2  4  5 12]
2025-12-08 22:14:56 - root - INFO - [FINAL TEST DEBUG] Batch 125: unique labels: [-100    1    4]
2025-12-08 22:14:56 - root - INFO - [FINAL TEST DEBUG] Batch 125: loss: 3.9032
2025-12-08 22:14:56 - root - INFO - [FINAL TEST DEBUG] Processing batch 126
2025-12-08 22:14:57 - root - INFO - [FINAL TEST DEBUG] Batch 126: unique predictions: [ 2  4  5 12]
2025-12-08 22:14:57 - root - INFO - [FINAL TEST DEBUG] Batch 126: unique labels: [-100    1    3]
2025-12-08 22:14:57 - root - INFO - [FINAL TEST DEBUG] Batch 126: loss: 5.5738
2025-12-08 22:14:57 - root - INFO - [FINAL TEST DEBUG] Processing batch 127
2025-12-08 22:14:57 - root - INFO - [FINAL TEST DEBUG] Batch 127: unique predictions: [ 2  4  5 12]
2025-12-08 22:14:57 - root - INFO - [FINAL TEST DEBUG] Batch 127: unique labels: [-100    1    2    4]
2025-12-08 22:14:57 - root - INFO - [FINAL TEST DEBUG] Batch 127: loss: 2.7864
2025-12-08 22:14:57 - root - INFO - [FINAL TEST DEBUG] Processing batch 128
2025-12-08 22:14:57 - root - INFO - [FINAL TEST DEBUG] Batch 128: unique predictions: [ 2  4  5 12]
2025-12-08 22:14:57 - root - INFO - [FINAL TEST DEBUG] Batch 128: unique labels: [-100    3    4]
2025-12-08 22:14:57 - root - INFO - [FINAL TEST DEBUG] Batch 128: loss: 2.3532
2025-12-08 22:14:57 - root - INFO - [FINAL TEST DEBUG] Processing batch 129
2025-12-08 22:14:58 - root - INFO - [FINAL TEST DEBUG] Batch 129: unique predictions: [ 2  4  5 12]
2025-12-08 22:14:58 - root - INFO - [FINAL TEST DEBUG] Batch 129: unique labels: [-100    1    2    3]
2025-12-08 22:14:58 - root - INFO - [FINAL TEST DEBUG] Batch 129: loss: 3.7267
2025-12-08 22:14:58 - root - INFO - [FINAL TEST DEBUG] Processing batch 130
2025-12-08 22:14:58 - root - INFO - [FINAL TEST DEBUG] Batch 130: unique predictions: [ 2  4  5 12]
2025-12-08 22:14:58 - root - INFO - [FINAL TEST DEBUG] Batch 130: unique labels: [-100    2    3    4]
2025-12-08 22:14:58 - root - INFO - [FINAL TEST DEBUG] Batch 130: loss: 1.4681
2025-12-08 22:14:58 - root - INFO - [FINAL TEST DEBUG] Processing batch 131
2025-12-08 22:14:58 - root - INFO - [FINAL TEST DEBUG] Batch 131: unique predictions: [ 2  4  5 12]
2025-12-08 22:14:58 - root - INFO - [FINAL TEST DEBUG] Batch 131: unique labels: [-100    1    2    3]
2025-12-08 22:14:58 - root - INFO - [FINAL TEST DEBUG] Batch 131: loss: 2.3951
2025-12-08 22:14:58 - root - INFO - [FINAL TEST DEBUG] Processing batch 132
2025-12-08 22:14:59 - root - INFO - [FINAL TEST DEBUG] Batch 132: unique predictions: [ 2  4  5 12]
2025-12-08 22:14:59 - root - INFO - [FINAL TEST DEBUG] Batch 132: unique labels: [-100    2    3    4]
2025-12-08 22:14:59 - root - INFO - [FINAL TEST DEBUG] Batch 132: loss: 2.2362
2025-12-08 22:14:59 - root - INFO - [FINAL TEST DEBUG] Processing batch 133
2025-12-08 22:14:59 - root - INFO - [FINAL TEST DEBUG] Batch 133: unique predictions: [ 2  4  5 12]
2025-12-08 22:14:59 - root - INFO - [FINAL TEST DEBUG] Batch 133: unique labels: [-100    1    3    4]
2025-12-08 22:14:59 - root - INFO - [FINAL TEST DEBUG] Batch 133: loss: 3.9336
2025-12-08 22:14:59 - root - INFO - [FINAL TEST DEBUG] Processing batch 134
2025-12-08 22:14:59 - root - INFO - [FINAL TEST DEBUG] Batch 134: unique predictions: [ 2  4  5 12]
2025-12-08 22:14:59 - root - INFO - [FINAL TEST DEBUG] Batch 134: unique labels: [-100    2    3]
2025-12-08 22:14:59 - root - INFO - [FINAL TEST DEBUG] Batch 134: loss: 1.9190
2025-12-08 22:14:59 - root - INFO - [FINAL TEST DEBUG] Processing batch 135
2025-12-08 22:15:00 - root - INFO - [FINAL TEST DEBUG] Batch 135: unique predictions: [ 2  4  5  7  8 10 12]
2025-12-08 22:15:00 - root - INFO - [FINAL TEST DEBUG] Batch 135: unique labels: [-100    2    3    4]
2025-12-08 22:15:00 - root - INFO - [FINAL TEST DEBUG] Batch 135: loss: 3.3527
2025-12-08 22:15:00 - root - INFO - [FINAL TEST DEBUG] Processing batch 136
2025-12-08 22:15:00 - root - INFO - [FINAL TEST DEBUG] Batch 136: unique predictions: [ 2  4  5 12]
2025-12-08 22:15:00 - root - INFO - [FINAL TEST DEBUG] Batch 136: unique labels: [-100    1    4]
2025-12-08 22:15:00 - root - INFO - [FINAL TEST DEBUG] Batch 136: loss: 1.5985
2025-12-08 22:15:00 - root - INFO - [FINAL TEST DEBUG] Processing batch 137
2025-12-08 22:15:00 - root - INFO - [FINAL TEST DEBUG] Batch 137: unique predictions: [ 2  4  5 12]
2025-12-08 22:15:00 - root - INFO - [FINAL TEST DEBUG] Batch 137: unique labels: [-100    1    3    4]
2025-12-08 22:15:00 - root - INFO - [FINAL TEST DEBUG] Batch 137: loss: 2.2691
2025-12-08 22:15:00 - root - INFO - [FINAL TEST DEBUG] Processing batch 138
2025-12-08 22:15:00 - root - INFO - [FINAL TEST DEBUG] Batch 138: unique predictions: [ 2  4  5 12]
2025-12-08 22:15:00 - root - INFO - [FINAL TEST DEBUG] Batch 138: unique labels: [-100    1    4]
2025-12-08 22:15:00 - root - INFO - [FINAL TEST DEBUG] Batch 138: loss: 4.3750
2025-12-08 22:15:00 - root - INFO - [FINAL TEST DEBUG] Processing batch 139
2025-12-08 22:15:01 - root - INFO - [FINAL TEST DEBUG] Batch 139: unique predictions: [ 2  4  5 12]
2025-12-08 22:15:01 - root - INFO - [FINAL TEST DEBUG] Batch 139: unique labels: [-100    2    3    4]
2025-12-08 22:15:01 - root - INFO - [FINAL TEST DEBUG] Batch 139: loss: 2.7759
2025-12-08 22:15:01 - root - INFO - [FINAL TEST DEBUG] Processing batch 140
2025-12-08 22:15:01 - root - INFO - [FINAL TEST DEBUG] Batch 140: unique predictions: [ 2  4  5 12]
2025-12-08 22:15:01 - root - INFO - [FINAL TEST DEBUG] Batch 140: unique labels: [-100    1    2    4]
2025-12-08 22:15:01 - root - INFO - [FINAL TEST DEBUG] Batch 140: loss: 1.5669
2025-12-08 22:15:01 - root - INFO - [FINAL TEST DEBUG] Processing batch 141
2025-12-08 22:15:01 - root - INFO - [FINAL TEST DEBUG] Batch 141: unique predictions: [ 2  4  5 12]
2025-12-08 22:15:01 - root - INFO - [FINAL TEST DEBUG] Batch 141: unique labels: [-100    1    3    4]
2025-12-08 22:15:01 - root - INFO - [FINAL TEST DEBUG] Batch 141: loss: 2.9242
2025-12-08 22:15:01 - root - INFO - [FINAL TEST DEBUG] Processing batch 142
2025-12-08 22:15:02 - root - INFO - [FINAL TEST DEBUG] Batch 142: unique predictions: [ 2  4  5 12]
2025-12-08 22:15:02 - root - INFO - [FINAL TEST DEBUG] Batch 142: unique labels: [-100    1    3    4]
2025-12-08 22:15:02 - root - INFO - [FINAL TEST DEBUG] Batch 142: loss: 5.0676
2025-12-08 22:15:02 - root - INFO - [FINAL TEST DEBUG] Processing batch 143
2025-12-08 22:15:02 - root - INFO - [FINAL TEST DEBUG] Batch 143: unique predictions: [ 2  4  5 12]
2025-12-08 22:15:02 - root - INFO - [FINAL TEST DEBUG] Batch 143: unique labels: [-100    1    4]
2025-12-08 22:15:02 - root - INFO - [FINAL TEST DEBUG] Batch 143: loss: 3.1411
2025-12-08 22:15:02 - root - INFO - [FINAL TEST DEBUG] Processing batch 144
2025-12-08 22:15:02 - root - INFO - [FINAL TEST DEBUG] Batch 144: unique predictions: [ 2  4  5 12]
2025-12-08 22:15:02 - root - INFO - [FINAL TEST DEBUG] Batch 144: unique labels: [-100    1    3    4]
2025-12-08 22:15:02 - root - INFO - [FINAL TEST DEBUG] Batch 144: loss: 2.8137
2025-12-08 22:15:02 - root - INFO - [FINAL TEST DEBUG] Processing batch 145
2025-12-08 22:15:02 - root - INFO - [FINAL TEST DEBUG] Batch 145: unique predictions: [ 2  4  5 11 12]
2025-12-08 22:15:02 - root - INFO - [FINAL TEST DEBUG] Batch 145: unique labels: [-100    1    3    4]
2025-12-08 22:15:02 - root - INFO - [FINAL TEST DEBUG] Batch 145: loss: 4.1407
2025-12-08 22:15:02 - root - INFO - [FINAL TEST DEBUG] Processing batch 146
2025-12-08 22:15:03 - root - INFO - [FINAL TEST DEBUG] Batch 146: unique predictions: [ 2  4  5 12]
2025-12-08 22:15:03 - root - INFO - [FINAL TEST DEBUG] Batch 146: unique labels: [-100    1    2    3]
2025-12-08 22:15:03 - root - INFO - [FINAL TEST DEBUG] Batch 146: loss: 4.0774
2025-12-08 22:15:03 - root - INFO - [FINAL TEST DEBUG] Processing batch 147
2025-12-08 22:15:03 - root - INFO - [FINAL TEST DEBUG] Batch 147: unique predictions: [ 2  4  5 12]
2025-12-08 22:15:03 - root - INFO - [FINAL TEST DEBUG] Batch 147: unique labels: [-100    1    3]
2025-12-08 22:15:03 - root - INFO - [FINAL TEST DEBUG] Batch 147: loss: 4.8962
2025-12-08 22:15:03 - root - INFO - [FINAL TEST DEBUG] Processing batch 148
2025-12-08 22:15:03 - root - INFO - [FINAL TEST DEBUG] Batch 148: unique predictions: [ 2  4  5 12]
2025-12-08 22:15:03 - root - INFO - [FINAL TEST DEBUG] Batch 148: unique labels: [-100    1    3    4]
2025-12-08 22:15:03 - root - INFO - [FINAL TEST DEBUG] Batch 148: loss: 3.6598
2025-12-08 22:15:03 - root - INFO - [FINAL TEST DEBUG] Processing batch 149
2025-12-08 22:15:04 - root - INFO - [FINAL TEST DEBUG] Batch 149: unique predictions: [ 2  4  5 11 12]
2025-12-08 22:15:04 - root - INFO - [FINAL TEST DEBUG] Batch 149: unique labels: [-100    1    3    4]
2025-12-08 22:15:04 - root - INFO - [FINAL TEST DEBUG] Batch 149: loss: 3.4376
2025-12-08 22:15:04 - root - INFO - [FINAL TEST DEBUG] Processing batch 150
2025-12-08 22:15:04 - root - INFO - [FINAL TEST DEBUG] Batch 150: unique predictions: [ 2  4  5 12]
2025-12-08 22:15:04 - root - INFO - [FINAL TEST DEBUG] Batch 150: unique labels: [-100    1    2]
2025-12-08 22:15:04 - root - INFO - [FINAL TEST DEBUG] Batch 150: loss: 4.5752
2025-12-08 22:15:04 - root - INFO - [FINAL TEST DEBUG] Processing batch 151
2025-12-08 22:15:04 - root - INFO - [FINAL TEST DEBUG] Batch 151: unique predictions: [ 2  4  5 12]
2025-12-08 22:15:04 - root - INFO - [FINAL TEST DEBUG] Batch 151: unique labels: [-100    2    3    4]
2025-12-08 22:15:04 - root - INFO - [FINAL TEST DEBUG] Batch 151: loss: 3.4963
2025-12-08 22:15:04 - root - INFO - [FINAL TEST DEBUG] Processing batch 152
2025-12-08 22:15:04 - root - INFO - [FINAL TEST DEBUG] Batch 152: unique predictions: [ 2  4  5 12]
2025-12-08 22:15:04 - root - INFO - [FINAL TEST DEBUG] Batch 152: unique labels: [-100    1    2    3]
2025-12-08 22:15:04 - root - INFO - [FINAL TEST DEBUG] Batch 152: loss: 3.5986
2025-12-08 22:15:04 - root - INFO - [FINAL TEST DEBUG] Processing batch 153
2025-12-08 22:15:05 - root - INFO - [FINAL TEST DEBUG] Batch 153: unique predictions: [ 2  4  5 12]
2025-12-08 22:15:05 - root - INFO - [FINAL TEST DEBUG] Batch 153: unique labels: [-100    2    3    4]
2025-12-08 22:15:05 - root - INFO - [FINAL TEST DEBUG] Batch 153: loss: 1.7220
2025-12-08 22:15:05 - root - INFO - [FINAL TEST DEBUG] Processing batch 154
2025-12-08 22:15:05 - root - INFO - [FINAL TEST DEBUG] Batch 154: unique predictions: [ 2  4  5 12]
2025-12-08 22:15:05 - root - INFO - [FINAL TEST DEBUG] Batch 154: unique labels: [-100    1    2    4]
2025-12-08 22:15:05 - root - INFO - [FINAL TEST DEBUG] Batch 154: loss: 2.4177
2025-12-08 22:15:05 - root - INFO - [FINAL TEST DEBUG] Processing batch 155
2025-12-08 22:15:05 - root - INFO - [FINAL TEST DEBUG] Batch 155: unique predictions: [ 2  4  5 12]
2025-12-08 22:15:05 - root - INFO - [FINAL TEST DEBUG] Batch 155: unique labels: [-100    1    2    3    4]
2025-12-08 22:15:05 - root - INFO - [FINAL TEST DEBUG] Batch 155: loss: 1.9475
2025-12-08 22:15:05 - root - INFO - [FINAL TEST DEBUG] Processing batch 156
2025-12-08 22:15:05 - root - INFO - [FINAL TEST DEBUG] Batch 156: unique predictions: [ 2  4  5 12]
2025-12-08 22:15:05 - root - INFO - [FINAL TEST DEBUG] Batch 156: unique labels: [-100    1    2    4]
2025-12-08 22:15:05 - root - INFO - [FINAL TEST DEBUG] Batch 156: loss: 1.8655
2025-12-08 22:15:05 - root - INFO - [FINAL TEST DEBUG] Processing batch 157
2025-12-08 22:15:06 - root - INFO - [FINAL TEST DEBUG] Batch 157: unique predictions: [ 2  4  5 12]
2025-12-08 22:15:06 - root - INFO - [FINAL TEST DEBUG] Batch 157: unique labels: [-100    1    2    4]
2025-12-08 22:15:06 - root - INFO - [FINAL TEST DEBUG] Batch 157: loss: 0.9310
2025-12-08 22:15:06 - root - INFO - [FINAL TEST DEBUG] Processing batch 158
2025-12-08 22:15:06 - root - INFO - [FINAL TEST DEBUG] Batch 158: unique predictions: [ 2  4  5 12]
2025-12-08 22:15:06 - root - INFO - [FINAL TEST DEBUG] Batch 158: unique labels: [-100    1    2    4]
2025-12-08 22:15:06 - root - INFO - [FINAL TEST DEBUG] Batch 158: loss: 1.2519
2025-12-08 22:15:06 - root - INFO - [FINAL TEST DEBUG] Processing batch 159
2025-12-08 22:15:06 - root - INFO - [FINAL TEST DEBUG] Batch 159: unique predictions: [ 2  4  5 12]
2025-12-08 22:15:06 - root - INFO - [FINAL TEST DEBUG] Batch 159: unique labels: [-100    1    2    3]
2025-12-08 22:15:06 - root - INFO - [FINAL TEST DEBUG] Batch 159: loss: 4.2543
2025-12-08 22:15:06 - root - INFO - [FINAL TEST DEBUG] Processing batch 160
2025-12-08 22:15:07 - root - INFO - [FINAL TEST DEBUG] Batch 160: unique predictions: [ 2  4  5 12]
2025-12-08 22:15:07 - root - INFO - [FINAL TEST DEBUG] Batch 160: unique labels: [-100    2    3    4]
2025-12-08 22:15:07 - root - INFO - [FINAL TEST DEBUG] Batch 160: loss: 1.8228
2025-12-08 22:15:07 - root - INFO - [FINAL TEST DEBUG] Processing batch 161
2025-12-08 22:15:07 - root - INFO - [FINAL TEST DEBUG] Batch 161: unique predictions: [ 2  4  5 12]
2025-12-08 22:15:07 - root - INFO - [FINAL TEST DEBUG] Batch 161: unique labels: [-100    2    3    4]
2025-12-08 22:15:07 - root - INFO - [FINAL TEST DEBUG] Batch 161: loss: 1.3934
2025-12-08 22:15:07 - root - INFO - [FINAL TEST DEBUG] Processing batch 162
2025-12-08 22:15:07 - root - INFO - [FINAL TEST DEBUG] Batch 162: unique predictions: [ 2  4  5 12]
2025-12-08 22:15:07 - root - INFO - [FINAL TEST DEBUG] Batch 162: unique labels: [-100    1    3    4]
2025-12-08 22:15:07 - root - INFO - [FINAL TEST DEBUG] Batch 162: loss: 4.4831
2025-12-08 22:15:07 - root - INFO - [FINAL TEST DEBUG] Processing batch 163
2025-12-08 22:15:08 - root - INFO - [FINAL TEST DEBUG] Batch 163: unique predictions: [ 2  4  5 12]
2025-12-08 22:15:08 - root - INFO - [FINAL TEST DEBUG] Batch 163: unique labels: [-100    2    3    4]
2025-12-08 22:15:08 - root - INFO - [FINAL TEST DEBUG] Batch 163: loss: 2.0305
2025-12-08 22:15:08 - root - INFO - [FINAL TEST DEBUG] Processing batch 164
2025-12-08 22:15:08 - root - INFO - [FINAL TEST DEBUG] Batch 164: unique predictions: [ 2  4  5 12]
2025-12-08 22:15:08 - root - INFO - [FINAL TEST DEBUG] Batch 164: unique labels: [-100    2    3    4]
2025-12-08 22:15:08 - root - INFO - [FINAL TEST DEBUG] Batch 164: loss: 2.4671
2025-12-08 22:15:08 - root - INFO - [FINAL TEST DEBUG] Processing batch 165
2025-12-08 22:15:08 - root - INFO - [FINAL TEST DEBUG] Batch 165: unique predictions: [ 2  4  5 12]
2025-12-08 22:15:08 - root - INFO - [FINAL TEST DEBUG] Batch 165: unique labels: [-100    3    4]
2025-12-08 22:15:08 - root - INFO - [FINAL TEST DEBUG] Batch 165: loss: 1.2765
2025-12-08 22:15:08 - root - INFO - [FINAL TEST DEBUG] Processing batch 166
2025-12-08 22:15:08 - root - INFO - [FINAL TEST DEBUG] Batch 166: unique predictions: [ 2  4  5 12]
2025-12-08 22:15:08 - root - INFO - [FINAL TEST DEBUG] Batch 166: unique labels: [-100    2    3    4]
2025-12-08 22:15:08 - root - INFO - [FINAL TEST DEBUG] Batch 166: loss: 3.1999
2025-12-08 22:15:08 - root - INFO - [FINAL TEST DEBUG] Processing batch 167
2025-12-08 22:15:09 - root - INFO - [FINAL TEST DEBUG] Batch 167: unique predictions: [ 2  4  5 12]
2025-12-08 22:15:09 - root - INFO - [FINAL TEST DEBUG] Batch 167: unique labels: [-100    1    2    4]
2025-12-08 22:15:09 - root - INFO - [FINAL TEST DEBUG] Batch 167: loss: 2.1805
2025-12-08 22:15:09 - root - INFO - [FINAL TEST DEBUG] Processing batch 168
2025-12-08 22:15:09 - root - INFO - [FINAL TEST DEBUG] Batch 168: unique predictions: [ 2  4  5 12]
2025-12-08 22:15:09 - root - INFO - [FINAL TEST DEBUG] Batch 168: unique labels: [-100    1    2    4]
2025-12-08 22:15:09 - root - INFO - [FINAL TEST DEBUG] Batch 168: loss: 2.8331
2025-12-08 22:15:09 - root - INFO - [FINAL TEST DEBUG] Processing batch 169
2025-12-08 22:15:09 - root - INFO - [FINAL TEST DEBUG] Batch 169: unique predictions: [ 2  4  5 12]
2025-12-08 22:15:09 - root - INFO - [FINAL TEST DEBUG] Batch 169: unique labels: [-100    2    4]
2025-12-08 22:15:09 - root - INFO - [FINAL TEST DEBUG] Batch 169: loss: 1.5686
2025-12-08 22:15:09 - root - INFO - [FINAL TEST DEBUG] Processing batch 170
2025-12-08 22:15:09 - root - INFO - [FINAL TEST DEBUG] Batch 170: unique predictions: [ 2  4  5 12]
2025-12-08 22:15:09 - root - INFO - [FINAL TEST DEBUG] Batch 170: unique labels: [-100    1    3]
2025-12-08 22:15:09 - root - INFO - [FINAL TEST DEBUG] Batch 170: loss: 5.9825
2025-12-08 22:15:09 - root - INFO - [FINAL TEST DEBUG] Processing batch 171
2025-12-08 22:15:10 - root - INFO - [FINAL TEST DEBUG] Batch 171: unique predictions: [ 2  4  5 12]
2025-12-08 22:15:10 - root - INFO - [FINAL TEST DEBUG] Batch 171: unique labels: [-100    3    4]
2025-12-08 22:15:10 - root - INFO - [FINAL TEST DEBUG] Batch 171: loss: 3.5412
2025-12-08 22:15:10 - root - INFO - [FINAL TEST DEBUG] Processing batch 172
2025-12-08 22:15:10 - root - INFO - [FINAL TEST DEBUG] Batch 172: unique predictions: [ 2  4  5 12]
2025-12-08 22:15:10 - root - INFO - [FINAL TEST DEBUG] Batch 172: unique labels: [-100    2    4]
2025-12-08 22:15:10 - root - INFO - [FINAL TEST DEBUG] Batch 172: loss: 0.8295
2025-12-08 22:15:10 - root - INFO - [FINAL TEST DEBUG] Processing batch 173
2025-12-08 22:15:10 - root - INFO - [FINAL TEST DEBUG] Batch 173: unique predictions: [ 2  4  5 12]
2025-12-08 22:15:10 - root - INFO - [FINAL TEST DEBUG] Batch 173: unique labels: [-100    2    3    4]
2025-12-08 22:15:10 - root - INFO - [FINAL TEST DEBUG] Batch 173: loss: 2.2821
2025-12-08 22:15:10 - root - INFO - [FINAL TEST DEBUG] Processing batch 174
2025-12-08 22:15:11 - root - INFO - [FINAL TEST DEBUG] Batch 174: unique predictions: [ 2  4  5 12]
2025-12-08 22:15:11 - root - INFO - [FINAL TEST DEBUG] Batch 174: unique labels: [-100    2    3    4]
2025-12-08 22:15:11 - root - INFO - [FINAL TEST DEBUG] Batch 174: loss: 3.0771
2025-12-08 22:15:11 - root - INFO - [FINAL TEST DEBUG] Processing batch 175
2025-12-08 22:15:11 - root - INFO - [FINAL TEST DEBUG] Batch 175: unique predictions: [ 2  4  5 12]
2025-12-08 22:15:11 - root - INFO - [FINAL TEST DEBUG] Batch 175: unique labels: [-100    1    2    3]
2025-12-08 22:15:11 - root - INFO - [FINAL TEST DEBUG] Batch 175: loss: 4.7153
2025-12-08 22:15:11 - root - INFO - [FINAL TEST DEBUG] Processing batch 176
2025-12-08 22:15:11 - root - INFO - [FINAL TEST DEBUG] Batch 176: unique predictions: [ 2  4  5 12]
2025-12-08 22:15:11 - root - INFO - [FINAL TEST DEBUG] Batch 176: unique labels: [-100    3    4]
2025-12-08 22:15:11 - root - INFO - [FINAL TEST DEBUG] Batch 176: loss: 4.0811
2025-12-08 22:15:11 - root - INFO - [FINAL TEST DEBUG] Processing batch 177
2025-12-08 22:15:12 - root - INFO - [FINAL TEST DEBUG] Batch 177: unique predictions: [ 2  4  5 12]
2025-12-08 22:15:12 - root - INFO - [FINAL TEST DEBUG] Batch 177: unique labels: [-100    2    3    4]
2025-12-08 22:15:12 - root - INFO - [FINAL TEST DEBUG] Batch 177: loss: 2.3662
2025-12-08 22:15:12 - root - INFO - [FINAL TEST DEBUG] Processing batch 178
2025-12-08 22:15:12 - root - INFO - [FINAL TEST DEBUG] Batch 178: unique predictions: [ 2  4  5 12]
2025-12-08 22:15:12 - root - INFO - [FINAL TEST DEBUG] Batch 178: unique labels: [-100    2    3]
2025-12-08 22:15:12 - root - INFO - [FINAL TEST DEBUG] Batch 178: loss: 2.3422
2025-12-08 22:15:12 - root - INFO - [FINAL TEST DEBUG] Processing batch 179
2025-12-08 22:15:12 - root - INFO - [FINAL TEST DEBUG] Batch 179: unique predictions: [ 2  4  5 12]
2025-12-08 22:15:12 - root - INFO - [FINAL TEST DEBUG] Batch 179: unique labels: [-100    2    3    4]
2025-12-08 22:15:12 - root - INFO - [FINAL TEST DEBUG] Batch 179: loss: 1.5572
2025-12-08 22:15:12 - root - INFO - [FINAL TEST DEBUG] Processing batch 180
2025-12-08 22:15:13 - root - INFO - [FINAL TEST DEBUG] Batch 180: unique predictions: [ 2  4  5 12]
2025-12-08 22:15:13 - root - INFO - [FINAL TEST DEBUG] Batch 180: unique labels: [-100    2    4]
2025-12-08 22:15:13 - root - INFO - [FINAL TEST DEBUG] Batch 180: loss: 2.0621
2025-12-08 22:15:13 - root - INFO - [FINAL TEST DEBUG] Processing batch 181
2025-12-08 22:15:13 - root - INFO - [FINAL TEST DEBUG] Batch 181: unique predictions: [ 2  4  5 10 12]
2025-12-08 22:15:13 - root - INFO - [FINAL TEST DEBUG] Batch 181: unique labels: [-100    3    4]
2025-12-08 22:15:13 - root - INFO - [FINAL TEST DEBUG] Batch 181: loss: 1.4307
2025-12-08 22:15:13 - root - INFO - [FINAL TEST DEBUG] Processing batch 182
2025-12-08 22:15:13 - root - INFO - [FINAL TEST DEBUG] Batch 182: unique predictions: [ 2  4  5 12]
2025-12-08 22:15:13 - root - INFO - [FINAL TEST DEBUG] Batch 182: unique labels: [-100    2    4]
2025-12-08 22:15:13 - root - INFO - [FINAL TEST DEBUG] Batch 182: loss: 1.0559
2025-12-08 22:15:13 - root - INFO - [FINAL TEST DEBUG] Processing batch 183
2025-12-08 22:15:13 - root - INFO - [FINAL TEST DEBUG] Batch 183: unique predictions: [ 2  4  5 12]
2025-12-08 22:15:13 - root - INFO - [FINAL TEST DEBUG] Batch 183: unique labels: [-100    2    3    4]
2025-12-08 22:15:13 - root - INFO - [FINAL TEST DEBUG] Batch 183: loss: 2.6848
2025-12-08 22:15:13 - root - INFO - [FINAL TEST DEBUG] Processing batch 184
2025-12-08 22:15:14 - root - INFO - [FINAL TEST DEBUG] Batch 184: unique predictions: [ 2  4  5 12]
2025-12-08 22:15:14 - root - INFO - [FINAL TEST DEBUG] Batch 184: unique labels: [-100    2    3    4]
2025-12-08 22:15:14 - root - INFO - [FINAL TEST DEBUG] Batch 184: loss: 2.5821
2025-12-08 22:15:14 - root - INFO - [FINAL TEST DEBUG] Processing batch 185
2025-12-08 22:15:14 - root - INFO - [FINAL TEST DEBUG] Batch 185: unique predictions: [ 2  4  5 12]
2025-12-08 22:15:14 - root - INFO - [FINAL TEST DEBUG] Batch 185: unique labels: [-100    1    2    4]
2025-12-08 22:15:14 - root - INFO - [FINAL TEST DEBUG] Batch 185: loss: 1.7664
2025-12-08 22:15:14 - root - INFO - [FINAL TEST DEBUG] Processing batch 186
2025-12-08 22:15:14 - root - INFO - [FINAL TEST DEBUG] Batch 186: unique predictions: [ 2  4  5 11 12]
2025-12-08 22:15:14 - root - INFO - [FINAL TEST DEBUG] Batch 186: unique labels: [-100    1    3    4]
2025-12-08 22:15:14 - root - INFO - [FINAL TEST DEBUG] Batch 186: loss: 3.6172
2025-12-08 22:15:14 - root - INFO - [FINAL TEST DEBUG] Processing batch 187
2025-12-08 22:15:15 - root - INFO - [FINAL TEST DEBUG] Batch 187: unique predictions: [ 2  4  5 12]
2025-12-08 22:15:15 - root - INFO - [FINAL TEST DEBUG] Batch 187: unique labels: [-100    3    4]
2025-12-08 22:15:15 - root - INFO - [FINAL TEST DEBUG] Batch 187: loss: 1.4356
2025-12-08 22:15:15 - root - INFO - [FINAL TEST DEBUG] Processing batch 188
2025-12-08 22:15:15 - root - INFO - [FINAL TEST DEBUG] Batch 188: unique predictions: [ 2  4  5 12]
2025-12-08 22:15:15 - root - INFO - [FINAL TEST DEBUG] Batch 188: unique labels: [-100    2    3    4]
2025-12-08 22:15:15 - root - INFO - [FINAL TEST DEBUG] Batch 188: loss: 3.1909
2025-12-08 22:15:15 - root - INFO - [FINAL TEST DEBUG] Processing batch 189
2025-12-08 22:15:15 - root - INFO - [FINAL TEST DEBUG] Batch 189: unique predictions: [ 2  4  5 12]
2025-12-08 22:15:15 - root - INFO - [FINAL TEST DEBUG] Batch 189: unique labels: [-100    1    4]
2025-12-08 22:15:15 - root - INFO - [FINAL TEST DEBUG] Batch 189: loss: 2.4406
2025-12-08 22:15:15 - root - INFO - [FINAL TEST DEBUG] Processing batch 190
2025-12-08 22:15:16 - root - INFO - [FINAL TEST DEBUG] Batch 190: unique predictions: [ 2  4  5 12]
2025-12-08 22:15:16 - root - INFO - [FINAL TEST DEBUG] Batch 190: unique labels: [-100    1    3]
2025-12-08 22:15:16 - root - INFO - [FINAL TEST DEBUG] Batch 190: loss: 3.8470
2025-12-08 22:15:16 - root - INFO - [FINAL TEST DEBUG] Processing batch 191
2025-12-08 22:15:16 - root - INFO - [FINAL TEST DEBUG] Batch 191: unique predictions: [ 2  4  5 12]
2025-12-08 22:15:16 - root - INFO - [FINAL TEST DEBUG] Batch 191: unique labels: [-100    2    3    4]
2025-12-08 22:15:16 - root - INFO - [FINAL TEST DEBUG] Batch 191: loss: 2.8395
2025-12-08 22:15:16 - root - INFO - [FINAL TEST DEBUG] Processing batch 192
2025-12-08 22:15:16 - root - INFO - [FINAL TEST DEBUG] Batch 192: unique predictions: [ 2  4  5 12]
2025-12-08 22:15:16 - root - INFO - [FINAL TEST DEBUG] Batch 192: unique labels: [-100    2    4]
2025-12-08 22:15:16 - root - INFO - [FINAL TEST DEBUG] Batch 192: loss: 0.7428
2025-12-08 22:15:16 - root - INFO - [FINAL TEST DEBUG] Processing batch 193
2025-12-08 22:15:17 - root - INFO - [FINAL TEST DEBUG] Batch 193: unique predictions: [ 2  4  5 12]
2025-12-08 22:15:17 - root - INFO - [FINAL TEST DEBUG] Batch 193: unique labels: [-100    2    3    4]
2025-12-08 22:15:17 - root - INFO - [FINAL TEST DEBUG] Batch 193: loss: 0.7010
2025-12-08 22:15:17 - root - INFO - [FINAL TEST DEBUG] Processing batch 194
2025-12-08 22:15:17 - root - INFO - [FINAL TEST DEBUG] Batch 194: unique predictions: [ 2  4  5 12]
2025-12-08 22:15:17 - root - INFO - [FINAL TEST DEBUG] Batch 194: unique labels: [-100    1    2    4]
2025-12-08 22:15:17 - root - INFO - [FINAL TEST DEBUG] Batch 194: loss: 1.1812
2025-12-08 22:15:17 - root - INFO - [FINAL TEST DEBUG] Processing batch 195
2025-12-08 22:15:17 - root - INFO - [FINAL TEST DEBUG] Batch 195: unique predictions: [ 2  4  5 12]
2025-12-08 22:15:17 - root - INFO - [FINAL TEST DEBUG] Batch 195: unique labels: [-100    1    2    4]
2025-12-08 22:15:17 - root - INFO - [FINAL TEST DEBUG] Batch 195: loss: 5.2515
2025-12-08 22:15:17 - root - INFO - [FINAL TEST DEBUG] Processing batch 196
2025-12-08 22:15:18 - root - INFO - [FINAL TEST DEBUG] Batch 196: unique predictions: [ 2  4  5 12]
2025-12-08 22:15:18 - root - INFO - [FINAL TEST DEBUG] Batch 196: unique labels: [-100    1    3    4]
2025-12-08 22:15:18 - root - INFO - [FINAL TEST DEBUG] Batch 196: loss: 5.1014
2025-12-08 22:15:18 - root - INFO - [FINAL TEST DEBUG] Processing batch 197
2025-12-08 22:15:18 - root - INFO - [FINAL TEST DEBUG] Batch 197: unique predictions: [ 2  4  5  8 12]
2025-12-08 22:15:18 - root - INFO - [FINAL TEST DEBUG] Batch 197: unique labels: [-100    1    3]
2025-12-08 22:15:18 - root - INFO - [FINAL TEST DEBUG] Batch 197: loss: 5.3753
2025-12-08 22:15:18 - root - INFO - [FINAL TEST DEBUG] Processing batch 198
2025-12-08 22:15:18 - root - INFO - [FINAL TEST DEBUG] Batch 198: unique predictions: [ 2  4  5 12]
2025-12-08 22:15:18 - root - INFO - [FINAL TEST DEBUG] Batch 198: unique labels: [-100    1    3]
2025-12-08 22:15:18 - root - INFO - [FINAL TEST DEBUG] Batch 198: loss: 4.5572
2025-12-08 22:15:18 - root - INFO - [FINAL TEST DEBUG] Processing batch 199
2025-12-08 22:15:18 - root - INFO - [FINAL TEST DEBUG] Batch 199: unique predictions: [ 2  4  5 12]
2025-12-08 22:15:18 - root - INFO - [FINAL TEST DEBUG] Batch 199: unique labels: [-100    3    4]
2025-12-08 22:15:18 - root - INFO - [FINAL TEST DEBUG] Batch 199: loss: 1.2737
2025-12-08 22:15:18 - root - INFO - [FINAL TEST DEBUG] Processing batch 200
2025-12-08 22:15:19 - root - INFO - [FINAL TEST DEBUG] Batch 200: unique predictions: [ 2  4  5 12]
2025-12-08 22:15:19 - root - INFO - [FINAL TEST DEBUG] Batch 200: unique labels: [-100    1    2    4]
2025-12-08 22:15:19 - root - INFO - [FINAL TEST DEBUG] Batch 200: loss: 2.8855
2025-12-08 22:15:19 - root - INFO - [FINAL TEST DEBUG] Processing batch 201
2025-12-08 22:15:19 - root - INFO - [FINAL TEST DEBUG] Batch 201: unique predictions: [ 2  4  5 12]
2025-12-08 22:15:19 - root - INFO - [FINAL TEST DEBUG] Batch 201: unique labels: [-100    1    2    4]
2025-12-08 22:15:19 - root - INFO - [FINAL TEST DEBUG] Batch 201: loss: 2.3256
2025-12-08 22:15:19 - root - INFO - [FINAL TEST DEBUG] Processing batch 202
2025-12-08 22:15:19 - root - INFO - [FINAL TEST DEBUG] Batch 202: unique predictions: [ 2  4  5 12]
2025-12-08 22:15:19 - root - INFO - [FINAL TEST DEBUG] Batch 202: unique labels: [-100    1    2]
2025-12-08 22:15:19 - root - INFO - [FINAL TEST DEBUG] Batch 202: loss: 2.2291
2025-12-08 22:15:19 - root - INFO - [FINAL TEST DEBUG] Processing batch 203
2025-12-08 22:15:19 - root - INFO - [FINAL TEST DEBUG] Batch 203: unique predictions: [ 2  4  5 12]
2025-12-08 22:15:19 - root - INFO - [FINAL TEST DEBUG] Batch 203: unique labels: [-100    1    2]
2025-12-08 22:15:19 - root - INFO - [FINAL TEST DEBUG] Batch 203: loss: 6.0155
2025-12-08 22:15:19 - root - INFO - [FINAL TEST DEBUG] Processing batch 204
2025-12-08 22:15:20 - root - INFO - [FINAL TEST DEBUG] Batch 204: unique predictions: [ 2  4  5 12]
2025-12-08 22:15:20 - root - INFO - [FINAL TEST DEBUG] Batch 204: unique labels: [-100    1    2    3]
2025-12-08 22:15:20 - root - INFO - [FINAL TEST DEBUG] Batch 204: loss: 3.4557
2025-12-08 22:15:20 - root - INFO - [FINAL TEST DEBUG] Processing batch 205
2025-12-08 22:15:20 - root - INFO - [FINAL TEST DEBUG] Batch 205: unique predictions: [ 2  4  5 12]
2025-12-08 22:15:20 - root - INFO - [FINAL TEST DEBUG] Batch 205: unique labels: [-100    1    2    3    4]
2025-12-08 22:15:20 - root - INFO - [FINAL TEST DEBUG] Batch 205: loss: 5.3630
2025-12-08 22:15:20 - root - INFO - [FINAL TEST DEBUG] Processing batch 206
2025-12-08 22:15:21 - root - INFO - [FINAL TEST DEBUG] Batch 206: unique predictions: [ 2  4  5 12]
2025-12-08 22:15:21 - root - INFO - [FINAL TEST DEBUG] Batch 206: unique labels: [-100    1    3]
2025-12-08 22:15:21 - root - INFO - [FINAL TEST DEBUG] Batch 206: loss: 5.3737
2025-12-08 22:15:21 - root - INFO - [FINAL TEST DEBUG] Processing batch 207
2025-12-08 22:15:21 - root - INFO - [FINAL TEST DEBUG] Batch 207: unique predictions: [ 2  4  5 12]
2025-12-08 22:15:21 - root - INFO - [FINAL TEST DEBUG] Batch 207: unique labels: [-100    1    2]
2025-12-08 22:15:21 - root - INFO - [FINAL TEST DEBUG] Batch 207: loss: 5.5508
2025-12-08 22:15:21 - root - INFO - [FINAL TEST DEBUG] Processing batch 208
2025-12-08 22:15:21 - root - INFO - [FINAL TEST DEBUG] Batch 208: unique predictions: [ 2  4  5 12]
2025-12-08 22:15:21 - root - INFO - [FINAL TEST DEBUG] Batch 208: unique labels: [-100    1    2    3]
2025-12-08 22:15:21 - root - INFO - [FINAL TEST DEBUG] Batch 208: loss: 2.0874
2025-12-08 22:15:21 - root - INFO - [FINAL TEST DEBUG] Processing batch 209
2025-12-08 22:15:21 - root - INFO - [FINAL TEST DEBUG] Batch 209: unique predictions: [ 2  4  5 12]
2025-12-08 22:15:21 - root - INFO - [FINAL TEST DEBUG] Batch 209: unique labels: [-100    1    2]
2025-12-08 22:15:21 - root - INFO - [FINAL TEST DEBUG] Batch 209: loss: 5.5381
2025-12-08 22:15:21 - root - INFO - [FINAL TEST DEBUG] Processing batch 210
2025-12-08 22:15:22 - root - INFO - [FINAL TEST DEBUG] Batch 210: unique predictions: [ 2  4  5 12]
2025-12-08 22:15:22 - root - INFO - [FINAL TEST DEBUG] Batch 210: unique labels: [-100    1    2    3]
2025-12-08 22:15:22 - root - INFO - [FINAL TEST DEBUG] Batch 210: loss: 4.6240
2025-12-08 22:15:22 - root - INFO - [FINAL TEST DEBUG] Processing batch 211
2025-12-08 22:15:22 - root - INFO - [FINAL TEST DEBUG] Batch 211: unique predictions: [ 2  4  5 12]
2025-12-08 22:15:22 - root - INFO - [FINAL TEST DEBUG] Batch 211: unique labels: [-100    1    3]
2025-12-08 22:15:22 - root - INFO - [FINAL TEST DEBUG] Batch 211: loss: 5.2195
2025-12-08 22:15:22 - root - INFO - [FINAL TEST DEBUG] Processing batch 212
2025-12-08 22:15:22 - root - INFO - [FINAL TEST DEBUG] Batch 212: unique predictions: [ 2  4  5 12]
2025-12-08 22:15:22 - root - INFO - [FINAL TEST DEBUG] Batch 212: unique labels: [-100    1    3]
2025-12-08 22:15:22 - root - INFO - [FINAL TEST DEBUG] Batch 212: loss: 5.3686
2025-12-08 22:15:22 - root - INFO - [FINAL TEST DEBUG] Processing batch 213
2025-12-08 22:15:23 - root - INFO - [FINAL TEST DEBUG] Batch 213: unique predictions: [ 2  4  5 12]
2025-12-08 22:15:23 - root - INFO - [FINAL TEST DEBUG] Batch 213: unique labels: [-100    1    2]
2025-12-08 22:15:23 - root - INFO - [FINAL TEST DEBUG] Batch 213: loss: 5.4306
2025-12-08 22:15:23 - root - INFO - [FINAL TEST DEBUG] Processing batch 214
2025-12-08 22:15:23 - root - INFO - [FINAL TEST DEBUG] Batch 214: unique predictions: [ 2  4  5 12]
2025-12-08 22:15:23 - root - INFO - [FINAL TEST DEBUG] Batch 214: unique labels: [-100    1    2    3]
2025-12-08 22:15:23 - root - INFO - [FINAL TEST DEBUG] Batch 214: loss: 4.4168
2025-12-08 22:15:23 - root - INFO - [FINAL TEST DEBUG] Processing batch 215
2025-12-08 22:15:23 - root - INFO - [FINAL TEST DEBUG] Batch 215: unique predictions: [ 2  4  5 12]
2025-12-08 22:15:23 - root - INFO - [FINAL TEST DEBUG] Batch 215: unique labels: [-100    1    3    4]
2025-12-08 22:15:23 - root - INFO - [FINAL TEST DEBUG] Batch 215: loss: 3.9922
2025-12-08 22:15:23 - root - INFO - [FINAL TEST DEBUG] Processing batch 216
2025-12-08 22:15:24 - root - INFO - [FINAL TEST DEBUG] Batch 216: unique predictions: [ 2  4  5 12]
2025-12-08 22:15:24 - root - INFO - [FINAL TEST DEBUG] Batch 216: unique labels: [-100    1    3    4]
2025-12-08 22:15:24 - root - INFO - [FINAL TEST DEBUG] Batch 216: loss: 4.5459
2025-12-08 22:15:24 - root - INFO - [FINAL TEST DEBUG] Processing batch 217
2025-12-08 22:15:24 - root - INFO - [FINAL TEST DEBUG] Batch 217: unique predictions: [ 2  4  5 12]
2025-12-08 22:15:24 - root - INFO - [FINAL TEST DEBUG] Batch 217: unique labels: [-100    1    3]
2025-12-08 22:15:24 - root - INFO - [FINAL TEST DEBUG] Batch 217: loss: 4.1480
2025-12-08 22:15:24 - root - INFO - [FINAL TEST DEBUG] Processing batch 218
2025-12-08 22:15:24 - root - INFO - [FINAL TEST DEBUG] Batch 218: unique predictions: [ 2  4  5 12]
2025-12-08 22:15:24 - root - INFO - [FINAL TEST DEBUG] Batch 218: unique labels: [-100    1    3]
2025-12-08 22:15:24 - root - INFO - [FINAL TEST DEBUG] Batch 218: loss: 5.0275
2025-12-08 22:15:24 - root - INFO - [FINAL TEST DEBUG] Processing batch 219
2025-12-08 22:15:24 - root - INFO - [FINAL TEST DEBUG] Batch 219: unique predictions: [ 2  4  5 12]
2025-12-08 22:15:24 - root - INFO - [FINAL TEST DEBUG] Batch 219: unique labels: [-100    1    4]
2025-12-08 22:15:24 - root - INFO - [FINAL TEST DEBUG] Batch 219: loss: 3.2699
2025-12-08 22:15:24 - root - INFO - [FINAL TEST DEBUG] Processing batch 220
2025-12-08 22:15:25 - root - INFO - [FINAL TEST DEBUG] Batch 220: unique predictions: [ 2  4  5 12]
2025-12-08 22:15:25 - root - INFO - [FINAL TEST DEBUG] Batch 220: unique labels: [-100    1    3    4]
2025-12-08 22:15:25 - root - INFO - [FINAL TEST DEBUG] Batch 220: loss: 3.7805
2025-12-08 22:15:25 - root - INFO - [FINAL TEST DEBUG] Processing batch 221
2025-12-08 22:15:25 - root - INFO - [FINAL TEST DEBUG] Batch 221: unique predictions: [ 2  4  5 12]
2025-12-08 22:15:25 - root - INFO - [FINAL TEST DEBUG] Batch 221: unique labels: [-100    2    3]
2025-12-08 22:15:25 - root - INFO - [FINAL TEST DEBUG] Batch 221: loss: 3.3244
2025-12-08 22:15:25 - root - INFO - [FINAL TEST DEBUG] Processing batch 222
2025-12-08 22:15:25 - root - INFO - [FINAL TEST DEBUG] Batch 222: unique predictions: [ 2  4  5 12]
2025-12-08 22:15:25 - root - INFO - [FINAL TEST DEBUG] Batch 222: unique labels: [-100    2    3    4]
2025-12-08 22:15:25 - root - INFO - [FINAL TEST DEBUG] Batch 222: loss: 2.5854
2025-12-08 22:15:25 - root - INFO - [FINAL TEST DEBUG] Processing batch 223
2025-12-08 22:15:26 - root - INFO - [FINAL TEST DEBUG] Batch 223: unique predictions: [ 2  4  5 12]
2025-12-08 22:15:26 - root - INFO - [FINAL TEST DEBUG] Batch 223: unique labels: [-100    1    3    4]
2025-12-08 22:15:26 - root - INFO - [FINAL TEST DEBUG] Batch 223: loss: 5.3235
2025-12-08 22:15:26 - root - INFO - [FINAL TEST DEBUG] Processing batch 224
2025-12-08 22:15:26 - root - INFO - [FINAL TEST DEBUG] Batch 224: unique predictions: [ 2  4  5 12]
2025-12-08 22:15:26 - root - INFO - [FINAL TEST DEBUG] Batch 224: unique labels: [-100    3    4]
2025-12-08 22:15:26 - root - INFO - [FINAL TEST DEBUG] Batch 224: loss: 2.1803
2025-12-08 22:15:26 - root - INFO - [FINAL TEST DEBUG] Processing batch 225
2025-12-08 22:15:26 - root - INFO - [FINAL TEST DEBUG] Batch 225: unique predictions: [ 2  4  5 12]
2025-12-08 22:15:26 - root - INFO - [FINAL TEST DEBUG] Batch 225: unique labels: [-100    1    3    4]
2025-12-08 22:15:26 - root - INFO - [FINAL TEST DEBUG] Batch 225: loss: 1.3338
2025-12-08 22:15:26 - root - INFO - [FINAL TEST DEBUG] Processing batch 226
2025-12-08 22:15:26 - root - INFO - [FINAL TEST DEBUG] Batch 226: unique predictions: [ 2  4  5 12]
2025-12-08 22:15:26 - root - INFO - [FINAL TEST DEBUG] Batch 226: unique labels: [-100    1    3    4]
2025-12-08 22:15:26 - root - INFO - [FINAL TEST DEBUG] Batch 226: loss: 3.0946
2025-12-08 22:15:26 - root - INFO - [FINAL TEST DEBUG] Processing batch 227
2025-12-08 22:15:27 - root - INFO - [FINAL TEST DEBUG] Batch 227: unique predictions: [ 2  4  5 12]
2025-12-08 22:15:27 - root - INFO - [FINAL TEST DEBUG] Batch 227: unique labels: [-100    1    2    4]
2025-12-08 22:15:27 - root - INFO - [FINAL TEST DEBUG] Batch 227: loss: 3.5888
2025-12-08 22:15:27 - root - INFO - [FINAL TEST DEBUG] Processing batch 228
2025-12-08 22:15:27 - root - INFO - [FINAL TEST DEBUG] Batch 228: unique predictions: [ 2  4  5 12]
2025-12-08 22:15:27 - root - INFO - [FINAL TEST DEBUG] Batch 228: unique labels: [-100    1    4]
2025-12-08 22:15:27 - root - INFO - [FINAL TEST DEBUG] Batch 228: loss: 3.7697
2025-12-08 22:15:27 - root - INFO - [FINAL TEST DEBUG] Processing batch 229
2025-12-08 22:15:27 - root - INFO - [FINAL TEST DEBUG] Batch 229: unique predictions: [ 2  4  5 12]
2025-12-08 22:15:27 - root - INFO - [FINAL TEST DEBUG] Batch 229: unique labels: [-100    1    2    4]
2025-12-08 22:15:27 - root - INFO - [FINAL TEST DEBUG] Batch 229: loss: 3.3012
2025-12-08 22:15:27 - root - INFO - [FINAL TEST DEBUG] Processing batch 230
2025-12-08 22:15:28 - root - INFO - [FINAL TEST DEBUG] Batch 230: unique predictions: [ 2  4  5 12]
2025-12-08 22:15:28 - root - INFO - [FINAL TEST DEBUG] Batch 230: unique labels: [-100    1    4]
2025-12-08 22:15:28 - root - INFO - [FINAL TEST DEBUG] Batch 230: loss: 3.6221
2025-12-08 22:15:28 - root - INFO - [FINAL TEST DEBUG] Processing batch 231
2025-12-08 22:15:28 - root - INFO - [FINAL TEST DEBUG] Batch 231: unique predictions: [ 2  4  5  8 12]
2025-12-08 22:15:28 - root - INFO - [FINAL TEST DEBUG] Batch 231: unique labels: [-100    2    3    4]
2025-12-08 22:15:28 - root - INFO - [FINAL TEST DEBUG] Batch 231: loss: 1.6966
2025-12-08 22:15:28 - root - INFO - [FINAL TEST DEBUG] Processing batch 232
2025-12-08 22:15:28 - root - INFO - [FINAL TEST DEBUG] Batch 232: unique predictions: [ 2  4  5 12]
2025-12-08 22:15:28 - root - INFO - [FINAL TEST DEBUG] Batch 232: unique labels: [-100    1    2    4]
2025-12-08 22:15:28 - root - INFO - [FINAL TEST DEBUG] Batch 232: loss: 1.8364
2025-12-08 22:15:28 - root - INFO - [FINAL TEST DEBUG] Processing batch 233
2025-12-08 22:15:28 - root - INFO - [FINAL TEST DEBUG] Batch 233: unique predictions: [ 2  4  5 12]
2025-12-08 22:15:28 - root - INFO - [FINAL TEST DEBUG] Batch 233: unique labels: [-100    1    4]
2025-12-08 22:15:28 - root - INFO - [FINAL TEST DEBUG] Batch 233: loss: 2.7867
2025-12-08 22:15:28 - root - INFO - [FINAL TEST DEBUG] Processing batch 234
2025-12-08 22:15:29 - root - INFO - [FINAL TEST DEBUG] Batch 234: unique predictions: [ 2  4  5 12]
2025-12-08 22:15:29 - root - INFO - [FINAL TEST DEBUG] Batch 234: unique labels: [-100    1    4]
2025-12-08 22:15:29 - root - INFO - [FINAL TEST DEBUG] Batch 234: loss: 1.2623
2025-12-08 22:15:29 - root - INFO - [FINAL TEST DEBUG] Processing batch 235
2025-12-08 22:15:29 - root - INFO - [FINAL TEST DEBUG] Batch 235: unique predictions: [ 2  4  5 12]
2025-12-08 22:15:29 - root - INFO - [FINAL TEST DEBUG] Batch 235: unique labels: [-100    1    2    3]
2025-12-08 22:15:29 - root - INFO - [FINAL TEST DEBUG] Batch 235: loss: 2.5811
2025-12-08 22:15:29 - root - INFO - [FINAL TEST DEBUG] Processing batch 236
2025-12-08 22:15:29 - root - INFO - [FINAL TEST DEBUG] Batch 236: unique predictions: [ 2  4  5 12]
2025-12-08 22:15:29 - root - INFO - [FINAL TEST DEBUG] Batch 236: unique labels: [-100    1    2    4]
2025-12-08 22:15:29 - root - INFO - [FINAL TEST DEBUG] Batch 236: loss: 5.4988
2025-12-08 22:15:29 - root - INFO - [FINAL TEST DEBUG] Processing batch 237
2025-12-08 22:15:30 - root - INFO - [FINAL TEST DEBUG] Batch 237: unique predictions: [ 2  4  5 12]
2025-12-08 22:15:30 - root - INFO - [FINAL TEST DEBUG] Batch 237: unique labels: [-100    1    3    4]
2025-12-08 22:15:30 - root - INFO - [FINAL TEST DEBUG] Batch 237: loss: 3.3797
2025-12-08 22:15:30 - root - INFO - [FINAL TEST DEBUG] Processing batch 238
2025-12-08 22:15:30 - root - INFO - [FINAL TEST DEBUG] Batch 238: unique predictions: [ 2  4  5 12]
2025-12-08 22:15:30 - root - INFO - [FINAL TEST DEBUG] Batch 238: unique labels: [-100    1    3    4]
2025-12-08 22:15:30 - root - INFO - [FINAL TEST DEBUG] Batch 238: loss: 1.4057
2025-12-08 22:15:30 - root - INFO - [FINAL TEST DEBUG] Processing batch 239
2025-12-08 22:15:30 - root - INFO - [FINAL TEST DEBUG] Batch 239: unique predictions: [ 2  4  5 12]
2025-12-08 22:15:30 - root - INFO - [FINAL TEST DEBUG] Batch 239: unique labels: [-100    1    4]
2025-12-08 22:15:30 - root - INFO - [FINAL TEST DEBUG] Batch 239: loss: 5.3335
2025-12-08 22:15:30 - root - INFO - [FINAL TEST DEBUG] Processing batch 240
2025-12-08 22:15:31 - root - INFO - [FINAL TEST DEBUG] Batch 240: unique predictions: [ 2  4  5 12]
2025-12-08 22:15:31 - root - INFO - [FINAL TEST DEBUG] Batch 240: unique labels: [-100    1    2    4]
2025-12-08 22:15:31 - root - INFO - [FINAL TEST DEBUG] Batch 240: loss: 1.3178
2025-12-08 22:15:31 - root - INFO - [FINAL TEST DEBUG] Processing batch 241
2025-12-08 22:15:31 - root - INFO - [FINAL TEST DEBUG] Batch 241: unique predictions: [ 2  4  5  7 12]
2025-12-08 22:15:31 - root - INFO - [FINAL TEST DEBUG] Batch 241: unique labels: [-100    2    4]
2025-12-08 22:15:31 - root - INFO - [FINAL TEST DEBUG] Batch 241: loss: 1.1736
2025-12-08 22:15:31 - root - INFO - [FINAL TEST DEBUG] Processing batch 242
2025-12-08 22:15:31 - root - INFO - [FINAL TEST DEBUG] Batch 242: unique predictions: [ 2  4  5 12]
2025-12-08 22:15:31 - root - INFO - [FINAL TEST DEBUG] Batch 242: unique labels: [-100    2    3    4]
2025-12-08 22:15:31 - root - INFO - [FINAL TEST DEBUG] Batch 242: loss: 1.8365
2025-12-08 22:15:31 - root - INFO - [FINAL TEST DEBUG] Processing batch 243
2025-12-08 22:15:31 - root - INFO - [FINAL TEST DEBUG] Batch 243: unique predictions: [ 2  4  5 12]
2025-12-08 22:15:31 - root - INFO - [FINAL TEST DEBUG] Batch 243: unique labels: [-100    1    2    4]
2025-12-08 22:15:31 - root - INFO - [FINAL TEST DEBUG] Batch 243: loss: 0.9909
2025-12-08 22:15:31 - root - INFO - [FINAL TEST DEBUG] Processing batch 244
2025-12-08 22:15:32 - root - INFO - [FINAL TEST DEBUG] Batch 244: unique predictions: [ 2  4  5 12]
2025-12-08 22:15:32 - root - INFO - [FINAL TEST DEBUG] Batch 244: unique labels: [-100    2    4]
2025-12-08 22:15:32 - root - INFO - [FINAL TEST DEBUG] Batch 244: loss: 0.7003
2025-12-08 22:15:32 - root - INFO - [FINAL TEST DEBUG] Processing batch 245
2025-12-08 22:15:32 - root - INFO - [FINAL TEST DEBUG] Batch 245: unique predictions: [ 2  4  5 12]
2025-12-08 22:15:32 - root - INFO - [FINAL TEST DEBUG] Batch 245: unique labels: [-100    1    2    4]
2025-12-08 22:15:32 - root - INFO - [FINAL TEST DEBUG] Batch 245: loss: 1.7410
2025-12-08 22:15:32 - root - INFO - [FINAL TEST DEBUG] Processing batch 246
2025-12-08 22:15:32 - root - INFO - [FINAL TEST DEBUG] Batch 246: unique predictions: [ 2  4  5 12]
2025-12-08 22:15:32 - root - INFO - [FINAL TEST DEBUG] Batch 246: unique labels: [-100    1    4]
2025-12-08 22:15:32 - root - INFO - [FINAL TEST DEBUG] Batch 246: loss: 3.7373
2025-12-08 22:15:32 - root - INFO - [FINAL TEST DEBUG] Processing batch 247
2025-12-08 22:15:33 - root - INFO - [FINAL TEST DEBUG] Batch 247: unique predictions: [ 2  4  5 12]
2025-12-08 22:15:33 - root - INFO - [FINAL TEST DEBUG] Batch 247: unique labels: [-100    1    2    4]
2025-12-08 22:15:33 - root - INFO - [FINAL TEST DEBUG] Batch 247: loss: 3.8151
2025-12-08 22:15:33 - root - INFO - [FINAL TEST DEBUG] Processing batch 248
2025-12-08 22:15:33 - root - INFO - [FINAL TEST DEBUG] Batch 248: unique predictions: [ 2  4  5 12]
2025-12-08 22:15:33 - root - INFO - [FINAL TEST DEBUG] Batch 248: unique labels: [-100    1    4]
2025-12-08 22:15:33 - root - INFO - [FINAL TEST DEBUG] Batch 248: loss: 2.5252
2025-12-08 22:15:33 - root - INFO - [FINAL TEST DEBUG] Processing batch 249
2025-12-08 22:15:33 - root - INFO - [FINAL TEST DEBUG] Batch 249: unique predictions: [ 2  4  5 12]
2025-12-08 22:15:33 - root - INFO - [FINAL TEST DEBUG] Batch 249: unique labels: [-100    1    2    4]
2025-12-08 22:15:33 - root - INFO - [FINAL TEST DEBUG] Batch 249: loss: 2.7121
2025-12-08 22:15:33 - root - INFO - [FINAL TEST DEBUG] Processing batch 250
2025-12-08 22:15:33 - root - INFO - [FINAL TEST DEBUG] Batch 250: unique predictions: [ 2  4  5 12]
2025-12-08 22:15:33 - root - INFO - [FINAL TEST DEBUG] Batch 250: unique labels: [-100    2    4]
2025-12-08 22:15:33 - root - INFO - [FINAL TEST DEBUG] Batch 250: loss: 0.5524
2025-12-08 22:15:33 - root - INFO - [FINAL TEST DEBUG] Processing batch 251
2025-12-08 22:15:34 - root - INFO - [FINAL TEST DEBUG] Batch 251: unique predictions: [ 2  4  5 12]
2025-12-08 22:15:34 - root - INFO - [FINAL TEST DEBUG] Batch 251: unique labels: [-100    2    4]
2025-12-08 22:15:34 - root - INFO - [FINAL TEST DEBUG] Batch 251: loss: 0.5873
2025-12-08 22:15:34 - root - INFO - [FINAL TEST DEBUG] Processing batch 252
2025-12-08 22:15:34 - root - INFO - [FINAL TEST DEBUG] Batch 252: unique predictions: [ 2  4  5 12]
2025-12-08 22:15:34 - root - INFO - [FINAL TEST DEBUG] Batch 252: unique labels: [-100    1    4]
2025-12-08 22:15:34 - root - INFO - [FINAL TEST DEBUG] Batch 252: loss: 0.7116
2025-12-08 22:15:34 - root - INFO - [FINAL TEST DEBUG] Processing batch 253
2025-12-08 22:15:34 - root - INFO - [FINAL TEST DEBUG] Batch 253: unique predictions: [ 2  4  5 12]
2025-12-08 22:15:34 - root - INFO - [FINAL TEST DEBUG] Batch 253: unique labels: [-100    1    2    4]
2025-12-08 22:15:34 - root - INFO - [FINAL TEST DEBUG] Batch 253: loss: 4.6181
2025-12-08 22:15:34 - root - INFO - [FINAL TEST DEBUG] Processing batch 254
2025-12-08 22:15:35 - root - INFO - [FINAL TEST DEBUG] Batch 254: unique predictions: [ 2  4  5 12]
2025-12-08 22:15:35 - root - INFO - [FINAL TEST DEBUG] Batch 254: unique labels: [-100    1    4]
2025-12-08 22:15:35 - root - INFO - [FINAL TEST DEBUG] Batch 254: loss: 1.8582
2025-12-08 22:15:35 - root - INFO - [FINAL TEST DEBUG] Processing batch 255
2025-12-08 22:15:35 - root - INFO - [FINAL TEST DEBUG] Batch 255: unique predictions: [ 2  4  5 12]
2025-12-08 22:15:35 - root - INFO - [FINAL TEST DEBUG] Batch 255: unique labels: [-100    2    4]
2025-12-08 22:15:35 - root - INFO - [FINAL TEST DEBUG] Batch 255: loss: 0.6855
2025-12-08 22:15:35 - root - INFO - [FINAL TEST DEBUG] Processing batch 256
2025-12-08 22:15:35 - root - INFO - [FINAL TEST DEBUG] Batch 256: unique predictions: [ 2  4  5 12]
2025-12-08 22:15:35 - root - INFO - [FINAL TEST DEBUG] Batch 256: unique labels: [-100    1    2    3]
2025-12-08 22:15:35 - root - INFO - [FINAL TEST DEBUG] Batch 256: loss: 3.1225
2025-12-08 22:15:35 - root - INFO - [FINAL TEST DEBUG] Processing batch 257
2025-12-08 22:15:35 - root - INFO - [FINAL TEST DEBUG] Batch 257: unique predictions: [ 2  4  5 12]
2025-12-08 22:15:35 - root - INFO - [FINAL TEST DEBUG] Batch 257: unique labels: [-100    1    2    3]
2025-12-08 22:15:35 - root - INFO - [FINAL TEST DEBUG] Batch 257: loss: 3.9963
2025-12-08 22:15:35 - root - INFO - [FINAL TEST DEBUG] Processing batch 258
2025-12-08 22:15:36 - root - INFO - [FINAL TEST DEBUG] Batch 258: unique predictions: [ 2  4  5 12]
2025-12-08 22:15:36 - root - INFO - [FINAL TEST DEBUG] Batch 258: unique labels: [-100    1    2    3]
2025-12-08 22:15:36 - root - INFO - [FINAL TEST DEBUG] Batch 258: loss: 4.2125
2025-12-08 22:15:36 - root - INFO - [FINAL TEST DEBUG] Processing batch 259
2025-12-08 22:15:36 - root - INFO - [FINAL TEST DEBUG] Batch 259: unique predictions: [ 2  4  5 12]
2025-12-08 22:15:36 - root - INFO - [FINAL TEST DEBUG] Batch 259: unique labels: [-100    1    2    3]
2025-12-08 22:15:36 - root - INFO - [FINAL TEST DEBUG] Batch 259: loss: 4.7899
2025-12-08 22:15:36 - root - INFO - [FINAL TEST DEBUG] Processing batch 260
2025-12-08 22:15:36 - root - INFO - [FINAL TEST DEBUG] Batch 260: unique predictions: [ 2  4  5 12]
2025-12-08 22:15:36 - root - INFO - [FINAL TEST DEBUG] Batch 260: unique labels: [-100    2]
2025-12-08 22:15:36 - root - INFO - [FINAL TEST DEBUG] Batch 260: loss: 1.4974
2025-12-08 22:15:36 - root - INFO - [FINAL TEST DEBUG] Processing batch 261
2025-12-08 22:15:37 - root - INFO - [FINAL TEST DEBUG] Batch 261: unique predictions: [ 2  4  5 12]
2025-12-08 22:15:37 - root - INFO - [FINAL TEST DEBUG] Batch 261: unique labels: [-100    1    4]
2025-12-08 22:15:37 - root - INFO - [FINAL TEST DEBUG] Batch 261: loss: 5.8796
2025-12-08 22:15:37 - root - INFO - [FINAL TEST DEBUG] Processing batch 262
2025-12-08 22:15:37 - root - INFO - [FINAL TEST DEBUG] Batch 262: unique predictions: [ 2  4  5 12]
2025-12-08 22:15:37 - root - INFO - [FINAL TEST DEBUG] Batch 262: unique labels: [-100    1    2]
2025-12-08 22:15:37 - root - INFO - [FINAL TEST DEBUG] Batch 262: loss: 2.9848
2025-12-08 22:15:37 - root - INFO - [FINAL TEST DEBUG] Processing batch 263
2025-12-08 22:15:37 - root - INFO - [FINAL TEST DEBUG] Batch 263: unique predictions: [ 2  4  5 12]
2025-12-08 22:15:37 - root - INFO - [FINAL TEST DEBUG] Batch 263: unique labels: [-100    1    2    4]
2025-12-08 22:15:37 - root - INFO - [FINAL TEST DEBUG] Batch 263: loss: 3.0261
2025-12-08 22:15:37 - root - INFO - [FINAL TEST DEBUG] Processing batch 264
2025-12-08 22:15:37 - root - INFO - [FINAL TEST DEBUG] Batch 264: unique predictions: [ 2  4  5 11 12]
2025-12-08 22:15:37 - root - INFO - [FINAL TEST DEBUG] Batch 264: unique labels: [-100    1    2    3    4]
2025-12-08 22:15:37 - root - INFO - [FINAL TEST DEBUG] Batch 264: loss: 2.2472
2025-12-08 22:15:37 - root - INFO - [FINAL TEST DEBUG] Processing batch 265
2025-12-08 22:15:38 - root - INFO - [FINAL TEST DEBUG] Batch 265: unique predictions: [ 2  4  5 12]
2025-12-08 22:15:38 - root - INFO - [FINAL TEST DEBUG] Batch 265: unique labels: [-100    1    3    4]
2025-12-08 22:15:38 - root - INFO - [FINAL TEST DEBUG] Batch 265: loss: 4.6969
2025-12-08 22:15:38 - root - INFO - [FINAL TEST DEBUG] Processing batch 266
2025-12-08 22:15:38 - root - INFO - [FINAL TEST DEBUG] Batch 266: unique predictions: [ 2  4  5 12]
2025-12-08 22:15:38 - root - INFO - [FINAL TEST DEBUG] Batch 266: unique labels: [-100    1    2    3]
2025-12-08 22:15:38 - root - INFO - [FINAL TEST DEBUG] Batch 266: loss: 4.5109
2025-12-08 22:15:38 - root - INFO - [FINAL TEST DEBUG] Processing batch 267
2025-12-08 22:15:38 - root - INFO - [FINAL TEST DEBUG] Batch 267: unique predictions: [ 2  4  5 12]
2025-12-08 22:15:38 - root - INFO - [FINAL TEST DEBUG] Batch 267: unique labels: [-100    2    3]
2025-12-08 22:15:38 - root - INFO - [FINAL TEST DEBUG] Batch 267: loss: 1.9130
2025-12-08 22:15:38 - root - INFO - [FINAL TEST DEBUG] Processing batch 268
2025-12-08 22:15:39 - root - INFO - [FINAL TEST DEBUG] Batch 268: unique predictions: [ 2  4  5 12]
2025-12-08 22:15:39 - root - INFO - [FINAL TEST DEBUG] Batch 268: unique labels: [-100    1    3]
2025-12-08 22:15:39 - root - INFO - [FINAL TEST DEBUG] Batch 268: loss: 5.6143
2025-12-08 22:15:39 - root - INFO - [FINAL TEST DEBUG] Processing batch 269
2025-12-08 22:15:39 - root - INFO - [FINAL TEST DEBUG] Batch 269: unique predictions: [ 2  4  5 12]
2025-12-08 22:15:39 - root - INFO - [FINAL TEST DEBUG] Batch 269: unique labels: [-100    1    3    4]
2025-12-08 22:15:39 - root - INFO - [FINAL TEST DEBUG] Batch 269: loss: 1.4532
2025-12-08 22:15:39 - root - INFO - [FINAL TEST DEBUG] Processing batch 270
2025-12-08 22:15:39 - root - INFO - [FINAL TEST DEBUG] Batch 270: unique predictions: [ 2  4  5 12]
2025-12-08 22:15:39 - root - INFO - [FINAL TEST DEBUG] Batch 270: unique labels: [-100    1    2    4]
2025-12-08 22:15:39 - root - INFO - [FINAL TEST DEBUG] Batch 270: loss: 5.1620
2025-12-08 22:15:39 - root - INFO - [FINAL TEST DEBUG] Processing batch 271
2025-12-08 22:15:40 - root - INFO - [FINAL TEST DEBUG] Batch 271: unique predictions: [ 2  4  5 12]
2025-12-08 22:15:40 - root - INFO - [FINAL TEST DEBUG] Batch 271: unique labels: [-100    1    2    4]
2025-12-08 22:15:40 - root - INFO - [FINAL TEST DEBUG] Batch 271: loss: 4.5158
2025-12-08 22:15:40 - root - INFO - [FINAL TEST DEBUG] Processing batch 272
2025-12-08 22:15:40 - root - INFO - [FINAL TEST DEBUG] Batch 272: unique predictions: [ 2  4  5 12]
2025-12-08 22:15:40 - root - INFO - [FINAL TEST DEBUG] Batch 272: unique labels: [-100    1    2    4]
2025-12-08 22:15:40 - root - INFO - [FINAL TEST DEBUG] Batch 272: loss: 1.6172
2025-12-08 22:15:40 - root - INFO - [FINAL TEST DEBUG] Processing batch 273
2025-12-08 22:15:40 - root - INFO - [FINAL TEST DEBUG] Batch 273: unique predictions: [ 2  4  5 12]
2025-12-08 22:15:40 - root - INFO - [FINAL TEST DEBUG] Batch 273: unique labels: [-100    1    2    4]
2025-12-08 22:15:40 - root - INFO - [FINAL TEST DEBUG] Batch 273: loss: 1.5677
2025-12-08 22:15:40 - root - INFO - [FINAL TEST DEBUG] Processing batch 274
2025-12-08 22:15:40 - root - INFO - [FINAL TEST DEBUG] Batch 274: unique predictions: [ 2  4  5 12]
2025-12-08 22:15:40 - root - INFO - [FINAL TEST DEBUG] Batch 274: unique labels: [-100    1    4]
2025-12-08 22:15:40 - root - INFO - [FINAL TEST DEBUG] Batch 274: loss: 0.7594
2025-12-08 22:15:40 - root - INFO - [FINAL TEST DEBUG] Processing batch 275
2025-12-08 22:15:41 - root - INFO - [FINAL TEST DEBUG] Batch 275: unique predictions: [ 2  4  5 12]
2025-12-08 22:15:41 - root - INFO - [FINAL TEST DEBUG] Batch 275: unique labels: [-100    1    2    3    4]
2025-12-08 22:15:41 - root - INFO - [FINAL TEST DEBUG] Batch 275: loss: 2.6932
2025-12-08 22:15:41 - root - INFO - [FINAL TEST DEBUG] Processing batch 276
2025-12-08 22:15:41 - root - INFO - [FINAL TEST DEBUG] Batch 276: unique predictions: [ 2  4  5 12]
2025-12-08 22:15:41 - root - INFO - [FINAL TEST DEBUG] Batch 276: unique labels: [-100    1    4]
2025-12-08 22:15:41 - root - INFO - [FINAL TEST DEBUG] Batch 276: loss: 1.4136
2025-12-08 22:15:41 - root - INFO - [FINAL TEST DEBUG] Processing batch 277
2025-12-08 22:15:41 - root - INFO - [FINAL TEST DEBUG] Batch 277: unique predictions: [ 2  4  5 12]
2025-12-08 22:15:41 - root - INFO - [FINAL TEST DEBUG] Batch 277: unique labels: [-100    1    2    4]
2025-12-08 22:15:41 - root - INFO - [FINAL TEST DEBUG] Batch 277: loss: 4.2932
2025-12-08 22:15:41 - root - INFO - [FINAL TEST DEBUG] Processing batch 278
2025-12-08 22:15:42 - root - INFO - [FINAL TEST DEBUG] Batch 278: unique predictions: [ 2  4  5 12]
2025-12-08 22:15:42 - root - INFO - [FINAL TEST DEBUG] Batch 278: unique labels: [-100    1    3    4]
2025-12-08 22:15:42 - root - INFO - [FINAL TEST DEBUG] Batch 278: loss: 2.1288
2025-12-08 22:15:42 - root - INFO - [FINAL TEST DEBUG] Processing batch 279
2025-12-08 22:15:42 - root - INFO - [FINAL TEST DEBUG] Batch 279: unique predictions: [ 2  4  5 12]
2025-12-08 22:15:42 - root - INFO - [FINAL TEST DEBUG] Batch 279: unique labels: [-100    1    4]
2025-12-08 22:15:42 - root - INFO - [FINAL TEST DEBUG] Batch 279: loss: 3.2275
2025-12-08 22:15:42 - root - INFO - [FINAL TEST DEBUG] Processing batch 280
2025-12-08 22:15:42 - root - INFO - [FINAL TEST DEBUG] Batch 280: unique predictions: [ 2  4  5 12]
2025-12-08 22:15:42 - root - INFO - [FINAL TEST DEBUG] Batch 280: unique labels: [-100    4]
2025-12-08 22:15:42 - root - INFO - [FINAL TEST DEBUG] Batch 280: loss: 0.5356
2025-12-08 22:15:42 - root - INFO - [FINAL TEST DEBUG] Processing batch 281
2025-12-08 22:15:43 - root - INFO - [FINAL TEST DEBUG] Batch 281: unique predictions: [ 2  4  5 12]
2025-12-08 22:15:43 - root - INFO - [FINAL TEST DEBUG] Batch 281: unique labels: [-100    1    2    4]
2025-12-08 22:15:43 - root - INFO - [FINAL TEST DEBUG] Batch 281: loss: 1.6624
2025-12-08 22:15:43 - root - INFO - [FINAL TEST DEBUG] Processing batch 282
2025-12-08 22:15:43 - root - INFO - [FINAL TEST DEBUG] Batch 282: unique predictions: [ 2  4  5 12]
2025-12-08 22:15:43 - root - INFO - [FINAL TEST DEBUG] Batch 282: unique labels: [-100    1    2    4]
2025-12-08 22:15:43 - root - INFO - [FINAL TEST DEBUG] Batch 282: loss: 4.6283
2025-12-08 22:15:43 - root - INFO - [FINAL TEST DEBUG] Processing batch 283
2025-12-08 22:15:43 - root - INFO - [FINAL TEST DEBUG] Batch 283: unique predictions: [ 2  4  5 12]
2025-12-08 22:15:43 - root - INFO - [FINAL TEST DEBUG] Batch 283: unique labels: [-100    1    2    4]
2025-12-08 22:15:43 - root - INFO - [FINAL TEST DEBUG] Batch 283: loss: 3.1853
2025-12-08 22:15:43 - root - INFO - [FINAL TEST DEBUG] Processing batch 284
2025-12-08 22:15:44 - root - INFO - [FINAL TEST DEBUG] Batch 284: unique predictions: [ 2  4  5 12]
2025-12-08 22:15:44 - root - INFO - [FINAL TEST DEBUG] Batch 284: unique labels: [-100    1    2    4]
2025-12-08 22:15:44 - root - INFO - [FINAL TEST DEBUG] Batch 284: loss: 5.2298
2025-12-08 22:15:44 - root - INFO - [FINAL TEST DEBUG] Processing batch 285
2025-12-08 22:15:44 - root - INFO - [FINAL TEST DEBUG] Batch 285: unique predictions: [ 2  4  5 12]
2025-12-08 22:15:44 - root - INFO - [FINAL TEST DEBUG] Batch 285: unique labels: [-100    2    3    4]
2025-12-08 22:15:44 - root - INFO - [FINAL TEST DEBUG] Batch 285: loss: 1.2294
2025-12-08 22:15:44 - root - INFO - [FINAL TEST DEBUG] Processing batch 286
2025-12-08 22:15:44 - root - INFO - [FINAL TEST DEBUG] Batch 286: unique predictions: [ 2  4  5 12]
2025-12-08 22:15:44 - root - INFO - [FINAL TEST DEBUG] Batch 286: unique labels: [-100    1    3    4]
2025-12-08 22:15:44 - root - INFO - [FINAL TEST DEBUG] Batch 286: loss: 3.1208
2025-12-08 22:15:44 - root - INFO - [FINAL TEST DEBUG] Processing batch 287
2025-12-08 22:15:45 - root - INFO - [FINAL TEST DEBUG] Batch 287: unique predictions: [ 2  4  5 12]
2025-12-08 22:15:45 - root - INFO - [FINAL TEST DEBUG] Batch 287: unique labels: [-100    1    3    4]
2025-12-08 22:15:45 - root - INFO - [FINAL TEST DEBUG] Batch 287: loss: 3.9769
2025-12-08 22:15:45 - root - INFO - [FINAL TEST DEBUG] Processing batch 288
2025-12-08 22:15:45 - root - INFO - [FINAL TEST DEBUG] Batch 288: unique predictions: [ 2  4  5 12]
2025-12-08 22:15:45 - root - INFO - [FINAL TEST DEBUG] Batch 288: unique labels: [-100    1    2    3]
2025-12-08 22:15:45 - root - INFO - [FINAL TEST DEBUG] Batch 288: loss: 5.0541
2025-12-08 22:15:45 - root - INFO - [FINAL TEST DEBUG] Processing batch 289
2025-12-08 22:15:45 - root - INFO - [FINAL TEST DEBUG] Batch 289: unique predictions: [ 2  4  5 12]
2025-12-08 22:15:45 - root - INFO - [FINAL TEST DEBUG] Batch 289: unique labels: [-100    1    4]
2025-12-08 22:15:45 - root - INFO - [FINAL TEST DEBUG] Batch 289: loss: 1.2304
2025-12-08 22:15:45 - root - INFO - [FINAL TEST DEBUG] Processing batch 290
2025-12-08 22:15:45 - root - INFO - [FINAL TEST DEBUG] Batch 290: unique predictions: [ 2  4  5 12]
2025-12-08 22:15:45 - root - INFO - [FINAL TEST DEBUG] Batch 290: unique labels: [-100    2    3    4]
2025-12-08 22:15:45 - root - INFO - [FINAL TEST DEBUG] Batch 290: loss: 1.6468
2025-12-08 22:15:45 - root - INFO - [FINAL TEST DEBUG] Processing batch 291
2025-12-08 22:15:46 - root - INFO - [FINAL TEST DEBUG] Batch 291: unique predictions: [ 2  4  5 12]
2025-12-08 22:15:46 - root - INFO - [FINAL TEST DEBUG] Batch 291: unique labels: [-100    3    4]
2025-12-08 22:15:46 - root - INFO - [FINAL TEST DEBUG] Batch 291: loss: 2.3341
2025-12-08 22:15:46 - root - INFO - [FINAL TEST DEBUG] Processing batch 292
2025-12-08 22:15:46 - root - INFO - [FINAL TEST DEBUG] Batch 292: unique predictions: [ 2  4  5 12]
2025-12-08 22:15:46 - root - INFO - [FINAL TEST DEBUG] Batch 292: unique labels: [-100    1    2    4]
2025-12-08 22:15:46 - root - INFO - [FINAL TEST DEBUG] Batch 292: loss: 1.3886
2025-12-08 22:15:46 - root - INFO - [FINAL TEST DEBUG] Processing batch 293
2025-12-08 22:15:46 - root - INFO - [FINAL TEST DEBUG] Batch 293: unique predictions: [ 2  4  5 12]
2025-12-08 22:15:46 - root - INFO - [FINAL TEST DEBUG] Batch 293: unique labels: [-100    2    3    4]
2025-12-08 22:15:46 - root - INFO - [FINAL TEST DEBUG] Batch 293: loss: 2.6415
2025-12-08 22:15:46 - root - INFO - [FINAL TEST DEBUG] Processing batch 294
2025-12-08 22:15:47 - root - INFO - [FINAL TEST DEBUG] Batch 294: unique predictions: [ 2  4  5 12]
2025-12-08 22:15:47 - root - INFO - [FINAL TEST DEBUG] Batch 294: unique labels: [-100    1    3    4]
2025-12-08 22:15:47 - root - INFO - [FINAL TEST DEBUG] Batch 294: loss: 2.2679
2025-12-08 22:15:47 - root - INFO - [FINAL TEST DEBUG] Processing batch 295
2025-12-08 22:15:47 - root - INFO - [FINAL TEST DEBUG] Batch 295: unique predictions: [ 2  4  5 12]
2025-12-08 22:15:47 - root - INFO - [FINAL TEST DEBUG] Batch 295: unique labels: [-100    1    2    3    4]
2025-12-08 22:15:47 - root - INFO - [FINAL TEST DEBUG] Batch 295: loss: 3.5237
2025-12-08 22:15:47 - root - INFO - [FINAL TEST DEBUG] Processing batch 296
2025-12-08 22:15:47 - root - INFO - [FINAL TEST DEBUG] Batch 296: unique predictions: [ 2  4  5 12]
2025-12-08 22:15:47 - root - INFO - [FINAL TEST DEBUG] Batch 296: unique labels: [-100    2    3    4]
2025-12-08 22:15:47 - root - INFO - [FINAL TEST DEBUG] Batch 296: loss: 1.8034
2025-12-08 22:15:47 - root - INFO - [FINAL TEST DEBUG] Processing batch 297
2025-12-08 22:15:48 - root - INFO - [FINAL TEST DEBUG] Batch 297: unique predictions: [ 2  4  5 12]
2025-12-08 22:15:48 - root - INFO - [FINAL TEST DEBUG] Batch 297: unique labels: [-100    2    3    4]
2025-12-08 22:15:48 - root - INFO - [FINAL TEST DEBUG] Batch 297: loss: 2.5097
2025-12-08 22:15:48 - root - INFO - [FINAL TEST DEBUG] Processing batch 298
2025-12-08 22:15:48 - root - INFO - [FINAL TEST DEBUG] Batch 298: unique predictions: [ 2  4  5 12]
2025-12-08 22:15:48 - root - INFO - [FINAL TEST DEBUG] Batch 298: unique labels: [-100    2    3    4]
2025-12-08 22:15:48 - root - INFO - [FINAL TEST DEBUG] Batch 298: loss: 2.1246
2025-12-08 22:15:48 - root - INFO - [FINAL TEST DEBUG] Processing batch 299
2025-12-08 22:15:49 - root - INFO - [FINAL TEST DEBUG] Batch 299: unique predictions: [ 2  4  5 12]
2025-12-08 22:15:49 - root - INFO - [FINAL TEST DEBUG] Batch 299: unique labels: [-100    3    4]
2025-12-08 22:15:49 - root - INFO - [FINAL TEST DEBUG] Batch 299: loss: 0.8971
2025-12-08 22:15:49 - root - INFO - [FINAL TEST DEBUG] Processing batch 300
2025-12-08 22:15:49 - root - INFO - [FINAL TEST DEBUG] Batch 300: unique predictions: [ 2  4  5 12]
2025-12-08 22:15:49 - root - INFO - [FINAL TEST DEBUG] Batch 300: unique labels: [-100    2    3    4]
2025-12-08 22:15:49 - root - INFO - [FINAL TEST DEBUG] Batch 300: loss: 2.7587
2025-12-08 22:15:49 - root - INFO - [FINAL TEST DEBUG] Processing batch 301
2025-12-08 22:15:49 - root - INFO - [FINAL TEST DEBUG] Batch 301: unique predictions: [ 2  4  5 12]
2025-12-08 22:15:49 - root - INFO - [FINAL TEST DEBUG] Batch 301: unique labels: [-100    2    3    4]
2025-12-08 22:15:49 - root - INFO - [FINAL TEST DEBUG] Batch 301: loss: 2.9169
2025-12-08 22:15:49 - root - INFO - [FINAL TEST DEBUG] Processing batch 302
2025-12-08 22:15:50 - root - INFO - [FINAL TEST DEBUG] Batch 302: unique predictions: [ 2  4  5 11 12]
2025-12-08 22:15:50 - root - INFO - [FINAL TEST DEBUG] Batch 302: unique labels: [-100    3    4]
2025-12-08 22:15:50 - root - INFO - [FINAL TEST DEBUG] Batch 302: loss: 2.8443
2025-12-08 22:15:50 - root - INFO - [FINAL TEST DEBUG] Processing batch 303
2025-12-08 22:15:50 - root - INFO - [FINAL TEST DEBUG] Batch 303: unique predictions: [ 2  4  5 12]
2025-12-08 22:15:50 - root - INFO - [FINAL TEST DEBUG] Batch 303: unique labels: [-100    1    3    4]
2025-12-08 22:15:50 - root - INFO - [FINAL TEST DEBUG] Batch 303: loss: 2.9298
2025-12-08 22:15:50 - root - INFO - [FINAL TEST DEBUG] Processing batch 304
2025-12-08 22:15:50 - root - INFO - [FINAL TEST DEBUG] Batch 304: unique predictions: [ 2  4  5 12]
2025-12-08 22:15:50 - root - INFO - [FINAL TEST DEBUG] Batch 304: unique labels: [-100    1    2    4]
2025-12-08 22:15:50 - root - INFO - [FINAL TEST DEBUG] Batch 304: loss: 2.4329
2025-12-08 22:15:50 - root - INFO - [FINAL TEST DEBUG] Processing batch 305
2025-12-08 22:15:51 - root - INFO - [FINAL TEST DEBUG] Batch 305: unique predictions: [ 2  4  5 12]
2025-12-08 22:15:51 - root - INFO - [FINAL TEST DEBUG] Batch 305: unique labels: [-100    1    2    4]
2025-12-08 22:15:51 - root - INFO - [FINAL TEST DEBUG] Batch 305: loss: 2.5224
2025-12-08 22:15:51 - root - INFO - [FINAL TEST DEBUG] Processing batch 306
2025-12-08 22:15:51 - root - INFO - [FINAL TEST DEBUG] Batch 306: unique predictions: [ 2  4  5 12]
2025-12-08 22:15:51 - root - INFO - [FINAL TEST DEBUG] Batch 306: unique labels: [-100    1    2    4]
2025-12-08 22:15:51 - root - INFO - [FINAL TEST DEBUG] Batch 306: loss: 2.0746
2025-12-08 22:15:51 - root - INFO - [FINAL TEST DEBUG] Processing batch 307
2025-12-08 22:15:51 - root - INFO - [FINAL TEST DEBUG] Batch 307: unique predictions: [ 2  4  5 12]
2025-12-08 22:15:51 - root - INFO - [FINAL TEST DEBUG] Batch 307: unique labels: [-100    1    2    4]
2025-12-08 22:15:51 - root - INFO - [FINAL TEST DEBUG] Batch 307: loss: 3.7885
2025-12-08 22:15:51 - root - INFO - [FINAL TEST DEBUG] Processing batch 308
2025-12-08 22:15:51 - root - INFO - [FINAL TEST DEBUG] Batch 308: unique predictions: [ 2  4  5 12]
2025-12-08 22:15:51 - root - INFO - [FINAL TEST DEBUG] Batch 308: unique labels: [-100    1    3    4]
2025-12-08 22:15:51 - root - INFO - [FINAL TEST DEBUG] Batch 308: loss: 2.7685
2025-12-08 22:15:51 - root - INFO - [FINAL TEST DEBUG] Processing batch 309
2025-12-08 22:15:52 - root - INFO - [FINAL TEST DEBUG] Batch 309: unique predictions: [ 2  4  5 12]
2025-12-08 22:15:52 - root - INFO - [FINAL TEST DEBUG] Batch 309: unique labels: [-100    2    3    4]
2025-12-08 22:15:52 - root - INFO - [FINAL TEST DEBUG] Batch 309: loss: 1.6017
2025-12-08 22:15:52 - root - INFO - [FINAL TEST DEBUG] Processing batch 310
2025-12-08 22:15:52 - root - INFO - [FINAL TEST DEBUG] Batch 310: unique predictions: [ 2  4  5 12]
2025-12-08 22:15:52 - root - INFO - [FINAL TEST DEBUG] Batch 310: unique labels: [-100    2    3    4]
2025-12-08 22:15:52 - root - INFO - [FINAL TEST DEBUG] Batch 310: loss: 2.3624
2025-12-08 22:15:52 - root - INFO - [FINAL TEST DEBUG] Processing batch 311
2025-12-08 22:15:52 - root - INFO - [FINAL TEST DEBUG] Batch 311: unique predictions: [ 2  4  5 12]
2025-12-08 22:15:52 - root - INFO - [FINAL TEST DEBUG] Batch 311: unique labels: [-100    1    2]
2025-12-08 22:15:52 - root - INFO - [FINAL TEST DEBUG] Batch 311: loss: 5.9123
2025-12-08 22:15:52 - root - INFO - [FINAL TEST DEBUG] Processing batch 312
2025-12-08 22:15:53 - root - INFO - [FINAL TEST DEBUG] Batch 312: unique predictions: [ 2  4  5 12]
2025-12-08 22:15:53 - root - INFO - [FINAL TEST DEBUG] Batch 312: unique labels: [-100    1    2    4]
2025-12-08 22:15:53 - root - INFO - [FINAL TEST DEBUG] Batch 312: loss: 2.6409
2025-12-08 22:15:53 - root - INFO - [FINAL TEST DEBUG] Processing batch 313
2025-12-08 22:15:53 - root - INFO - [FINAL TEST DEBUG] Batch 313: unique predictions: [ 2  4  5 12]
2025-12-08 22:15:53 - root - INFO - [FINAL TEST DEBUG] Batch 313: unique labels: [-100    2    4]
2025-12-08 22:15:53 - root - INFO - [FINAL TEST DEBUG] Batch 313: loss: 1.2835
2025-12-08 22:15:53 - root - INFO - [FINAL TEST DEBUG] Processing batch 314
2025-12-08 22:15:53 - root - INFO - [FINAL TEST DEBUG] Batch 314: unique predictions: [ 2  4  5 12]
2025-12-08 22:15:53 - root - INFO - [FINAL TEST DEBUG] Batch 314: unique labels: [-100    1    4]
2025-12-08 22:15:53 - root - INFO - [FINAL TEST DEBUG] Batch 314: loss: 1.3118
2025-12-08 22:15:53 - root - INFO - [FINAL TEST DEBUG] Processing batch 315
2025-12-08 22:15:54 - root - INFO - [FINAL TEST DEBUG] Batch 315: unique predictions: [ 2  4  5 12]
2025-12-08 22:15:54 - root - INFO - [FINAL TEST DEBUG] Batch 315: unique labels: [-100    1    2    4]
2025-12-08 22:15:54 - root - INFO - [FINAL TEST DEBUG] Batch 315: loss: 1.9010
2025-12-08 22:15:54 - root - INFO - [FINAL TEST DEBUG] Processing batch 316
2025-12-08 22:15:54 - root - INFO - [FINAL TEST DEBUG] Batch 316: unique predictions: [ 2  4  5 12]
2025-12-08 22:15:54 - root - INFO - [FINAL TEST DEBUG] Batch 316: unique labels: [-100    1    2]
2025-12-08 22:15:54 - root - INFO - [FINAL TEST DEBUG] Batch 316: loss: 2.5304
2025-12-08 22:15:54 - root - INFO - [FINAL TEST DEBUG] Processing batch 317
2025-12-08 22:15:54 - root - INFO - [FINAL TEST DEBUG] Batch 317: unique predictions: [ 2  4  5 12]
2025-12-08 22:15:54 - root - INFO - [FINAL TEST DEBUG] Batch 317: unique labels: [-100    2    4]
2025-12-08 22:15:54 - root - INFO - [FINAL TEST DEBUG] Batch 317: loss: 0.9575
2025-12-08 22:15:54 - root - INFO - [FINAL TEST DEBUG] Processing batch 318
2025-12-08 22:15:54 - root - INFO - [FINAL TEST DEBUG] Batch 318: unique predictions: [ 2  4  5 12]
2025-12-08 22:15:54 - root - INFO - [FINAL TEST DEBUG] Batch 318: unique labels: [-100    1    2    4]
2025-12-08 22:15:54 - root - INFO - [FINAL TEST DEBUG] Batch 318: loss: 3.9529
2025-12-08 22:15:54 - root - INFO - [FINAL TEST DEBUG] Processing batch 319
2025-12-08 22:15:55 - root - INFO - [FINAL TEST DEBUG] Batch 319: unique predictions: [ 2  4  5 12]
2025-12-08 22:15:55 - root - INFO - [FINAL TEST DEBUG] Batch 319: unique labels: [-100    2    3    4]
2025-12-08 22:15:55 - root - INFO - [FINAL TEST DEBUG] Batch 319: loss: 2.0096
2025-12-08 22:15:55 - root - INFO - [FINAL TEST DEBUG] Processing batch 320
2025-12-08 22:15:55 - root - INFO - [FINAL TEST DEBUG] Batch 320: unique predictions: [ 2  4  5 12]
2025-12-08 22:15:55 - root - INFO - [FINAL TEST DEBUG] Batch 320: unique labels: [-100    2    3    4]
2025-12-08 22:15:55 - root - INFO - [FINAL TEST DEBUG] Batch 320: loss: 1.4226
2025-12-08 22:15:55 - root - INFO - [FINAL TEST DEBUG] Processing batch 321
2025-12-08 22:15:55 - root - INFO - [FINAL TEST DEBUG] Batch 321: unique predictions: [ 2  4  5 12]
2025-12-08 22:15:55 - root - INFO - [FINAL TEST DEBUG] Batch 321: unique labels: [-100    1    2    3    4]
2025-12-08 22:15:55 - root - INFO - [FINAL TEST DEBUG] Batch 321: loss: 2.2922
2025-12-08 22:15:55 - root - INFO - [FINAL TEST DEBUG] Processing batch 322
2025-12-08 22:15:56 - root - INFO - [FINAL TEST DEBUG] Batch 322: unique predictions: [ 2  4  5 12]
2025-12-08 22:15:56 - root - INFO - [FINAL TEST DEBUG] Batch 322: unique labels: [-100    4]
2025-12-08 22:15:56 - root - INFO - [FINAL TEST DEBUG] Batch 322: loss: 0.4913
2025-12-08 22:15:56 - root - INFO - [FINAL TEST DEBUG] Processing batch 323
2025-12-08 22:15:56 - root - INFO - [FINAL TEST DEBUG] Batch 323: unique predictions: [ 2  4  5 12]
2025-12-08 22:15:56 - root - INFO - [FINAL TEST DEBUG] Batch 323: unique labels: [-100    2    3    4]
2025-12-08 22:15:56 - root - INFO - [FINAL TEST DEBUG] Batch 323: loss: 1.1272
2025-12-08 22:15:56 - root - INFO - [FINAL TEST DEBUG] Processing batch 324
2025-12-08 22:15:56 - root - INFO - [FINAL TEST DEBUG] Batch 324: unique predictions: [ 2  4  5 12]
2025-12-08 22:15:56 - root - INFO - [FINAL TEST DEBUG] Batch 324: unique labels: [-100    1    2    4]
2025-12-08 22:15:56 - root - INFO - [FINAL TEST DEBUG] Batch 324: loss: 2.0220
2025-12-08 22:15:56 - root - INFO - [FINAL TEST DEBUG] Processing batch 325
2025-12-08 22:15:56 - root - INFO - [FINAL TEST DEBUG] Batch 325: unique predictions: [ 2  4  5 12]
2025-12-08 22:15:56 - root - INFO - [FINAL TEST DEBUG] Batch 325: unique labels: [-100    1    2    3    4]
2025-12-08 22:15:56 - root - INFO - [FINAL TEST DEBUG] Batch 325: loss: 3.9180
2025-12-08 22:15:56 - root - INFO - [FINAL TEST DEBUG] Processing batch 326
2025-12-08 22:15:57 - root - INFO - [FINAL TEST DEBUG] Batch 326: unique predictions: [ 2  4  5 12]
2025-12-08 22:15:57 - root - INFO - [FINAL TEST DEBUG] Batch 326: unique labels: [-100    1    2]
2025-12-08 22:15:57 - root - INFO - [FINAL TEST DEBUG] Batch 326: loss: 1.6233
2025-12-08 22:15:57 - root - INFO - [FINAL TEST DEBUG] Processing batch 327
2025-12-08 22:15:57 - root - INFO - [FINAL TEST DEBUG] Batch 327: unique predictions: [ 2  4  5 12]
2025-12-08 22:15:57 - root - INFO - [FINAL TEST DEBUG] Batch 327: unique labels: [-100    2    3    4]
2025-12-08 22:15:57 - root - INFO - [FINAL TEST DEBUG] Batch 327: loss: 1.7434
2025-12-08 22:15:57 - root - INFO - [FINAL TEST DEBUG] Processing batch 328
2025-12-08 22:15:57 - root - INFO - [FINAL TEST DEBUG] Batch 328: unique predictions: [ 2  4  5 12]
2025-12-08 22:15:57 - root - INFO - [FINAL TEST DEBUG] Batch 328: unique labels: [-100    2]
2025-12-08 22:15:57 - root - INFO - [FINAL TEST DEBUG] Batch 328: loss: 1.4283
2025-12-08 22:15:57 - root - INFO - [FINAL TEST DEBUG] Processing batch 329
2025-12-08 22:15:58 - root - INFO - [FINAL TEST DEBUG] Batch 329: unique predictions: [ 2  4  5 12]
2025-12-08 22:15:58 - root - INFO - [FINAL TEST DEBUG] Batch 329: unique labels: [-100    4]
2025-12-08 22:15:58 - root - INFO - [FINAL TEST DEBUG] Batch 329: loss: 0.5157
2025-12-08 22:15:58 - root - INFO - [FINAL TEST DEBUG] Processing batch 330
2025-12-08 22:15:58 - root - INFO - [FINAL TEST DEBUG] Batch 330: unique predictions: [ 2  4  5 12]
2025-12-08 22:15:58 - root - INFO - [FINAL TEST DEBUG] Batch 330: unique labels: [-100    2    4]
2025-12-08 22:15:58 - root - INFO - [FINAL TEST DEBUG] Batch 330: loss: 1.0123
2025-12-08 22:15:58 - root - INFO - [FINAL TEST DEBUG] Processing batch 331
2025-12-08 22:15:58 - root - INFO - [FINAL TEST DEBUG] Batch 331: unique predictions: [ 2  4  5 12]
2025-12-08 22:15:58 - root - INFO - [FINAL TEST DEBUG] Batch 331: unique labels: [-100    2    3    4]
2025-12-08 22:15:58 - root - INFO - [FINAL TEST DEBUG] Batch 331: loss: 1.7856
2025-12-08 22:15:58 - root - INFO - [FINAL TEST DEBUG] Processing batch 332
2025-12-08 22:15:59 - root - INFO - [FINAL TEST DEBUG] Batch 332: unique predictions: [ 2  4  5 12]
2025-12-08 22:15:59 - root - INFO - [FINAL TEST DEBUG] Batch 332: unique labels: [-100    2    3    4]
2025-12-08 22:15:59 - root - INFO - [FINAL TEST DEBUG] Batch 332: loss: 0.6790
2025-12-08 22:15:59 - root - INFO - [FINAL TEST DEBUG] Processing batch 333
2025-12-08 22:15:59 - root - INFO - [FINAL TEST DEBUG] Batch 333: unique predictions: [ 2  4  5 12]
2025-12-08 22:15:59 - root - INFO - [FINAL TEST DEBUG] Batch 333: unique labels: [-100    2    4]
2025-12-08 22:15:59 - root - INFO - [FINAL TEST DEBUG] Batch 333: loss: 0.8341
2025-12-08 22:15:59 - root - INFO - [FINAL TEST DEBUG] Processing batch 334
2025-12-08 22:15:59 - root - INFO - [FINAL TEST DEBUG] Batch 334: unique predictions: [ 2  4  5 12]
2025-12-08 22:15:59 - root - INFO - [FINAL TEST DEBUG] Batch 334: unique labels: [-100    2    4]
2025-12-08 22:15:59 - root - INFO - [FINAL TEST DEBUG] Batch 334: loss: 1.0752
2025-12-08 22:15:59 - root - INFO - [FINAL TEST DEBUG] Processing batch 335
2025-12-08 22:15:59 - root - INFO - [FINAL TEST DEBUG] Batch 335: unique predictions: [ 2  4  5 12]
2025-12-08 22:15:59 - root - INFO - [FINAL TEST DEBUG] Batch 335: unique labels: [-100    2    3    4]
2025-12-08 22:15:59 - root - INFO - [FINAL TEST DEBUG] Batch 335: loss: 1.8945
2025-12-08 22:15:59 - root - INFO - [FINAL TEST DEBUG] Processing batch 336
2025-12-08 22:16:00 - root - INFO - [FINAL TEST DEBUG] Batch 336: unique predictions: [ 2  4  5 12]
2025-12-08 22:16:00 - root - INFO - [FINAL TEST DEBUG] Batch 336: unique labels: [-100    1    2    4]
2025-12-08 22:16:00 - root - INFO - [FINAL TEST DEBUG] Batch 336: loss: 3.7742
2025-12-08 22:16:00 - root - INFO - [FINAL TEST DEBUG] Processing batch 337
2025-12-08 22:16:00 - root - INFO - [FINAL TEST DEBUG] Batch 337: unique predictions: [ 2  4  5 12]
2025-12-08 22:16:00 - root - INFO - [FINAL TEST DEBUG] Batch 337: unique labels: [-100    1    2    3]
2025-12-08 22:16:00 - root - INFO - [FINAL TEST DEBUG] Batch 337: loss: 3.5463
2025-12-08 22:16:00 - root - INFO - [FINAL TEST DEBUG] Processing batch 338
2025-12-08 22:16:00 - root - INFO - [FINAL TEST DEBUG] Batch 338: unique predictions: [ 2  4  5 12]
2025-12-08 22:16:00 - root - INFO - [FINAL TEST DEBUG] Batch 338: unique labels: [-100    3    4]
2025-12-08 22:16:00 - root - INFO - [FINAL TEST DEBUG] Batch 338: loss: 2.2633
2025-12-08 22:16:00 - root - INFO - [FINAL TEST DEBUG] Processing batch 339
2025-12-08 22:16:00 - root - INFO - [FINAL TEST DEBUG] Batch 339: unique predictions: [ 2  4  5 12]
2025-12-08 22:16:00 - root - INFO - [FINAL TEST DEBUG] Batch 339: unique labels: [-100    2    3    4]
2025-12-08 22:16:00 - root - INFO - [FINAL TEST DEBUG] Batch 339: loss: 1.5821
2025-12-08 22:16:00 - root - INFO - [FINAL TEST DEBUG] Processing batch 340
2025-12-08 22:16:01 - root - INFO - [FINAL TEST DEBUG] Batch 340: unique predictions: [ 2  4  5 12]
2025-12-08 22:16:01 - root - INFO - [FINAL TEST DEBUG] Batch 340: unique labels: [-100    1    2    4]
2025-12-08 22:16:01 - root - INFO - [FINAL TEST DEBUG] Batch 340: loss: 2.5045
2025-12-08 22:16:01 - root - INFO - [FINAL TEST DEBUG] Processing batch 341
2025-12-08 22:16:01 - root - INFO - [FINAL TEST DEBUG] Batch 341: unique predictions: [ 2  4  5  8 10 12]
2025-12-08 22:16:01 - root - INFO - [FINAL TEST DEBUG] Batch 341: unique labels: [-100    2   13]
2025-12-08 22:16:01 - root - INFO - [FINAL TEST DEBUG] Batch 341: loss: 1.8077
2025-12-08 22:16:01 - root - INFO - [FINAL TEST DEBUG] Processing batch 342
2025-12-08 22:16:01 - root - INFO - [FINAL TEST DEBUG] Batch 342: unique predictions: [ 2  4  5  9 10 11 12]
2025-12-08 22:16:01 - root - INFO - [FINAL TEST DEBUG] Batch 342: unique labels: [-100    8   13]
2025-12-08 22:16:01 - root - INFO - [FINAL TEST DEBUG] Batch 342: loss: 3.6656
2025-12-08 22:16:01 - root - INFO - [FINAL TEST DEBUG] Processing batch 343
2025-12-08 22:16:01 - root - INFO - [FINAL TEST DEBUG] Batch 343: unique predictions: [ 2  4  8  9 10 11 12]
2025-12-08 22:16:01 - root - INFO - [FINAL TEST DEBUG] Batch 343: unique labels: [-100    7   10   13]
2025-12-08 22:16:01 - root - INFO - [FINAL TEST DEBUG] Batch 343: loss: 3.4170
2025-12-08 22:16:01 - root - INFO - [FINAL TEST DEBUG] Processing batch 344
2025-12-08 22:16:02 - root - INFO - [FINAL TEST DEBUG] Batch 344: unique predictions: [ 2  4  5  7  8  9 10 11 12]
2025-12-08 22:16:02 - root - INFO - [FINAL TEST DEBUG] Batch 344: unique labels: [-100    6   10]
2025-12-08 22:16:02 - root - INFO - [FINAL TEST DEBUG] Batch 344: loss: 3.4943
2025-12-08 22:16:02 - root - INFO - [FINAL TEST DEBUG] Processing batch 345
2025-12-08 22:16:02 - root - INFO - [FINAL TEST DEBUG] Batch 345: unique predictions: [ 2  4  5  6  7  8  9 10 11 12]
2025-12-08 22:16:02 - root - INFO - [FINAL TEST DEBUG] Batch 345: unique labels: [-100    7    8]
2025-12-08 22:16:02 - root - INFO - [FINAL TEST DEBUG] Batch 345: loss: 3.8609
2025-12-08 22:16:02 - root - INFO - [FINAL TEST DEBUG] Processing batch 346
2025-12-08 22:16:02 - root - INFO - [FINAL TEST DEBUG] Batch 346: unique predictions: [ 2  4  5  7  8  9 10 11 12]
2025-12-08 22:16:02 - root - INFO - [FINAL TEST DEBUG] Batch 346: unique labels: [-100   11   13]
2025-12-08 22:16:02 - root - INFO - [FINAL TEST DEBUG] Batch 346: loss: 3.8987
2025-12-08 22:16:02 - root - INFO - [FINAL TEST DEBUG] Processing batch 347
2025-12-08 22:16:02 - root - INFO - [FINAL TEST DEBUG] Batch 347: unique predictions: [ 2  4  5  7  9 10 11 12]
2025-12-08 22:16:02 - root - INFO - [FINAL TEST DEBUG] Batch 347: unique labels: [-100    7    8   10   11]
2025-12-08 22:16:02 - root - INFO - [FINAL TEST DEBUG] Batch 347: loss: 4.0760
2025-12-08 22:16:02 - root - INFO - [FINAL TEST DEBUG] Processing batch 348
2025-12-08 22:16:03 - root - INFO - [FINAL TEST DEBUG] Batch 348: unique predictions: [ 2  4  5  7 10 11 12]
2025-12-08 22:16:03 - root - INFO - [FINAL TEST DEBUG] Batch 348: unique labels: [-100    6    8   11   13]
2025-12-08 22:16:03 - root - INFO - [FINAL TEST DEBUG] Batch 348: loss: 4.9761
2025-12-08 22:16:03 - root - INFO - [FINAL TEST DEBUG] Processing batch 349
2025-12-08 22:16:03 - root - INFO - [FINAL TEST DEBUG] Batch 349: unique predictions: [ 2  8  9 10 11 12]
2025-12-08 22:16:03 - root - INFO - [FINAL TEST DEBUG] Batch 349: unique labels: [-100    6    8   11]
2025-12-08 22:16:03 - root - INFO - [FINAL TEST DEBUG] Batch 349: loss: 2.6227
2025-12-08 22:16:03 - root - INFO - [FINAL TEST DEBUG] Processing batch 350
2025-12-08 22:16:03 - root - INFO - [FINAL TEST DEBUG] Batch 350: unique predictions: [ 2  4  8  9 10 11 12]
2025-12-08 22:16:03 - root - INFO - [FINAL TEST DEBUG] Batch 350: unique labels: [-100    6   10]
2025-12-08 22:16:03 - root - INFO - [FINAL TEST DEBUG] Batch 350: loss: 3.8823
2025-12-08 22:16:03 - root - INFO - [FINAL TEST DEBUG] Processing batch 351
2025-12-08 22:16:03 - root - INFO - [FINAL TEST DEBUG] Batch 351: unique predictions: [ 2  4  7  8  9 10 11 12]
2025-12-08 22:16:03 - root - INFO - [FINAL TEST DEBUG] Batch 351: unique labels: [-100    6    7]
2025-12-08 22:16:03 - root - INFO - [FINAL TEST DEBUG] Batch 351: loss: 4.1760
2025-12-08 22:16:03 - root - INFO - [FINAL TEST DEBUG] Processing batch 352
2025-12-08 22:16:04 - root - INFO - [FINAL TEST DEBUG] Batch 352: unique predictions: [ 2  4  8 10 11 12]
2025-12-08 22:16:04 - root - INFO - [FINAL TEST DEBUG] Batch 352: unique labels: [-100    6    7    8]
2025-12-08 22:16:04 - root - INFO - [FINAL TEST DEBUG] Batch 352: loss: 3.5851
2025-12-08 22:16:04 - root - INFO - [FINAL TEST DEBUG] Processing batch 353
2025-12-08 22:16:04 - root - INFO - [FINAL TEST DEBUG] Batch 353: unique predictions: [ 2  4  5  8 10 11 12]
2025-12-08 22:16:04 - root - INFO - [FINAL TEST DEBUG] Batch 353: unique labels: [-100    6    7]
2025-12-08 22:16:04 - root - INFO - [FINAL TEST DEBUG] Batch 353: loss: 3.3513
2025-12-08 22:16:04 - root - INFO - [FINAL TEST DEBUG] Processing batch 354
2025-12-08 22:16:04 - root - INFO - [FINAL TEST DEBUG] Batch 354: unique predictions: [ 2  4  5  8  9 10 11 12]
2025-12-08 22:16:04 - root - INFO - [FINAL TEST DEBUG] Batch 354: unique labels: [-100    7   13]
2025-12-08 22:16:04 - root - INFO - [FINAL TEST DEBUG] Batch 354: loss: 4.4001
2025-12-08 22:16:04 - root - INFO - [FINAL TEST DEBUG] Processing batch 355
2025-12-08 22:16:04 - root - INFO - [FINAL TEST DEBUG] Batch 355: unique predictions: [ 2  4  5  7  8  9 10 11 12]
2025-12-08 22:16:04 - root - INFO - [FINAL TEST DEBUG] Batch 355: unique labels: [-100    6    7    8   10]
2025-12-08 22:16:04 - root - INFO - [FINAL TEST DEBUG] Batch 355: loss: 2.8898
2025-12-08 22:16:04 - root - INFO - [FINAL TEST DEBUG] Processing batch 356
2025-12-08 22:16:05 - root - INFO - [FINAL TEST DEBUG] Batch 356: unique predictions: [ 2  4  5  6  8  9 10 11 12]
2025-12-08 22:16:05 - root - INFO - [FINAL TEST DEBUG] Batch 356: unique labels: [-100    6    8   11   13]
2025-12-08 22:16:05 - root - INFO - [FINAL TEST DEBUG] Batch 356: loss: 3.0945
2025-12-08 22:16:05 - root - INFO - [FINAL TEST DEBUG] Processing batch 357
2025-12-08 22:16:05 - root - INFO - [FINAL TEST DEBUG] Batch 357: unique predictions: [ 2  4  5  8  9 10 11 12]
2025-12-08 22:16:05 - root - INFO - [FINAL TEST DEBUG] Batch 357: unique labels: [-100    6   10   11]
2025-12-08 22:16:05 - root - INFO - [FINAL TEST DEBUG] Batch 357: loss: 3.0966
2025-12-08 22:16:05 - root - INFO - [FINAL TEST DEBUG] Processing batch 358
2025-12-08 22:16:05 - root - INFO - [FINAL TEST DEBUG] Batch 358: unique predictions: [ 2  4  5  7  8  9 10 11 12]
2025-12-08 22:16:05 - root - INFO - [FINAL TEST DEBUG] Batch 358: unique labels: [-100    7   11   13]
2025-12-08 22:16:05 - root - INFO - [FINAL TEST DEBUG] Batch 358: loss: 3.4764
2025-12-08 22:16:05 - root - INFO - [FINAL TEST DEBUG] Processing batch 359
2025-12-08 22:16:06 - root - INFO - [FINAL TEST DEBUG] Batch 359: unique predictions: [ 2  4  5  8 11 12]
2025-12-08 22:16:06 - root - INFO - [FINAL TEST DEBUG] Batch 359: unique labels: [-100    8   13]
2025-12-08 22:16:06 - root - INFO - [FINAL TEST DEBUG] Batch 359: loss: 3.8413
2025-12-08 22:16:06 - root - INFO - [FINAL TEST DEBUG] Processing batch 360
2025-12-08 22:16:06 - root - INFO - [FINAL TEST DEBUG] Batch 360: unique predictions: [ 2  4  5  7  8  9 10 11 12]
2025-12-08 22:16:06 - root - INFO - [FINAL TEST DEBUG] Batch 360: unique labels: [-100    7    8]
2025-12-08 22:16:06 - root - INFO - [FINAL TEST DEBUG] Batch 360: loss: 2.7951
2025-12-08 22:16:06 - root - INFO - [FINAL TEST DEBUG] Processing batch 361
2025-12-08 22:16:06 - root - INFO - [FINAL TEST DEBUG] Batch 361: unique predictions: [ 2  3  4  5  8  9 10 11 12 13]
2025-12-08 22:16:06 - root - INFO - [FINAL TEST DEBUG] Batch 361: unique labels: [-100    6    7   10]
2025-12-08 22:16:06 - root - INFO - [FINAL TEST DEBUG] Batch 361: loss: 3.1662
2025-12-08 22:16:06 - root - INFO - [FINAL TEST DEBUG] Processing batch 362
2025-12-08 22:16:06 - root - INFO - [FINAL TEST DEBUG] Batch 362: unique predictions: [ 2  4  5  6  8  9 10 11 12 13]
2025-12-08 22:16:06 - root - INFO - [FINAL TEST DEBUG] Batch 362: unique labels: [-100    7    8   10   13]
2025-12-08 22:16:06 - root - INFO - [FINAL TEST DEBUG] Batch 362: loss: 3.3872
2025-12-08 22:16:06 - root - INFO - [FINAL TEST DEBUG] Processing batch 363
2025-12-08 22:16:07 - root - INFO - [FINAL TEST DEBUG] Batch 363: unique predictions: [ 2  4  5  8  9 10 11 12]
2025-12-08 22:16:07 - root - INFO - [FINAL TEST DEBUG] Batch 363: unique labels: [-100    7    8   13]
2025-12-08 22:16:07 - root - INFO - [FINAL TEST DEBUG] Batch 363: loss: 3.4809
2025-12-08 22:16:07 - root - INFO - [FINAL TEST DEBUG] Processing batch 364
2025-12-08 22:16:07 - root - INFO - [FINAL TEST DEBUG] Batch 364: unique predictions: [ 2  4  5  7  8 10 11 12]
2025-12-08 22:16:07 - root - INFO - [FINAL TEST DEBUG] Batch 364: unique labels: [-100    8]
2025-12-08 22:16:07 - root - INFO - [FINAL TEST DEBUG] Batch 364: loss: 3.3034
2025-12-08 22:16:07 - root - INFO - [FINAL TEST DEBUG] Processing batch 365
2025-12-08 22:16:07 - root - INFO - [FINAL TEST DEBUG] Batch 365: unique predictions: [ 2  4  5  7  8 10 11 12]
2025-12-08 22:16:07 - root - INFO - [FINAL TEST DEBUG] Batch 365: unique labels: [-100    6   10   11]
2025-12-08 22:16:07 - root - INFO - [FINAL TEST DEBUG] Batch 365: loss: 3.0371
2025-12-08 22:16:07 - root - INFO - [FINAL TEST DEBUG] Processing batch 366
2025-12-08 22:16:07 - root - INFO - [FINAL TEST DEBUG] Batch 366: unique predictions: [ 2  4  5  7  8  9 10 11 12]
2025-12-08 22:16:07 - root - INFO - [FINAL TEST DEBUG] Batch 366: unique labels: [-100    7    8   10]
2025-12-08 22:16:07 - root - INFO - [FINAL TEST DEBUG] Batch 366: loss: 3.7612
2025-12-08 22:16:07 - root - INFO - [FINAL TEST DEBUG] Processing batch 367
2025-12-08 22:16:08 - root - INFO - [FINAL TEST DEBUG] Batch 367: unique predictions: [ 2  4 10 11 12]
2025-12-08 22:16:08 - root - INFO - [FINAL TEST DEBUG] Batch 367: unique labels: [-100    6    7   10]
2025-12-08 22:16:08 - root - INFO - [FINAL TEST DEBUG] Batch 367: loss: 3.2690
2025-12-08 22:16:08 - root - INFO - [FINAL TEST DEBUG] Processing batch 368
2025-12-08 22:16:08 - root - INFO - [FINAL TEST DEBUG] Batch 368: unique predictions: [ 2  4  5  6  7  8  9 10 11 12]
2025-12-08 22:16:08 - root - INFO - [FINAL TEST DEBUG] Batch 368: unique labels: [-100    7   10]
2025-12-08 22:16:08 - root - INFO - [FINAL TEST DEBUG] Batch 368: loss: 3.1563
2025-12-08 22:16:08 - root - INFO - [FINAL TEST DEBUG] Processing batch 369
2025-12-08 22:16:08 - root - INFO - [FINAL TEST DEBUG] Batch 369: unique predictions: [ 2  4  5  6  7  8  9 10 11 12]
2025-12-08 22:16:08 - root - INFO - [FINAL TEST DEBUG] Batch 369: unique labels: [-100    7   10   13]
2025-12-08 22:16:08 - root - INFO - [FINAL TEST DEBUG] Batch 369: loss: 3.2018
2025-12-08 22:16:08 - root - INFO - [FINAL TEST DEBUG] Processing batch 370
2025-12-08 22:16:08 - root - INFO - [FINAL TEST DEBUG] Batch 370: unique predictions: [ 2  4  5  8 10 11 12]
2025-12-08 22:16:08 - root - INFO - [FINAL TEST DEBUG] Batch 370: unique labels: [-100   10   13]
2025-12-08 22:16:08 - root - INFO - [FINAL TEST DEBUG] Batch 370: loss: 3.3555
2025-12-08 22:16:08 - root - INFO - [FINAL TEST DEBUG] Processing batch 371
2025-12-08 22:16:09 - root - INFO - [FINAL TEST DEBUG] Batch 371: unique predictions: [ 2  4  6 10 11 12]
2025-12-08 22:16:09 - root - INFO - [FINAL TEST DEBUG] Batch 371: unique labels: [-100    6    8   11]
2025-12-08 22:16:09 - root - INFO - [FINAL TEST DEBUG] Batch 371: loss: 2.8965
2025-12-08 22:16:09 - root - INFO - [FINAL TEST DEBUG] Processing batch 372
2025-12-08 22:16:09 - root - INFO - [FINAL TEST DEBUG] Batch 372: unique predictions: [ 2  3  4  5  8  9 10 11 12]
2025-12-08 22:16:09 - root - INFO - [FINAL TEST DEBUG] Batch 372: unique labels: [-100    6    8   11]
2025-12-08 22:16:09 - root - INFO - [FINAL TEST DEBUG] Batch 372: loss: 2.9954
2025-12-08 22:16:09 - root - INFO - [FINAL TEST DEBUG] Processing batch 373
2025-12-08 22:16:09 - root - INFO - [FINAL TEST DEBUG] Batch 373: unique predictions: [ 2  3  4  5  6  8  9 10 12]
2025-12-08 22:16:09 - root - INFO - [FINAL TEST DEBUG] Batch 373: unique labels: [-100    7    8   11   13]
2025-12-08 22:16:09 - root - INFO - [FINAL TEST DEBUG] Batch 373: loss: 3.2368
2025-12-08 22:16:09 - root - INFO - [FINAL TEST DEBUG] Processing batch 374
2025-12-08 22:16:09 - root - INFO - [FINAL TEST DEBUG] Batch 374: unique predictions: [ 2  4  5  8  9 10 11 12]
2025-12-08 22:16:09 - root - INFO - [FINAL TEST DEBUG] Batch 374: unique labels: [-100    8   13]
2025-12-08 22:16:09 - root - INFO - [FINAL TEST DEBUG] Batch 374: loss: 3.1103
2025-12-08 22:16:09 - root - INFO - [FINAL TEST DEBUG] Processing batch 375
2025-12-08 22:16:10 - root - INFO - [FINAL TEST DEBUG] Batch 375: unique predictions: [ 2  4  5  6  8  9 10 11 12]
2025-12-08 22:16:10 - root - INFO - [FINAL TEST DEBUG] Batch 375: unique labels: [-100   13]
2025-12-08 22:16:10 - root - INFO - [FINAL TEST DEBUG] Batch 375: loss: 3.0070
2025-12-08 22:16:10 - root - INFO - [FINAL TEST DEBUG] Processing batch 376
2025-12-08 22:16:10 - root - INFO - [FINAL TEST DEBUG] Batch 376: unique predictions: [ 2  4  5  6  8  9 10 11 12]
2025-12-08 22:16:10 - root - INFO - [FINAL TEST DEBUG] Batch 376: unique labels: [-100    7   13]
2025-12-08 22:16:10 - root - INFO - [FINAL TEST DEBUG] Batch 376: loss: 3.4896
2025-12-08 22:16:10 - root - INFO - [FINAL TEST DEBUG] Processing batch 377
2025-12-08 22:16:10 - root - INFO - [FINAL TEST DEBUG] Batch 377: unique predictions: [ 2  4  7  8  9 10 11 12]
2025-12-08 22:16:10 - root - INFO - [FINAL TEST DEBUG] Batch 377: unique labels: [-100    7    8]
2025-12-08 22:16:10 - root - INFO - [FINAL TEST DEBUG] Batch 377: loss: 3.2210
2025-12-08 22:16:10 - root - INFO - [FINAL TEST DEBUG] Processing batch 378
2025-12-08 22:16:11 - root - INFO - [FINAL TEST DEBUG] Batch 378: unique predictions: [ 2  4  5  8  9 10 11 12]
2025-12-08 22:16:11 - root - INFO - [FINAL TEST DEBUG] Batch 378: unique labels: [-100    6    7   10]
2025-12-08 22:16:11 - root - INFO - [FINAL TEST DEBUG] Batch 378: loss: 3.3836
2025-12-08 22:16:11 - root - INFO - [FINAL TEST DEBUG] Processing batch 379
2025-12-08 22:16:11 - root - INFO - [FINAL TEST DEBUG] Batch 379: unique predictions: [ 2  4  5  8 10 11 12]
2025-12-08 22:16:11 - root - INFO - [FINAL TEST DEBUG] Batch 379: unique labels: [-100    6   10]
2025-12-08 22:16:11 - root - INFO - [FINAL TEST DEBUG] Batch 379: loss: 3.1698
2025-12-08 22:16:11 - root - INFO - [FINAL TEST DEBUG] Processing batch 380
2025-12-08 22:16:11 - root - INFO - [FINAL TEST DEBUG] Batch 380: unique predictions: [ 2  4  7  8  9 10 11 12]
2025-12-08 22:16:11 - root - INFO - [FINAL TEST DEBUG] Batch 380: unique labels: [-100    6    8   11]
2025-12-08 22:16:11 - root - INFO - [FINAL TEST DEBUG] Batch 380: loss: 3.1426
2025-12-08 22:16:11 - root - INFO - [FINAL TEST DEBUG] Processing batch 381
2025-12-08 22:16:11 - root - INFO - [FINAL TEST DEBUG] Batch 381: unique predictions: [ 2  4  7  8  9 11 12]
2025-12-08 22:16:11 - root - INFO - [FINAL TEST DEBUG] Batch 381: unique labels: [-100    6   11]
2025-12-08 22:16:11 - root - INFO - [FINAL TEST DEBUG] Batch 381: loss: 2.9929
2025-12-08 22:16:11 - root - INFO - [FINAL TEST DEBUG] Processing batch 382
2025-12-08 22:16:12 - root - INFO - [FINAL TEST DEBUG] Batch 382: unique predictions: [ 2  4  5  6  7  8  9 10 11 12]
2025-12-08 22:16:12 - root - INFO - [FINAL TEST DEBUG] Batch 382: unique labels: [-100    8]
2025-12-08 22:16:12 - root - INFO - [FINAL TEST DEBUG] Batch 382: loss: 2.6777
2025-12-08 22:16:12 - root - INFO - [FINAL TEST DEBUG] Processing batch 383
2025-12-08 22:16:12 - root - INFO - [FINAL TEST DEBUG] Batch 383: unique predictions: [ 2  4  5  8  9 11 12 14]
2025-12-08 22:16:12 - root - INFO - [FINAL TEST DEBUG] Batch 383: unique labels: [-100    8]
2025-12-08 22:16:12 - root - INFO - [FINAL TEST DEBUG] Batch 383: loss: 3.0940
2025-12-08 22:16:12 - root - INFO - [FINAL TEST DEBUG] Processing batch 384
2025-12-08 22:16:12 - root - INFO - [FINAL TEST DEBUG] Batch 384: unique predictions: [ 2  4  5  8  9 10 11 12]
2025-12-08 22:16:12 - root - INFO - [FINAL TEST DEBUG] Batch 384: unique labels: [-100    6    8]
2025-12-08 22:16:12 - root - INFO - [FINAL TEST DEBUG] Batch 384: loss: 3.5093
2025-12-08 22:16:12 - root - INFO - [FINAL TEST DEBUG] Processing batch 385
2025-12-08 22:16:12 - root - INFO - [FINAL TEST DEBUG] Batch 385: unique predictions: [ 2  4  5  7  8  9 10 11 12]
2025-12-08 22:16:12 - root - INFO - [FINAL TEST DEBUG] Batch 385: unique labels: [-100    6    7]
2025-12-08 22:16:12 - root - INFO - [FINAL TEST DEBUG] Batch 385: loss: 2.9420
2025-12-08 22:16:12 - root - INFO - [FINAL TEST DEBUG] Processing batch 386
2025-12-08 22:16:13 - root - INFO - [FINAL TEST DEBUG] Batch 386: unique predictions: [ 2  4  5  7  8 10 11 12]
2025-12-08 22:16:13 - root - INFO - [FINAL TEST DEBUG] Batch 386: unique labels: [-100    7   10   13]
2025-12-08 22:16:13 - root - INFO - [FINAL TEST DEBUG] Batch 386: loss: 3.0695
2025-12-08 22:16:13 - root - INFO - [FINAL TEST DEBUG] Processing batch 387
2025-12-08 22:16:13 - root - INFO - [FINAL TEST DEBUG] Batch 387: unique predictions: [ 2  4  5  7  8  9 10 11 12]
2025-12-08 22:16:13 - root - INFO - [FINAL TEST DEBUG] Batch 387: unique labels: [-100    7    8   13]
2025-12-08 22:16:13 - root - INFO - [FINAL TEST DEBUG] Batch 387: loss: 3.1788
2025-12-08 22:16:13 - root - INFO - [FINAL TEST DEBUG] Processing batch 388
2025-12-08 22:16:13 - root - INFO - [FINAL TEST DEBUG] Batch 388: unique predictions: [ 2  4  5  6  7  8  9 10 11 12]
2025-12-08 22:16:13 - root - INFO - [FINAL TEST DEBUG] Batch 388: unique labels: [-100    7    8   10   13]
2025-12-08 22:16:13 - root - INFO - [FINAL TEST DEBUG] Batch 388: loss: 3.7319
2025-12-08 22:16:13 - root - INFO - [FINAL TEST DEBUG] Processing batch 389
2025-12-08 22:16:13 - root - INFO - [FINAL TEST DEBUG] Batch 389: unique predictions: [ 2  4  5  7  8 10 11 12]
2025-12-08 22:16:13 - root - INFO - [FINAL TEST DEBUG] Batch 389: unique labels: [-100    7    8   11   13]
2025-12-08 22:16:13 - root - INFO - [FINAL TEST DEBUG] Batch 389: loss: 3.8000
2025-12-08 22:16:13 - root - INFO - [FINAL TEST DEBUG] Processing batch 390
2025-12-08 22:16:14 - root - INFO - [FINAL TEST DEBUG] Batch 390: unique predictions: [ 2  4  5  7  8  9 10 11 12]
2025-12-08 22:16:14 - root - INFO - [FINAL TEST DEBUG] Batch 390: unique labels: [-100    8   13]
2025-12-08 22:16:14 - root - INFO - [FINAL TEST DEBUG] Batch 390: loss: 3.5438
2025-12-08 22:16:14 - root - INFO - [FINAL TEST DEBUG] Processing batch 391
2025-12-08 22:16:14 - root - INFO - [FINAL TEST DEBUG] Batch 391: unique predictions: [ 2  4  5 12]
2025-12-08 22:16:14 - root - INFO - [FINAL TEST DEBUG] Batch 391: unique labels: [-100    6    8   11]
2025-12-08 22:16:14 - root - INFO - [FINAL TEST DEBUG] Batch 391: loss: 4.0578
2025-12-08 22:16:14 - root - INFO - [FINAL TEST DEBUG] Processing batch 392
2025-12-08 22:16:14 - root - INFO - [FINAL TEST DEBUG] Batch 392: unique predictions: [ 2  4  5  8 10 11 12]
2025-12-08 22:16:14 - root - INFO - [FINAL TEST DEBUG] Batch 392: unique labels: [-100    7    8]
2025-12-08 22:16:14 - root - INFO - [FINAL TEST DEBUG] Batch 392: loss: 4.2002
2025-12-08 22:16:14 - root - INFO - [FINAL TEST DEBUG] Processing batch 393
2025-12-08 22:16:15 - root - INFO - [FINAL TEST DEBUG] Batch 393: unique predictions: [ 2  4  5  6  7  8  9 10 11 12 13]
2025-12-08 22:16:15 - root - INFO - [FINAL TEST DEBUG] Batch 393: unique labels: [-100    7    8   13]
2025-12-08 22:16:15 - root - INFO - [FINAL TEST DEBUG] Batch 393: loss: 3.8843
2025-12-08 22:16:15 - root - INFO - [FINAL TEST DEBUG] Processing batch 394
2025-12-08 22:16:15 - root - INFO - [FINAL TEST DEBUG] Batch 394: unique predictions: [ 2  4  5  8  9 10 11 12]
2025-12-08 22:16:15 - root - INFO - [FINAL TEST DEBUG] Batch 394: unique labels: [-100    7    8]
2025-12-08 22:16:15 - root - INFO - [FINAL TEST DEBUG] Batch 394: loss: 3.0607
2025-12-08 22:16:15 - root - INFO - [FINAL TEST DEBUG] Processing batch 395
2025-12-08 22:16:15 - root - INFO - [FINAL TEST DEBUG] Batch 395: unique predictions: [ 2  4  5  8 10 11 12]
2025-12-08 22:16:15 - root - INFO - [FINAL TEST DEBUG] Batch 395: unique labels: [-100    8]
2025-12-08 22:16:15 - root - INFO - [FINAL TEST DEBUG] Batch 395: loss: 2.9907
2025-12-08 22:16:15 - root - INFO - [FINAL TEST DEBUG] Processing batch 396
2025-12-08 22:16:15 - root - INFO - [FINAL TEST DEBUG] Batch 396: unique predictions: [ 2  4  5  8  9 10 11 12]
2025-12-08 22:16:15 - root - INFO - [FINAL TEST DEBUG] Batch 396: unique labels: [-100    6    8]
2025-12-08 22:16:15 - root - INFO - [FINAL TEST DEBUG] Batch 396: loss: 2.8202
2025-12-08 22:16:15 - root - INFO - [FINAL TEST DEBUG] Processing batch 397
2025-12-08 22:16:16 - root - INFO - [FINAL TEST DEBUG] Batch 397: unique predictions: [ 2  4  5  8  9 10 11 12]
2025-12-08 22:16:16 - root - INFO - [FINAL TEST DEBUG] Batch 397: unique labels: [-100    8   10   11   13]
2025-12-08 22:16:16 - root - INFO - [FINAL TEST DEBUG] Batch 397: loss: 3.0515
2025-12-08 22:16:16 - root - INFO - [FINAL TEST DEBUG] Processing batch 398
2025-12-08 22:16:16 - root - INFO - [FINAL TEST DEBUG] Batch 398: unique predictions: [ 2  4  5  6  8 10 11 12]
2025-12-08 22:16:16 - root - INFO - [FINAL TEST DEBUG] Batch 398: unique labels: [-100   11   13]
2025-12-08 22:16:16 - root - INFO - [FINAL TEST DEBUG] Batch 398: loss: 3.6233
2025-12-08 22:16:16 - root - INFO - [FINAL TEST DEBUG] Processing batch 399
2025-12-08 22:16:16 - root - INFO - [FINAL TEST DEBUG] Batch 399: unique predictions: [ 2  4  6  8 10 11 12]
2025-12-08 22:16:16 - root - INFO - [FINAL TEST DEBUG] Batch 399: unique labels: [-100   10   13]
2025-12-08 22:16:16 - root - INFO - [FINAL TEST DEBUG] Batch 399: loss: 3.0907
2025-12-08 22:16:16 - root - INFO - [FINAL TEST DEBUG] Processing batch 400
2025-12-08 22:16:17 - root - INFO - [FINAL TEST DEBUG] Batch 400: unique predictions: [ 2  4  5  7 11 12]
2025-12-08 22:16:17 - root - INFO - [FINAL TEST DEBUG] Batch 400: unique labels: [-100    6    8   10   11]
2025-12-08 22:16:17 - root - INFO - [FINAL TEST DEBUG] Batch 400: loss: 3.6944
2025-12-08 22:16:17 - root - INFO - [FINAL TEST DEBUG] Processing batch 401
2025-12-08 22:16:17 - root - INFO - [FINAL TEST DEBUG] Batch 401: unique predictions: [ 2  4  5  7  8  9 10 11 12]
2025-12-08 22:16:17 - root - INFO - [FINAL TEST DEBUG] Batch 401: unique labels: [-100    6    7    8   10]
2025-12-08 22:16:17 - root - INFO - [FINAL TEST DEBUG] Batch 401: loss: 2.8555
2025-12-08 22:16:17 - root - INFO - [FINAL TEST DEBUG] Processing batch 402
2025-12-08 22:16:18 - root - INFO - [FINAL TEST DEBUG] Batch 402: unique predictions: [ 2  4  5  9 10 11 12]
2025-12-08 22:16:18 - root - INFO - [FINAL TEST DEBUG] Batch 402: unique labels: [-100    6   11]
2025-12-08 22:16:18 - root - INFO - [FINAL TEST DEBUG] Batch 402: loss: 3.3628
2025-12-08 22:16:18 - root - INFO - [FINAL TEST DEBUG] Processing batch 403
2025-12-08 22:16:18 - root - INFO - [FINAL TEST DEBUG] Batch 403: unique predictions: [ 2  4  5  6  8  9 10 11 12 13]
2025-12-08 22:16:18 - root - INFO - [FINAL TEST DEBUG] Batch 403: unique labels: [-100    6    7   10]
2025-12-08 22:16:18 - root - INFO - [FINAL TEST DEBUG] Batch 403: loss: 2.7680
2025-12-08 22:16:18 - root - INFO - [FINAL TEST DEBUG] Processing batch 404
2025-12-08 22:16:18 - root - INFO - [FINAL TEST DEBUG] Batch 404: unique predictions: [ 2  4  5  7  9 10 11 12]
2025-12-08 22:16:18 - root - INFO - [FINAL TEST DEBUG] Batch 404: unique labels: [-100    6   10   11   13]
2025-12-08 22:16:18 - root - INFO - [FINAL TEST DEBUG] Batch 404: loss: 4.3627
2025-12-08 22:16:18 - root - INFO - [FINAL TEST DEBUG] Processing batch 405
2025-12-08 22:16:19 - root - INFO - [FINAL TEST DEBUG] Batch 405: unique predictions: [ 2  4  5  6  8  9 10 11 12]
2025-12-08 22:16:19 - root - INFO - [FINAL TEST DEBUG] Batch 405: unique labels: [-100   10   11]
2025-12-08 22:16:19 - root - INFO - [FINAL TEST DEBUG] Batch 405: loss: 2.8596
2025-12-08 22:16:19 - root - INFO - [FINAL TEST DEBUG] Processing batch 406
2025-12-08 22:16:19 - root - INFO - [FINAL TEST DEBUG] Batch 406: unique predictions: [ 2  4  5  7  8  9 10 11 12]
2025-12-08 22:16:19 - root - INFO - [FINAL TEST DEBUG] Batch 406: unique labels: [-100    7    8]
2025-12-08 22:16:19 - root - INFO - [FINAL TEST DEBUG] Batch 406: loss: 4.0789
2025-12-08 22:16:19 - root - INFO - [FINAL TEST DEBUG] Processing batch 407
2025-12-08 22:16:19 - root - INFO - [FINAL TEST DEBUG] Batch 407: unique predictions: [ 2  4  5  8  9 10 11 12]
2025-12-08 22:16:19 - root - INFO - [FINAL TEST DEBUG] Batch 407: unique labels: [-100    7    8   13]
2025-12-08 22:16:19 - root - INFO - [FINAL TEST DEBUG] Batch 407: loss: 4.0361
2025-12-08 22:16:19 - root - INFO - [FINAL TEST DEBUG] Processing batch 408
2025-12-08 22:16:20 - root - INFO - [FINAL TEST DEBUG] Batch 408: unique predictions: [ 2  4  5  7  8  9 10 11 12]
2025-12-08 22:16:20 - root - INFO - [FINAL TEST DEBUG] Batch 408: unique labels: [-100   13]
2025-12-08 22:16:20 - root - INFO - [FINAL TEST DEBUG] Batch 408: loss: 3.9346
2025-12-08 22:16:20 - root - INFO - [FINAL TEST DEBUG] Processing batch 409
2025-12-08 22:16:20 - root - INFO - [FINAL TEST DEBUG] Batch 409: unique predictions: [ 2  4  5  7  8  9 10 11 12]
2025-12-08 22:16:20 - root - INFO - [FINAL TEST DEBUG] Batch 409: unique labels: [-100    7    8]
2025-12-08 22:16:20 - root - INFO - [FINAL TEST DEBUG] Batch 409: loss: 3.9094
2025-12-08 22:16:20 - root - INFO - [FINAL TEST DEBUG] Processing batch 410
2025-12-08 22:16:20 - root - INFO - [FINAL TEST DEBUG] Batch 410: unique predictions: [ 2  4  5  8 10 11 12]
2025-12-08 22:16:20 - root - INFO - [FINAL TEST DEBUG] Batch 410: unique labels: [-100    8   13]
2025-12-08 22:16:20 - root - INFO - [FINAL TEST DEBUG] Batch 410: loss: 4.2145
2025-12-08 22:16:20 - root - INFO - [FINAL TEST DEBUG] Processing batch 411
2025-12-08 22:16:21 - root - INFO - [FINAL TEST DEBUG] Batch 411: unique predictions: [ 2  4  6 10 11 12]
2025-12-08 22:16:21 - root - INFO - [FINAL TEST DEBUG] Batch 411: unique labels: [-100    6    7    8]
2025-12-08 22:16:21 - root - INFO - [FINAL TEST DEBUG] Batch 411: loss: 3.7437
2025-12-08 22:16:21 - root - INFO - [FINAL TEST DEBUG] Processing batch 412
2025-12-08 22:16:21 - root - INFO - [FINAL TEST DEBUG] Batch 412: unique predictions: [ 2  4  5  6  7  8 10 11 12]
2025-12-08 22:16:21 - root - INFO - [FINAL TEST DEBUG] Batch 412: unique labels: [-100    6    8   11]
2025-12-08 22:16:21 - root - INFO - [FINAL TEST DEBUG] Batch 412: loss: 3.3218
2025-12-08 22:16:21 - root - INFO - [FINAL TEST DEBUG] Processing batch 413
2025-12-08 22:16:21 - root - INFO - [FINAL TEST DEBUG] Batch 413: unique predictions: [ 2  4  5  6  7  8  9 10 11 12]
2025-12-08 22:16:21 - root - INFO - [FINAL TEST DEBUG] Batch 413: unique labels: [-100    6    7    8]
2025-12-08 22:16:21 - root - INFO - [FINAL TEST DEBUG] Batch 413: loss: 4.0192
2025-12-08 22:16:21 - root - INFO - [FINAL TEST DEBUG] Processing batch 414
2025-12-08 22:16:22 - root - INFO - [FINAL TEST DEBUG] Batch 414: unique predictions: [ 2  4  5  7 11 12]
2025-12-08 22:16:22 - root - INFO - [FINAL TEST DEBUG] Batch 414: unique labels: [-100    6    8   10   13]
2025-12-08 22:16:22 - root - INFO - [FINAL TEST DEBUG] Batch 414: loss: 3.4474
2025-12-08 22:16:22 - root - INFO - [FINAL TEST DEBUG] Processing batch 415
2025-12-08 22:16:22 - root - INFO - [FINAL TEST DEBUG] Batch 415: unique predictions: [ 2  4  5  6  8 10 11 12]
2025-12-08 22:16:22 - root - INFO - [FINAL TEST DEBUG] Batch 415: unique labels: [-100    7    8]
2025-12-08 22:16:22 - root - INFO - [FINAL TEST DEBUG] Batch 415: loss: 3.4958
2025-12-08 22:16:22 - root - INFO - [FINAL TEST DEBUG] Processing batch 416
2025-12-08 22:16:22 - root - INFO - [FINAL TEST DEBUG] Batch 416: unique predictions: [ 2  4  5  9 11 12]
2025-12-08 22:16:22 - root - INFO - [FINAL TEST DEBUG] Batch 416: unique labels: [-100    7   13]
2025-12-08 22:16:22 - root - INFO - [FINAL TEST DEBUG] Batch 416: loss: 3.8397
2025-12-08 22:16:22 - root - INFO - [FINAL TEST DEBUG] Processing batch 417
2025-12-08 22:16:23 - root - INFO - [FINAL TEST DEBUG] Batch 417: unique predictions: [ 2  4  5  6  8 10 11 12 15]
2025-12-08 22:16:23 - root - INFO - [FINAL TEST DEBUG] Batch 417: unique labels: [-100    6    7]
2025-12-08 22:16:23 - root - INFO - [FINAL TEST DEBUG] Batch 417: loss: 2.9240
2025-12-08 22:16:23 - root - INFO - [FINAL TEST DEBUG] Processing batch 418
2025-12-08 22:16:23 - root - INFO - [FINAL TEST DEBUG] Batch 418: unique predictions: [ 2  4  5  6  7  8  9 10 11 12]
2025-12-08 22:16:23 - root - INFO - [FINAL TEST DEBUG] Batch 418: unique labels: [-100    7    8]
2025-12-08 22:16:23 - root - INFO - [FINAL TEST DEBUG] Batch 418: loss: 2.9420
2025-12-08 22:16:23 - root - INFO - [FINAL TEST DEBUG] Processing batch 419
2025-12-08 22:16:23 - root - INFO - [FINAL TEST DEBUG] Batch 419: unique predictions: [ 2  4  5  6  8  9 11 12 14]
2025-12-08 22:16:23 - root - INFO - [FINAL TEST DEBUG] Batch 419: unique labels: [-100    8]
2025-12-08 22:16:23 - root - INFO - [FINAL TEST DEBUG] Batch 419: loss: 3.1204
2025-12-08 22:16:23 - root - INFO - [FINAL TEST DEBUG] Processing batch 420
2025-12-08 22:16:23 - root - INFO - [FINAL TEST DEBUG] Batch 420: unique predictions: [ 2  4  6  7  8  9 10 11 12]
2025-12-08 22:16:23 - root - INFO - [FINAL TEST DEBUG] Batch 420: unique labels: [-100    7    8]
2025-12-08 22:16:23 - root - INFO - [FINAL TEST DEBUG] Batch 420: loss: 3.4493
2025-12-08 22:16:23 - root - INFO - [FINAL TEST DEBUG] Processing batch 421
2025-12-08 22:16:24 - root - INFO - [FINAL TEST DEBUG] Batch 421: unique predictions: [ 2  4  5  8 10 11 12]
2025-12-08 22:16:24 - root - INFO - [FINAL TEST DEBUG] Batch 421: unique labels: [-100    7    8   10   13]
2025-12-08 22:16:24 - root - INFO - [FINAL TEST DEBUG] Batch 421: loss: 2.9384
2025-12-08 22:16:24 - root - INFO - [FINAL TEST DEBUG] Processing batch 422
2025-12-08 22:16:24 - root - INFO - [FINAL TEST DEBUG] Batch 422: unique predictions: [ 2  4  5  7  8  9 10 11 12]
2025-12-08 22:16:24 - root - INFO - [FINAL TEST DEBUG] Batch 422: unique labels: [-100    6    7   11   13]
2025-12-08 22:16:24 - root - INFO - [FINAL TEST DEBUG] Batch 422: loss: 3.1020
2025-12-08 22:16:24 - root - INFO - [FINAL TEST DEBUG] Processing batch 423
2025-12-08 22:16:24 - root - INFO - [FINAL TEST DEBUG] Batch 423: unique predictions: [ 2  4  5  9 10 11 12]
2025-12-08 22:16:24 - root - INFO - [FINAL TEST DEBUG] Batch 423: unique labels: [-100   10]
2025-12-08 22:16:24 - root - INFO - [FINAL TEST DEBUG] Batch 423: loss: 2.7267
2025-12-08 22:16:24 - root - INFO - [FINAL TEST DEBUG] Processing batch 424
2025-12-08 22:16:25 - root - INFO - [FINAL TEST DEBUG] Batch 424: unique predictions: [ 2  4  5  6  7  8  9 10 11 12]
2025-12-08 22:16:25 - root - INFO - [FINAL TEST DEBUG] Batch 424: unique labels: [-100    6    8   11]
2025-12-08 22:16:25 - root - INFO - [FINAL TEST DEBUG] Batch 424: loss: 3.0453
2025-12-08 22:16:25 - root - INFO - [FINAL TEST DEBUG] Processing batch 425
2025-12-08 22:16:25 - root - INFO - [FINAL TEST DEBUG] Batch 425: unique predictions: [ 2  4  8  9 10 11 12]
2025-12-08 22:16:25 - root - INFO - [FINAL TEST DEBUG] Batch 425: unique labels: [-100    6   10   11]
2025-12-08 22:16:25 - root - INFO - [FINAL TEST DEBUG] Batch 425: loss: 3.6044
2025-12-08 22:16:25 - root - INFO - [FINAL TEST DEBUG] Processing batch 426
2025-12-08 22:16:25 - root - INFO - [FINAL TEST DEBUG] Batch 426: unique predictions: [ 2  4  5  7  8  9 10 11 12]
2025-12-08 22:16:25 - root - INFO - [FINAL TEST DEBUG] Batch 426: unique labels: [-100   10   11   13]
2025-12-08 22:16:25 - root - INFO - [FINAL TEST DEBUG] Batch 426: loss: 3.1714
2025-12-08 22:16:25 - root - INFO - [FINAL TEST DEBUG] Processing batch 427
2025-12-08 22:16:25 - root - INFO - [FINAL TEST DEBUG] Batch 427: unique predictions: [ 2  4  7  8  9 10 11 12]
2025-12-08 22:16:25 - root - INFO - [FINAL TEST DEBUG] Batch 427: unique labels: [-100    6    7   10]
2025-12-08 22:16:25 - root - INFO - [FINAL TEST DEBUG] Batch 427: loss: 3.1926
2025-12-08 22:16:25 - root - INFO - [FINAL TEST DEBUG] Processing batch 428
2025-12-08 22:16:26 - root - INFO - [FINAL TEST DEBUG] Batch 428: unique predictions: [ 2  4  5  7  8 10 11 12]
2025-12-08 22:16:26 - root - INFO - [FINAL TEST DEBUG] Batch 428: unique labels: [-100    6   10]
2025-12-08 22:16:26 - root - INFO - [FINAL TEST DEBUG] Batch 428: loss: 3.3984
2025-12-08 22:16:26 - root - INFO - [FINAL TEST DEBUG] Processing batch 429
2025-12-08 22:16:26 - root - INFO - [FINAL TEST DEBUG] Batch 429: unique predictions: [ 2  4  5  6  8  9 10 11 12]
2025-12-08 22:16:26 - root - INFO - [FINAL TEST DEBUG] Batch 429: unique labels: [-100    6    7   10]
2025-12-08 22:16:26 - root - INFO - [FINAL TEST DEBUG] Batch 429: loss: 2.4948
2025-12-08 22:16:26 - root - INFO - [FINAL TEST DEBUG] Processing batch 430
2025-12-08 22:16:26 - root - INFO - [FINAL TEST DEBUG] Batch 430: unique predictions: [ 2  4  5  7  8  9 10 11 12]
2025-12-08 22:16:26 - root - INFO - [FINAL TEST DEBUG] Batch 430: unique labels: [-100    6   10   11]
2025-12-08 22:16:26 - root - INFO - [FINAL TEST DEBUG] Batch 430: loss: 3.2825
2025-12-08 22:16:26 - root - INFO - [FINAL TEST DEBUG] Processing batch 431
2025-12-08 22:16:27 - root - INFO - [FINAL TEST DEBUG] Batch 431: unique predictions: [ 2  4  5  9 10 11 12]
2025-12-08 22:16:27 - root - INFO - [FINAL TEST DEBUG] Batch 431: unique labels: [-100    6    7]
2025-12-08 22:16:27 - root - INFO - [FINAL TEST DEBUG] Batch 431: loss: 3.1199
2025-12-08 22:16:27 - root - INFO - [FINAL TEST DEBUG] Processing batch 432
2025-12-08 22:16:27 - root - INFO - [FINAL TEST DEBUG] Batch 432: unique predictions: [ 2  4  5  8  9 10 11 12]
2025-12-08 22:16:27 - root - INFO - [FINAL TEST DEBUG] Batch 432: unique labels: [-100    7    8   13]
2025-12-08 22:16:27 - root - INFO - [FINAL TEST DEBUG] Batch 432: loss: 3.2820
2025-12-08 22:16:27 - root - INFO - [FINAL TEST DEBUG] Processing batch 433
2025-12-08 22:16:27 - root - INFO - [FINAL TEST DEBUG] Batch 433: unique predictions: [ 2  4  5  9 10 11 12]
2025-12-08 22:16:27 - root - INFO - [FINAL TEST DEBUG] Batch 433: unique labels: [-100    7    8   13]
2025-12-08 22:16:27 - root - INFO - [FINAL TEST DEBUG] Batch 433: loss: 3.1536
2025-12-08 22:16:27 - root - INFO - [FINAL TEST DEBUG] Processing batch 434
2025-12-08 22:16:28 - root - INFO - [FINAL TEST DEBUG] Batch 434: unique predictions: [ 2  4  5  8  9 10 11 12]
2025-12-08 22:16:28 - root - INFO - [FINAL TEST DEBUG] Batch 434: unique labels: [-100    7    8   13]
2025-12-08 22:16:28 - root - INFO - [FINAL TEST DEBUG] Batch 434: loss: 3.9525
2025-12-08 22:16:28 - root - INFO - [FINAL TEST DEBUG] Processing batch 435
2025-12-08 22:16:28 - root - INFO - [FINAL TEST DEBUG] Batch 435: unique predictions: [ 2  4  8  9 10 11 12 15]
2025-12-08 22:16:28 - root - INFO - [FINAL TEST DEBUG] Batch 435: unique labels: [-100    7    8   10   11]
2025-12-08 22:16:28 - root - INFO - [FINAL TEST DEBUG] Batch 435: loss: 3.4988
2025-12-08 22:16:28 - root - INFO - [FINAL TEST DEBUG] Processing batch 436
2025-12-08 22:16:28 - root - INFO - [FINAL TEST DEBUG] Batch 436: unique predictions: [ 2  4  5  7 10 11 12]
2025-12-08 22:16:28 - root - INFO - [FINAL TEST DEBUG] Batch 436: unique labels: [-100    6    7    8   13]
2025-12-08 22:16:28 - root - INFO - [FINAL TEST DEBUG] Batch 436: loss: 2.9544
2025-12-08 22:16:28 - root - INFO - [FINAL TEST DEBUG] Processing batch 437
2025-12-08 22:16:28 - root - INFO - [FINAL TEST DEBUG] Batch 437: unique predictions: [ 2  4  5  6  8  9 10 11 12]
2025-12-08 22:16:28 - root - INFO - [FINAL TEST DEBUG] Batch 437: unique labels: [-100    8   10   11   13]
2025-12-08 22:16:28 - root - INFO - [FINAL TEST DEBUG] Batch 437: loss: 3.1375
2025-12-08 22:16:28 - root - INFO - [FINAL TEST DEBUG] Processing batch 438
2025-12-08 22:16:29 - root - INFO - [FINAL TEST DEBUG] Batch 438: unique predictions: [ 2  4  5  8  9 10 11 12]
2025-12-08 22:16:29 - root - INFO - [FINAL TEST DEBUG] Batch 438: unique labels: [-100    6    7   11   13]
2025-12-08 22:16:29 - root - INFO - [FINAL TEST DEBUG] Batch 438: loss: 3.0693
2025-12-08 22:16:29 - root - INFO - [FINAL TEST DEBUG] Processing batch 439
2025-12-08 22:16:29 - root - INFO - [FINAL TEST DEBUG] Batch 439: unique predictions: [ 2  4  6  8  9 10 11 12]
2025-12-08 22:16:29 - root - INFO - [FINAL TEST DEBUG] Batch 439: unique labels: [-100    6   10   11]
2025-12-08 22:16:29 - root - INFO - [FINAL TEST DEBUG] Batch 439: loss: 3.0690
2025-12-08 22:16:29 - root - INFO - [FINAL TEST DEBUG] Processing batch 440
2025-12-08 22:16:29 - root - INFO - [FINAL TEST DEBUG] Batch 440: unique predictions: [ 2  4  8 10 11 12]
2025-12-08 22:16:29 - root - INFO - [FINAL TEST DEBUG] Batch 440: unique labels: [-100   11]
2025-12-08 22:16:29 - root - INFO - [FINAL TEST DEBUG] Batch 440: loss: 2.7491
2025-12-08 22:16:29 - root - INFO - [FINAL TEST DEBUG] Processing batch 441
2025-12-08 22:16:30 - root - INFO - [FINAL TEST DEBUG] Batch 441: unique predictions: [ 2  4  5  7  8  9 10 11 12]
2025-12-08 22:16:30 - root - INFO - [FINAL TEST DEBUG] Batch 441: unique labels: [-100   10   11   13]
2025-12-08 22:16:30 - root - INFO - [FINAL TEST DEBUG] Batch 441: loss: 3.6791
2025-12-08 22:16:30 - root - INFO - [FINAL TEST DEBUG] Processing batch 442
2025-12-08 22:16:30 - root - INFO - [FINAL TEST DEBUG] Batch 442: unique predictions: [ 2  4  5  8 10 11 12]
2025-12-08 22:16:30 - root - INFO - [FINAL TEST DEBUG] Batch 442: unique labels: [-100   10   11   13]
2025-12-08 22:16:30 - root - INFO - [FINAL TEST DEBUG] Batch 442: loss: 3.0076
2025-12-08 22:16:30 - root - INFO - [FINAL TEST DEBUG] Processing batch 443
2025-12-08 22:16:30 - root - INFO - [FINAL TEST DEBUG] Batch 443: unique predictions: [ 2  4  5  6  7  8 10 11 12]
2025-12-08 22:16:30 - root - INFO - [FINAL TEST DEBUG] Batch 443: unique labels: [-100    6   13]
2025-12-08 22:16:30 - root - INFO - [FINAL TEST DEBUG] Batch 443: loss: 3.1434
2025-12-08 22:16:30 - root - INFO - [FINAL TEST DEBUG] Processing batch 444
2025-12-08 22:16:30 - root - INFO - [FINAL TEST DEBUG] Batch 444: unique predictions: [ 2  4  5  8  9 10 11 12]
2025-12-08 22:16:30 - root - INFO - [FINAL TEST DEBUG] Batch 444: unique labels: [-100    7    8   13]
2025-12-08 22:16:30 - root - INFO - [FINAL TEST DEBUG] Batch 444: loss: 3.0829
2025-12-08 22:16:30 - root - INFO - [FINAL TEST DEBUG] Processing batch 445
2025-12-08 22:16:31 - root - INFO - [FINAL TEST DEBUG] Batch 445: unique predictions: [ 2  4  5  8  9 10 11 12]
2025-12-08 22:16:31 - root - INFO - [FINAL TEST DEBUG] Batch 445: unique labels: [-100    7    8   13]
2025-12-08 22:16:31 - root - INFO - [FINAL TEST DEBUG] Batch 445: loss: 3.1571
2025-12-08 22:16:31 - root - INFO - [FINAL TEST DEBUG] Processing batch 446
2025-12-08 22:16:31 - root - INFO - [FINAL TEST DEBUG] Batch 446: unique predictions: [ 2  4  5  7  8  9 10 11 12]
2025-12-08 22:16:31 - root - INFO - [FINAL TEST DEBUG] Batch 446: unique labels: [-100    7   10   13]
2025-12-08 22:16:31 - root - INFO - [FINAL TEST DEBUG] Batch 446: loss: 2.9898
2025-12-08 22:16:31 - root - INFO - [FINAL TEST DEBUG] Processing batch 447
2025-12-08 22:16:31 - root - INFO - [FINAL TEST DEBUG] Batch 447: unique predictions: [ 2  4  5  8  9 10 11 12]
2025-12-08 22:16:31 - root - INFO - [FINAL TEST DEBUG] Batch 447: unique labels: [-100    8   13]
2025-12-08 22:16:31 - root - INFO - [FINAL TEST DEBUG] Batch 447: loss: 3.1960
2025-12-08 22:16:31 - root - INFO - [FINAL TEST DEBUG] Processing batch 448
2025-12-08 22:16:32 - root - INFO - [FINAL TEST DEBUG] Batch 448: unique predictions: [ 2  4  5  8  9 10 11 12]
2025-12-08 22:16:32 - root - INFO - [FINAL TEST DEBUG] Batch 448: unique labels: [-100    8   10   11   13]
2025-12-08 22:16:32 - root - INFO - [FINAL TEST DEBUG] Batch 448: loss: 2.8392
2025-12-08 22:16:32 - root - INFO - [FINAL TEST DEBUG] Processing batch 449
2025-12-08 22:16:32 - root - INFO - [FINAL TEST DEBUG] Batch 449: unique predictions: [ 2  4  5  7  8  9 10 11 12]
2025-12-08 22:16:32 - root - INFO - [FINAL TEST DEBUG] Batch 449: unique labels: [-100    8   11]
2025-12-08 22:16:32 - root - INFO - [FINAL TEST DEBUG] Batch 449: loss: 3.0313
2025-12-08 22:16:32 - root - INFO - [FINAL TEST DEBUG] Processing batch 450
2025-12-08 22:16:32 - root - INFO - [FINAL TEST DEBUG] Batch 450: unique predictions: [ 2  4  5  7  8  9 10 11 12]
2025-12-08 22:16:32 - root - INFO - [FINAL TEST DEBUG] Batch 450: unique labels: [-100    6    8]
2025-12-08 22:16:32 - root - INFO - [FINAL TEST DEBUG] Batch 450: loss: 2.9090
2025-12-08 22:16:32 - root - INFO - [FINAL TEST DEBUG] Processing batch 451
2025-12-08 22:16:32 - root - INFO - [FINAL TEST DEBUG] Batch 451: unique predictions: [ 2  4  5  7  8  9 10 11 12]
2025-12-08 22:16:32 - root - INFO - [FINAL TEST DEBUG] Batch 451: unique labels: [-100    6    8   11]
2025-12-08 22:16:32 - root - INFO - [FINAL TEST DEBUG] Batch 451: loss: 3.2682
2025-12-08 22:16:32 - root - INFO - [FINAL TEST DEBUG] Processing batch 452
2025-12-08 22:16:33 - root - INFO - [FINAL TEST DEBUG] Batch 452: unique predictions: [ 2  4  5  6  8  9 10 11 12 14]
2025-12-08 22:16:33 - root - INFO - [FINAL TEST DEBUG] Batch 452: unique labels: [-100    6    8]
2025-12-08 22:16:33 - root - INFO - [FINAL TEST DEBUG] Batch 452: loss: 3.1148
2025-12-08 22:16:33 - root - INFO - [FINAL TEST DEBUG] Processing batch 453
2025-12-08 22:16:33 - root - INFO - [FINAL TEST DEBUG] Batch 453: unique predictions: [ 2  4  5  7  8  9 10 11 12]
2025-12-08 22:16:33 - root - INFO - [FINAL TEST DEBUG] Batch 453: unique labels: [-100    6    8   10   11]
2025-12-08 22:16:33 - root - INFO - [FINAL TEST DEBUG] Batch 453: loss: 2.9399
2025-12-08 22:16:33 - root - INFO - [FINAL TEST DEBUG] Processing batch 454
2025-12-08 22:16:33 - root - INFO - [FINAL TEST DEBUG] Batch 454: unique predictions: [ 2  4  5  6  8 10 11 12]
2025-12-08 22:16:33 - root - INFO - [FINAL TEST DEBUG] Batch 454: unique labels: [-100   11   13]
2025-12-08 22:16:33 - root - INFO - [FINAL TEST DEBUG] Batch 454: loss: 3.1006
2025-12-08 22:16:33 - root - INFO - [FINAL TEST DEBUG] Processing batch 455
2025-12-08 22:16:33 - root - INFO - [FINAL TEST DEBUG] Batch 455: unique predictions: [ 2  4  5  8  9 11 12]
2025-12-08 22:16:33 - root - INFO - [FINAL TEST DEBUG] Batch 455: unique labels: [-100    7   10   11   13]
2025-12-08 22:16:33 - root - INFO - [FINAL TEST DEBUG] Batch 455: loss: 4.0019
2025-12-08 22:16:33 - root - INFO - [FINAL TEST DEBUG] Processing batch 456
2025-12-08 22:16:34 - root - INFO - [FINAL TEST DEBUG] Batch 456: unique predictions: [ 2  4  5  7  8  9 10 11 12 13]
2025-12-08 22:16:34 - root - INFO - [FINAL TEST DEBUG] Batch 456: unique labels: [-100    7   10   13]
2025-12-08 22:16:34 - root - INFO - [FINAL TEST DEBUG] Batch 456: loss: 3.3501
2025-12-08 22:16:34 - root - INFO - [FINAL TEST DEBUG] Processing batch 457
2025-12-08 22:16:34 - root - INFO - [FINAL TEST DEBUG] Batch 457: unique predictions: [ 2  4  5  7  9 10 11 12]
2025-12-08 22:16:34 - root - INFO - [FINAL TEST DEBUG] Batch 457: unique labels: [-100    6    8   11   13]
2025-12-08 22:16:34 - root - INFO - [FINAL TEST DEBUG] Batch 457: loss: 3.0207
2025-12-08 22:16:34 - root - INFO - [FINAL TEST DEBUG] Processing batch 458
2025-12-08 22:16:34 - root - INFO - [FINAL TEST DEBUG] Batch 458: unique predictions: [ 2  4  5  8  9 10 11 12]
2025-12-08 22:16:34 - root - INFO - [FINAL TEST DEBUG] Batch 458: unique labels: [-100    7   10   11]
2025-12-08 22:16:34 - root - INFO - [FINAL TEST DEBUG] Batch 458: loss: 3.5541
2025-12-08 22:16:34 - root - INFO - [FINAL TEST DEBUG] Processing batch 459
2025-12-08 22:16:34 - root - INFO - [FINAL TEST DEBUG] Batch 459: unique predictions: [ 2  4  5  8  9 10 11 12]
2025-12-08 22:16:34 - root - INFO - [FINAL TEST DEBUG] Batch 459: unique labels: [-100   10]
2025-12-08 22:16:34 - root - INFO - [FINAL TEST DEBUG] Batch 459: loss: 3.4708
2025-12-08 22:16:34 - root - INFO - [FINAL TEST DEBUG] Processing batch 460
2025-12-08 22:16:35 - root - INFO - [FINAL TEST DEBUG] Batch 460: unique predictions: [ 2  4  5  6  7  8  9 10 11 12]
2025-12-08 22:16:35 - root - INFO - [FINAL TEST DEBUG] Batch 460: unique labels: [-100    8   11   13]
2025-12-08 22:16:35 - root - INFO - [FINAL TEST DEBUG] Batch 460: loss: 3.4666
2025-12-08 22:16:35 - root - INFO - [FINAL TEST DEBUG] Processing batch 461
2025-12-08 22:16:35 - root - INFO - [FINAL TEST DEBUG] Batch 461: unique predictions: [ 2  4  5  6  8  9 10 11 12 13]
2025-12-08 22:16:35 - root - INFO - [FINAL TEST DEBUG] Batch 461: unique labels: [-100    7   13]
2025-12-08 22:16:35 - root - INFO - [FINAL TEST DEBUG] Batch 461: loss: 2.9558
2025-12-08 22:16:35 - root - INFO - [FINAL TEST DEBUG] Processing batch 462
2025-12-08 22:16:35 - root - INFO - [FINAL TEST DEBUG] Batch 462: unique predictions: [ 2  4  5  8  9 10 11 12]
2025-12-08 22:16:35 - root - INFO - [FINAL TEST DEBUG] Batch 462: unique labels: [-100    8]
2025-12-08 22:16:35 - root - INFO - [FINAL TEST DEBUG] Batch 462: loss: 3.3034
2025-12-08 22:16:35 - root - INFO - [FINAL TEST DEBUG] Processing batch 463
2025-12-08 22:16:36 - root - INFO - [FINAL TEST DEBUG] Batch 463: unique predictions: [ 2  4  5  8  9 10 11 12 13]
2025-12-08 22:16:36 - root - INFO - [FINAL TEST DEBUG] Batch 463: unique labels: [-100    7    8   13]
2025-12-08 22:16:36 - root - INFO - [FINAL TEST DEBUG] Batch 463: loss: 3.2760
2025-12-08 22:16:36 - root - INFO - [FINAL TEST DEBUG] Processing batch 464
2025-12-08 22:16:36 - root - INFO - [FINAL TEST DEBUG] Batch 464: unique predictions: [ 2  4  5  8  9 10 11 12]
2025-12-08 22:16:36 - root - INFO - [FINAL TEST DEBUG] Batch 464: unique labels: [-100   10   11   13]
2025-12-08 22:16:36 - root - INFO - [FINAL TEST DEBUG] Batch 464: loss: 2.8215
2025-12-08 22:16:36 - root - INFO - [FINAL TEST DEBUG] Processing batch 465
2025-12-08 22:16:36 - root - INFO - [FINAL TEST DEBUG] Batch 465: unique predictions: [ 2  4  5  6  8  9 10 11 12]
2025-12-08 22:16:36 - root - INFO - [FINAL TEST DEBUG] Batch 465: unique labels: [-100    7   10   13]
2025-12-08 22:16:36 - root - INFO - [FINAL TEST DEBUG] Batch 465: loss: 3.5574
2025-12-08 22:16:36 - root - INFO - [FINAL TEST DEBUG] Processing batch 466
2025-12-08 22:16:36 - root - INFO - [FINAL TEST DEBUG] Batch 466: unique predictions: [ 2  4  5  8  9 11 12]
2025-12-08 22:16:36 - root - INFO - [FINAL TEST DEBUG] Batch 466: unique labels: [-100    7    8   11]
2025-12-08 22:16:36 - root - INFO - [FINAL TEST DEBUG] Batch 466: loss: 2.9774
2025-12-08 22:16:36 - root - INFO - [FINAL TEST DEBUG] Processing batch 467
2025-12-08 22:16:37 - root - INFO - [FINAL TEST DEBUG] Batch 467: unique predictions: [ 2  4  5  8 10 11 12]
2025-12-08 22:16:37 - root - INFO - [FINAL TEST DEBUG] Batch 467: unique labels: [-100    8   13]
2025-12-08 22:16:37 - root - INFO - [FINAL TEST DEBUG] Batch 467: loss: 3.3142
2025-12-08 22:16:37 - root - INFO - [FINAL TEST DEBUG] Processing batch 468
2025-12-08 22:16:37 - root - INFO - [FINAL TEST DEBUG] Batch 468: unique predictions: [ 2  4  5  7  8  9 10 11 12]
2025-12-08 22:16:37 - root - INFO - [FINAL TEST DEBUG] Batch 468: unique labels: [-100    7    8   13]
2025-12-08 22:16:37 - root - INFO - [FINAL TEST DEBUG] Batch 468: loss: 3.1304
2025-12-08 22:16:37 - root - INFO - [FINAL TEST DEBUG] Processing batch 469
2025-12-08 22:16:37 - root - INFO - [FINAL TEST DEBUG] Batch 469: unique predictions: [ 2  4  5  8  9 10 11 12]
2025-12-08 22:16:37 - root - INFO - [FINAL TEST DEBUG] Batch 469: unique labels: [-100    7    8   13]
2025-12-08 22:16:37 - root - INFO - [FINAL TEST DEBUG] Batch 469: loss: 3.6011
2025-12-08 22:16:37 - root - INFO - [FINAL TEST DEBUG] Processing batch 470
2025-12-08 22:16:37 - root - INFO - [FINAL TEST DEBUG] Batch 470: unique predictions: [ 2  4  5  8  9 10 11 12]
2025-12-08 22:16:37 - root - INFO - [FINAL TEST DEBUG] Batch 470: unique labels: [-100    7    8   13]
2025-12-08 22:16:37 - root - INFO - [FINAL TEST DEBUG] Batch 470: loss: 3.6865
2025-12-08 22:16:37 - root - INFO - [FINAL TEST DEBUG] Processing batch 471
2025-12-08 22:16:38 - root - INFO - [FINAL TEST DEBUG] Batch 471: unique predictions: [ 2  4  5  8  9 10 11 12]
2025-12-08 22:16:38 - root - INFO - [FINAL TEST DEBUG] Batch 471: unique labels: [-100    6    7    8   13]
2025-12-08 22:16:38 - root - INFO - [FINAL TEST DEBUG] Batch 471: loss: 3.5160
2025-12-08 22:16:38 - root - INFO - [FINAL TEST DEBUG] Processing batch 472
2025-12-08 22:16:38 - root - INFO - [FINAL TEST DEBUG] Batch 472: unique predictions: [ 2  4  5  7  8  9 10 11 12]
2025-12-08 22:16:38 - root - INFO - [FINAL TEST DEBUG] Batch 472: unique labels: [-100    7    8   13]
2025-12-08 22:16:38 - root - INFO - [FINAL TEST DEBUG] Batch 472: loss: 3.1039
2025-12-08 22:16:38 - root - INFO - [FINAL TEST DEBUG] Processing batch 473
2025-12-08 22:16:38 - root - INFO - [FINAL TEST DEBUG] Batch 473: unique predictions: [ 2  4  5  7  8 10 11 12]
2025-12-08 22:16:38 - root - INFO - [FINAL TEST DEBUG] Batch 473: unique labels: [-100    7   13]
2025-12-08 22:16:38 - root - INFO - [FINAL TEST DEBUG] Batch 473: loss: 3.6081
2025-12-08 22:16:38 - root - INFO - [FINAL TEST DEBUG] Processing batch 474
2025-12-08 22:16:38 - root - INFO - [FINAL TEST DEBUG] Batch 474: unique predictions: [ 2  4  7  9 11 12]
2025-12-08 22:16:38 - root - INFO - [FINAL TEST DEBUG] Batch 474: unique labels: [-100    6    7   10]
2025-12-08 22:16:38 - root - INFO - [FINAL TEST DEBUG] Batch 474: loss: 2.9434
2025-12-08 22:16:38 - root - INFO - [FINAL TEST DEBUG] Processing batch 475
2025-12-08 22:16:39 - root - INFO - [FINAL TEST DEBUG] Batch 475: unique predictions: [ 2  4  6  8  9 10 11 12]
2025-12-08 22:16:39 - root - INFO - [FINAL TEST DEBUG] Batch 475: unique labels: [-100    6   10]
2025-12-08 22:16:39 - root - INFO - [FINAL TEST DEBUG] Batch 475: loss: 2.4472
2025-12-08 22:16:39 - root - INFO - [FINAL TEST DEBUG] Processing batch 476
2025-12-08 22:16:39 - root - INFO - [FINAL TEST DEBUG] Batch 476: unique predictions: [ 2  4  5  7  8 10 11 12]
2025-12-08 22:16:39 - root - INFO - [FINAL TEST DEBUG] Batch 476: unique labels: [-100    6   11   13]
2025-12-08 22:16:39 - root - INFO - [FINAL TEST DEBUG] Batch 476: loss: 3.5647
2025-12-08 22:16:39 - root - INFO - [FINAL TEST DEBUG] Processing batch 477
2025-12-08 22:16:39 - root - INFO - [FINAL TEST DEBUG] Batch 477: unique predictions: [ 2  4  5  8  9 10 11 12]
2025-12-08 22:16:39 - root - INFO - [FINAL TEST DEBUG] Batch 477: unique labels: [-100    6    8   10   11]
2025-12-08 22:16:39 - root - INFO - [FINAL TEST DEBUG] Batch 477: loss: 3.1644
2025-12-08 22:16:39 - root - INFO - [FINAL TEST DEBUG] Processing batch 478
2025-12-08 22:16:39 - root - INFO - [FINAL TEST DEBUG] Batch 478: unique predictions: [ 2  4  5  6  7  8 10 11 12]
2025-12-08 22:16:39 - root - INFO - [FINAL TEST DEBUG] Batch 478: unique labels: [-100    6   11   13]
2025-12-08 22:16:39 - root - INFO - [FINAL TEST DEBUG] Batch 478: loss: 4.0615
2025-12-08 22:16:39 - root - INFO - [FINAL TEST DEBUG] Processing batch 479
2025-12-08 22:16:40 - root - INFO - [FINAL TEST DEBUG] Batch 479: unique predictions: [ 2  4  5  7  8  9 10 11 12]
2025-12-08 22:16:40 - root - INFO - [FINAL TEST DEBUG] Batch 479: unique labels: [-100    7    8   10]
2025-12-08 22:16:40 - root - INFO - [FINAL TEST DEBUG] Batch 479: loss: 3.6141
2025-12-08 22:16:40 - root - INFO - [FINAL TEST DEBUG] Processing batch 480
2025-12-08 22:16:40 - root - INFO - [FINAL TEST DEBUG] Batch 480: unique predictions: [ 2  4  5  7  8 11 12]
2025-12-08 22:16:40 - root - INFO - [FINAL TEST DEBUG] Batch 480: unique labels: [-100    8   11]
2025-12-08 22:16:40 - root - INFO - [FINAL TEST DEBUG] Batch 480: loss: 3.9532
2025-12-08 22:16:40 - root - INFO - [FINAL TEST DEBUG] Processing batch 481
2025-12-08 22:16:40 - root - INFO - [FINAL TEST DEBUG] Batch 481: unique predictions: [ 2  4  8  9 11 12]
2025-12-08 22:16:40 - root - INFO - [FINAL TEST DEBUG] Batch 481: unique labels: [-100    6   11]
2025-12-08 22:16:40 - root - INFO - [FINAL TEST DEBUG] Batch 481: loss: 2.6690
2025-12-08 22:16:40 - root - INFO - [FINAL TEST DEBUG] Processing batch 482
2025-12-08 22:16:41 - root - INFO - [FINAL TEST DEBUG] Batch 482: unique predictions: [ 2  4  5  8  9 10 11 12]
2025-12-08 22:16:41 - root - INFO - [FINAL TEST DEBUG] Batch 482: unique labels: [-100    6    8   11]
2025-12-08 22:16:41 - root - INFO - [FINAL TEST DEBUG] Batch 482: loss: 3.0557
2025-12-08 22:16:41 - root - INFO - [FINAL TEST DEBUG] Processing batch 483
2025-12-08 22:16:41 - root - INFO - [FINAL TEST DEBUG] Batch 483: unique predictions: [ 2  4  5  9 10 11 12]
2025-12-08 22:16:41 - root - INFO - [FINAL TEST DEBUG] Batch 483: unique labels: [-100    6   11]
2025-12-08 22:16:41 - root - INFO - [FINAL TEST DEBUG] Batch 483: loss: 4.2468
2025-12-08 22:16:41 - root - INFO - [FINAL TEST DEBUG] Processing batch 484
2025-12-08 22:16:41 - root - INFO - [FINAL TEST DEBUG] Batch 484: unique predictions: [ 2  4  5  7  9 10 11 12]
2025-12-08 22:16:41 - root - INFO - [FINAL TEST DEBUG] Batch 484: unique labels: [-100    8   11]
2025-12-08 22:16:41 - root - INFO - [FINAL TEST DEBUG] Batch 484: loss: 3.7568
2025-12-08 22:16:41 - root - INFO - [FINAL TEST DEBUG] Processing batch 485
2025-12-08 22:16:41 - root - INFO - [FINAL TEST DEBUG] Batch 485: unique predictions: [ 2  4  5  7  8 11 12]
2025-12-08 22:16:41 - root - INFO - [FINAL TEST DEBUG] Batch 485: unique labels: [-100    6    8   13]
2025-12-08 22:16:41 - root - INFO - [FINAL TEST DEBUG] Batch 485: loss: 3.9389
2025-12-08 22:16:41 - root - INFO - [FINAL TEST DEBUG] Processing batch 486
2025-12-08 22:16:42 - root - INFO - [FINAL TEST DEBUG] Batch 486: unique predictions: [ 2  4  5  6  7  8  9 10 11 12]
2025-12-08 22:16:42 - root - INFO - [FINAL TEST DEBUG] Batch 486: unique labels: [-100    6    7   10]
2025-12-08 22:16:42 - root - INFO - [FINAL TEST DEBUG] Batch 486: loss: 3.4295
2025-12-08 22:16:42 - root - INFO - [FINAL TEST DEBUG] Processing batch 487
2025-12-08 22:16:42 - root - INFO - [FINAL TEST DEBUG] Batch 487: unique predictions: [ 2  4  5  8  9 10 11 12]
2025-12-08 22:16:42 - root - INFO - [FINAL TEST DEBUG] Batch 487: unique labels: [-100   10   11   13]
2025-12-08 22:16:42 - root - INFO - [FINAL TEST DEBUG] Batch 487: loss: 3.1706
2025-12-08 22:16:42 - root - INFO - [FINAL TEST DEBUG] Processing batch 488
2025-12-08 22:16:42 - root - INFO - [FINAL TEST DEBUG] Batch 488: unique predictions: [ 2  4  6  8 10 11 12]
2025-12-08 22:16:42 - root - INFO - [FINAL TEST DEBUG] Batch 488: unique labels: [-100   10   11   13]
2025-12-08 22:16:42 - root - INFO - [FINAL TEST DEBUG] Batch 488: loss: 3.7179
2025-12-08 22:16:42 - root - INFO - [FINAL TEST DEBUG] Processing batch 489
2025-12-08 22:16:42 - root - INFO - [FINAL TEST DEBUG] Batch 489: unique predictions: [ 2  4  5  8 10 11 12]
2025-12-08 22:16:42 - root - INFO - [FINAL TEST DEBUG] Batch 489: unique labels: [-100    6   10   11]
2025-12-08 22:16:42 - root - INFO - [FINAL TEST DEBUG] Batch 489: loss: 2.9199
2025-12-08 22:16:42 - root - INFO - [FINAL TEST DEBUG] Processing batch 490
2025-12-08 22:16:43 - root - INFO - [FINAL TEST DEBUG] Batch 490: unique predictions: [ 2  4  6 10 11 12]
2025-12-08 22:16:43 - root - INFO - [FINAL TEST DEBUG] Batch 490: unique labels: [-100    6    7   10]
2025-12-08 22:16:43 - root - INFO - [FINAL TEST DEBUG] Batch 490: loss: 3.0535
2025-12-08 22:16:43 - root - INFO - [FINAL TEST DEBUG] Processing batch 491
2025-12-08 22:16:43 - root - INFO - [FINAL TEST DEBUG] Batch 491: unique predictions: [ 2  4  5  6 10 12]
2025-12-08 22:16:43 - root - INFO - [FINAL TEST DEBUG] Batch 491: unique labels: [-100    6    8   10   11]
2025-12-08 22:16:43 - root - INFO - [FINAL TEST DEBUG] Batch 491: loss: 3.1080
2025-12-08 22:16:43 - root - INFO - [FINAL TEST DEBUG] Processing batch 492
2025-12-08 22:16:43 - root - INFO - [FINAL TEST DEBUG] Batch 492: unique predictions: [ 2  4  5  8 10 11 12]
2025-12-08 22:16:43 - root - INFO - [FINAL TEST DEBUG] Batch 492: unique labels: [-100   10   13]
2025-12-08 22:16:43 - root - INFO - [FINAL TEST DEBUG] Batch 492: loss: 3.5447
2025-12-08 22:16:43 - root - INFO - [FINAL TEST DEBUG] Processing batch 493
2025-12-08 22:16:44 - root - INFO - [FINAL TEST DEBUG] Batch 493: unique predictions: [ 2  4  5  8 10 11 12]
2025-12-08 22:16:44 - root - INFO - [FINAL TEST DEBUG] Batch 493: unique labels: [-100   10   11   13]
2025-12-08 22:16:44 - root - INFO - [FINAL TEST DEBUG] Batch 493: loss: 4.1818
2025-12-08 22:16:44 - root - INFO - [FINAL TEST DEBUG] Processing batch 494
2025-12-08 22:16:44 - root - INFO - [FINAL TEST DEBUG] Batch 494: unique predictions: [ 2  4  5  7  8  9 10 11 12]
2025-12-08 22:16:44 - root - INFO - [FINAL TEST DEBUG] Batch 494: unique labels: [-100   11   13]
2025-12-08 22:16:44 - root - INFO - [FINAL TEST DEBUG] Batch 494: loss: 3.6109
2025-12-08 22:16:44 - root - INFO - [FINAL TEST DEBUG] Processing batch 495
2025-12-08 22:16:44 - root - INFO - [FINAL TEST DEBUG] Batch 495: unique predictions: [ 2  4  5  6  7  8  9 10 11 12]
2025-12-08 22:16:44 - root - INFO - [FINAL TEST DEBUG] Batch 495: unique labels: [-100   10   13]
2025-12-08 22:16:44 - root - INFO - [FINAL TEST DEBUG] Batch 495: loss: 3.3356
2025-12-08 22:16:44 - root - INFO - [FINAL TEST DEBUG] Processing batch 496
2025-12-08 22:16:45 - root - INFO - [FINAL TEST DEBUG] Batch 496: unique predictions: [ 2  4  5  6  8 10 11 12]
2025-12-08 22:16:45 - root - INFO - [FINAL TEST DEBUG] Batch 496: unique labels: [-100    8   11   13]
2025-12-08 22:16:45 - root - INFO - [FINAL TEST DEBUG] Batch 496: loss: 2.1614
2025-12-08 22:16:45 - root - INFO - [FINAL TEST DEBUG] Processing batch 497
2025-12-08 22:16:45 - root - INFO - [FINAL TEST DEBUG] Batch 497: unique predictions: [ 2  4  6  8  9 10 11 12]
2025-12-08 22:16:45 - root - INFO - [FINAL TEST DEBUG] Batch 497: unique labels: [-100    6    7   11]
2025-12-08 22:16:45 - root - INFO - [FINAL TEST DEBUG] Batch 497: loss: 3.0233
2025-12-08 22:16:45 - root - INFO - [FINAL TEST DEBUG] Processing batch 498
2025-12-08 22:16:45 - root - INFO - [FINAL TEST DEBUG] Batch 498: unique predictions: [ 2  4  5  6  7  8  9 10 11 12]
2025-12-08 22:16:45 - root - INFO - [FINAL TEST DEBUG] Batch 498: unique labels: [-100    7   10   13]
2025-12-08 22:16:45 - root - INFO - [FINAL TEST DEBUG] Batch 498: loss: 3.5945
2025-12-08 22:16:45 - root - INFO - [FINAL TEST DEBUG] Processing batch 499
2025-12-08 22:16:45 - root - INFO - [FINAL TEST DEBUG] Batch 499: unique predictions: [ 2  4  5  8  9 10 11 12]
2025-12-08 22:16:45 - root - INFO - [FINAL TEST DEBUG] Batch 499: unique labels: [-100   10   11   13]
2025-12-08 22:16:45 - root - INFO - [FINAL TEST DEBUG] Batch 499: loss: 3.8390
2025-12-08 22:16:45 - root - INFO - [FINAL TEST DEBUG] Processing batch 500
2025-12-08 22:16:46 - root - INFO - [FINAL TEST DEBUG] Batch 500: unique predictions: [ 2  4  5  8  9 10 11 12]
2025-12-08 22:16:46 - root - INFO - [FINAL TEST DEBUG] Batch 500: unique labels: [-100   10   11   13]
2025-12-08 22:16:46 - root - INFO - [FINAL TEST DEBUG] Batch 500: loss: 4.3384
2025-12-08 22:16:46 - root - INFO - [FINAL TEST DEBUG] Processing batch 501
2025-12-08 22:16:46 - root - INFO - [FINAL TEST DEBUG] Batch 501: unique predictions: [ 2  4  6  8  9 10 11 12 13]
2025-12-08 22:16:46 - root - INFO - [FINAL TEST DEBUG] Batch 501: unique labels: [-100   10   11]
2025-12-08 22:16:46 - root - INFO - [FINAL TEST DEBUG] Batch 501: loss: 2.9212
2025-12-08 22:16:46 - root - INFO - [FINAL TEST DEBUG] Processing batch 502
2025-12-08 22:16:46 - root - INFO - [FINAL TEST DEBUG] Batch 502: unique predictions: [ 2  4  5  8  9 10 11 12]
2025-12-08 22:16:46 - root - INFO - [FINAL TEST DEBUG] Batch 502: unique labels: [-100    6    7   10]
2025-12-08 22:16:46 - root - INFO - [FINAL TEST DEBUG] Batch 502: loss: 3.1062
2025-12-08 22:16:46 - root - INFO - [FINAL TEST DEBUG] Processing batch 503
2025-12-08 22:16:46 - root - INFO - [FINAL TEST DEBUG] Batch 503: unique predictions: [ 2  4  5  6  7  8  9 10 11 12]
2025-12-08 22:16:46 - root - INFO - [FINAL TEST DEBUG] Batch 503: unique labels: [-100    7   10   11]
2025-12-08 22:16:46 - root - INFO - [FINAL TEST DEBUG] Batch 503: loss: 2.9824
2025-12-08 22:16:46 - root - INFO - [FINAL TEST DEBUG] Processing batch 504
2025-12-08 22:16:47 - root - INFO - [FINAL TEST DEBUG] Batch 504: unique predictions: [ 2  4  5  6  7  8  9 10 11 12]
2025-12-08 22:16:47 - root - INFO - [FINAL TEST DEBUG] Batch 504: unique labels: [-100   10   11]
2025-12-08 22:16:47 - root - INFO - [FINAL TEST DEBUG] Batch 504: loss: 2.8011
2025-12-08 22:16:47 - root - INFO - [FINAL TEST DEBUG] Processing batch 505
2025-12-08 22:16:47 - root - INFO - [FINAL TEST DEBUG] Batch 505: unique predictions: [ 2  4  5  8  9 10 11 12]
2025-12-08 22:16:47 - root - INFO - [FINAL TEST DEBUG] Batch 505: unique labels: [-100   10   11   13]
2025-12-08 22:16:47 - root - INFO - [FINAL TEST DEBUG] Batch 505: loss: 3.1773
2025-12-08 22:16:47 - root - INFO - [FINAL TEST DEBUG] Processing batch 506
2025-12-08 22:16:47 - root - INFO - [FINAL TEST DEBUG] Batch 506: unique predictions: [ 2  4  5  6  8  9 10 11 12]
2025-12-08 22:16:47 - root - INFO - [FINAL TEST DEBUG] Batch 506: unique labels: [-100   10   13]
2025-12-08 22:16:47 - root - INFO - [FINAL TEST DEBUG] Batch 506: loss: 2.8408
2025-12-08 22:16:47 - root - INFO - [FINAL TEST DEBUG] Processing batch 507
2025-12-08 22:16:47 - root - INFO - [FINAL TEST DEBUG] Batch 507: unique predictions: [ 2  4  5  7  9 11 12 14]
2025-12-08 22:16:47 - root - INFO - [FINAL TEST DEBUG] Batch 507: unique labels: [-100   11   13]
2025-12-08 22:16:47 - root - INFO - [FINAL TEST DEBUG] Batch 507: loss: 3.5113
2025-12-08 22:16:48 - root - INFO - [FINAL TEST DEBUG] Processing batch 508
2025-12-08 22:16:48 - root - INFO - [FINAL TEST DEBUG] Batch 508: unique predictions: [ 2  4  7  8 10 11 12]
2025-12-08 22:16:48 - root - INFO - [FINAL TEST DEBUG] Batch 508: unique labels: [-100   10   11   13]
2025-12-08 22:16:48 - root - INFO - [FINAL TEST DEBUG] Batch 508: loss: 3.9598
2025-12-08 22:16:48 - root - INFO - [FINAL TEST DEBUG] Processing batch 509
2025-12-08 22:16:48 - root - INFO - [FINAL TEST DEBUG] Batch 509: unique predictions: [ 2  4  5  8  9 10 11 12]
2025-12-08 22:16:48 - root - INFO - [FINAL TEST DEBUG] Batch 509: unique labels: [-100   10   13]
2025-12-08 22:16:48 - root - INFO - [FINAL TEST DEBUG] Batch 509: loss: 3.3451
2025-12-08 22:16:48 - root - INFO - [FINAL TEST DEBUG] Processing batch 510
2025-12-08 22:16:48 - root - INFO - [FINAL TEST DEBUG] Batch 510: unique predictions: [ 2  4  5  6  8  9 10 11 12]
2025-12-08 22:16:48 - root - INFO - [FINAL TEST DEBUG] Batch 510: unique labels: [-100   10   11   13]
2025-12-08 22:16:48 - root - INFO - [FINAL TEST DEBUG] Batch 510: loss: 3.7145
2025-12-08 22:16:48 - root - INFO - [FINAL TEST DEBUG] Processing batch 511
2025-12-08 22:16:49 - root - INFO - [FINAL TEST DEBUG] Batch 511: unique predictions: [ 2  4  5  6  8  9 10 11 12 14]
2025-12-08 22:16:49 - root - INFO - [FINAL TEST DEBUG] Batch 511: unique labels: [-100    7   10   13]
2025-12-08 22:16:49 - root - INFO - [FINAL TEST DEBUG] Batch 511: loss: 3.8928
2025-12-08 22:16:49 - root - INFO - [FINAL TEST DEBUG] Processing batch 512
2025-12-08 22:16:49 - root - INFO - [FINAL TEST DEBUG] Batch 512: unique predictions: [ 2  4  5  7  8  9 10 11 12]
2025-12-08 22:16:49 - root - INFO - [FINAL TEST DEBUG] Batch 512: unique labels: [-100    6    7    8   11]
2025-12-08 22:16:49 - root - INFO - [FINAL TEST DEBUG] Batch 512: loss: 3.4350
2025-12-08 22:16:49 - root - INFO - [FINAL TEST DEBUG] Processing batch 513
2025-12-08 22:16:49 - root - INFO - [FINAL TEST DEBUG] Batch 513: unique predictions: [ 2  4  5  8 10 11 12 13]
2025-12-08 22:16:49 - root - INFO - [FINAL TEST DEBUG] Batch 513: unique labels: [-100    8   11]
2025-12-08 22:16:49 - root - INFO - [FINAL TEST DEBUG] Batch 513: loss: 4.0782
2025-12-08 22:16:49 - root - INFO - [FINAL TEST DEBUG] Processing batch 514
2025-12-08 22:16:49 - root - INFO - [FINAL TEST DEBUG] Batch 514: unique predictions: [ 2  4  5  7  8  9 11 12 14]
2025-12-08 22:16:49 - root - INFO - [FINAL TEST DEBUG] Batch 514: unique labels: [-100    6    8   10   13]
2025-12-08 22:16:49 - root - INFO - [FINAL TEST DEBUG] Batch 514: loss: 3.5236
2025-12-08 22:16:49 - root - INFO - [FINAL TEST DEBUG] Processing batch 515
2025-12-08 22:16:50 - root - INFO - [FINAL TEST DEBUG] Batch 515: unique predictions: [ 2  4  5  8  9 10 11 12 13 14]
2025-12-08 22:16:50 - root - INFO - [FINAL TEST DEBUG] Batch 515: unique labels: [-100   11   13]
2025-12-08 22:16:50 - root - INFO - [FINAL TEST DEBUG] Batch 515: loss: 3.1122
2025-12-08 22:16:50 - root - INFO - [FINAL TEST DEBUG] Processing batch 516
2025-12-08 22:16:50 - root - INFO - [FINAL TEST DEBUG] Batch 516: unique predictions: [ 2  4  5  8  9 10 11 12]
2025-12-08 22:16:50 - root - INFO - [FINAL TEST DEBUG] Batch 516: unique labels: [-100   10   13]
2025-12-08 22:16:50 - root - INFO - [FINAL TEST DEBUG] Batch 516: loss: 3.2332
2025-12-08 22:16:50 - root - INFO - [FINAL TEST DEBUG] Processing batch 517
2025-12-08 22:16:50 - root - INFO - [FINAL TEST DEBUG] Batch 517: unique predictions: [ 2  4  8  9 10 11 12]
2025-12-08 22:16:50 - root - INFO - [FINAL TEST DEBUG] Batch 517: unique labels: [-100    8   11   13]
2025-12-08 22:16:50 - root - INFO - [FINAL TEST DEBUG] Batch 517: loss: 3.0773
2025-12-08 22:16:50 - root - INFO - [FINAL TEST DEBUG] Processing batch 518
2025-12-08 22:16:50 - root - INFO - [FINAL TEST DEBUG] Batch 518: unique predictions: [ 2  4  5  7  8  9 10 11 12]
2025-12-08 22:16:50 - root - INFO - [FINAL TEST DEBUG] Batch 518: unique labels: [-100    7    8]
2025-12-08 22:16:50 - root - INFO - [FINAL TEST DEBUG] Batch 518: loss: 3.1419
2025-12-08 22:16:50 - root - INFO - [FINAL TEST DEBUG] Processing batch 519
2025-12-08 22:16:51 - root - INFO - [FINAL TEST DEBUG] Batch 519: unique predictions: [ 2  4  5  7  8  9 10 11 12 15]
2025-12-08 22:16:51 - root - INFO - [FINAL TEST DEBUG] Batch 519: unique labels: [-100   10   11   13]
2025-12-08 22:16:51 - root - INFO - [FINAL TEST DEBUG] Batch 519: loss: 5.3648
2025-12-08 22:16:51 - root - INFO - [FINAL TEST DEBUG] Processing batch 520
2025-12-08 22:16:51 - root - INFO - [FINAL TEST DEBUG] Batch 520: unique predictions: [ 2  4  5  6  8  9 10 11 12]
2025-12-08 22:16:51 - root - INFO - [FINAL TEST DEBUG] Batch 520: unique labels: [-100   11   13]
2025-12-08 22:16:51 - root - INFO - [FINAL TEST DEBUG] Batch 520: loss: 2.6742
2025-12-08 22:16:51 - root - INFO - [FINAL TEST DEBUG] Processing batch 521
2025-12-08 22:16:51 - root - INFO - [FINAL TEST DEBUG] Batch 521: unique predictions: [ 2  4  9 10 11 12]
2025-12-08 22:16:51 - root - INFO - [FINAL TEST DEBUG] Batch 521: unique labels: [-100    8   11   13]
2025-12-08 22:16:51 - root - INFO - [FINAL TEST DEBUG] Batch 521: loss: 2.9255
2025-12-08 22:16:51 - root - INFO - [FINAL TEST DEBUG] Processing batch 522
2025-12-08 22:16:51 - root - INFO - [FINAL TEST DEBUG] Batch 522: unique predictions: [ 2  4  5  7  9 10 11 12 13]
2025-12-08 22:16:51 - root - INFO - [FINAL TEST DEBUG] Batch 522: unique labels: [-100    6    8   11]
2025-12-08 22:16:51 - root - INFO - [FINAL TEST DEBUG] Batch 522: loss: 2.8230
2025-12-08 22:16:51 - root - INFO - [FINAL TEST DEBUG] Processing batch 523
2025-12-08 22:16:52 - root - INFO - [FINAL TEST DEBUG] Batch 523: unique predictions: [ 2  4  5  7  8  9 10 11 12]
2025-12-08 22:16:52 - root - INFO - [FINAL TEST DEBUG] Batch 523: unique labels: [-100    7   11]
2025-12-08 22:16:52 - root - INFO - [FINAL TEST DEBUG] Batch 523: loss: 5.2932
2025-12-08 22:16:52 - root - INFO - [FINAL TEST DEBUG] Processing batch 524
2025-12-08 22:16:52 - root - INFO - [FINAL TEST DEBUG] Batch 524: unique predictions: [ 2  4  5  8 10 11 12]
2025-12-08 22:16:52 - root - INFO - [FINAL TEST DEBUG] Batch 524: unique labels: [-100    6    8   11]
2025-12-08 22:16:52 - root - INFO - [FINAL TEST DEBUG] Batch 524: loss: 4.3859
2025-12-08 22:16:52 - root - INFO - [FINAL TEST DEBUG] Processing batch 525
2025-12-08 22:16:52 - root - INFO - [FINAL TEST DEBUG] Batch 525: unique predictions: [ 2  4  5  8  9 10 11 12 14]
2025-12-08 22:16:52 - root - INFO - [FINAL TEST DEBUG] Batch 525: unique labels: [-100    6    8   11]
2025-12-08 22:16:52 - root - INFO - [FINAL TEST DEBUG] Batch 525: loss: 3.2364
2025-12-08 22:16:52 - root - INFO - [FINAL TEST DEBUG] Processing batch 526
2025-12-08 22:16:53 - root - INFO - [FINAL TEST DEBUG] Batch 526: unique predictions: [ 2  4  5 11 12]
2025-12-08 22:16:53 - root - INFO - [FINAL TEST DEBUG] Batch 526: unique labels: [-100    6    8   11]
2025-12-08 22:16:53 - root - INFO - [FINAL TEST DEBUG] Batch 526: loss: 3.5943
2025-12-08 22:16:53 - root - INFO - [FINAL TEST DEBUG] Processing batch 527
2025-12-08 22:16:53 - root - INFO - [FINAL TEST DEBUG] Batch 527: unique predictions: [ 2  4  5  7 12]
2025-12-08 22:16:53 - root - INFO - [FINAL TEST DEBUG] Batch 527: unique labels: [-100    6]
2025-12-08 22:16:53 - root - INFO - [FINAL TEST DEBUG] Batch 527: loss: 3.3139
2025-12-08 22:16:53 - root - INFO - [FINAL TEST DEBUG] Processing batch 528
2025-12-08 22:16:53 - root - INFO - [FINAL TEST DEBUG] Batch 528: unique predictions: [ 2  4  7  8  9 10 11 12]
2025-12-08 22:16:53 - root - INFO - [FINAL TEST DEBUG] Batch 528: unique labels: [-100    6    7]
2025-12-08 22:16:53 - root - INFO - [FINAL TEST DEBUG] Batch 528: loss: 3.4673
2025-12-08 22:16:53 - root - INFO - [FINAL TEST DEBUG] Processing batch 529
2025-12-08 22:16:53 - root - INFO - [FINAL TEST DEBUG] Batch 529: unique predictions: [ 2  3  4  5  8  9 10 11 12]
2025-12-08 22:16:53 - root - INFO - [FINAL TEST DEBUG] Batch 529: unique labels: [-100    6    7]
2025-12-08 22:16:53 - root - INFO - [FINAL TEST DEBUG] Batch 529: loss: 4.2383
2025-12-08 22:16:53 - root - INFO - [FINAL TEST DEBUG] Processing batch 530
2025-12-08 22:16:54 - root - INFO - [FINAL TEST DEBUG] Batch 530: unique predictions: [ 2  4  5  6  8  9 10 11 12]
2025-12-08 22:16:54 - root - INFO - [FINAL TEST DEBUG] Batch 530: unique labels: [-100    8   10   11   13]
2025-12-08 22:16:54 - root - INFO - [FINAL TEST DEBUG] Batch 530: loss: 3.0601
2025-12-08 22:16:54 - root - INFO - [FINAL TEST DEBUG] Processing batch 531
2025-12-08 22:16:54 - root - INFO - [FINAL TEST DEBUG] Batch 531: unique predictions: [ 2  4  5  7  8  9 10 11 12 13]
2025-12-08 22:16:54 - root - INFO - [FINAL TEST DEBUG] Batch 531: unique labels: [-100    7]
2025-12-08 22:16:54 - root - INFO - [FINAL TEST DEBUG] Batch 531: loss: 4.5957
2025-12-08 22:16:54 - root - INFO - [FINAL TEST DEBUG] Processing batch 532
2025-12-08 22:16:55 - root - INFO - [FINAL TEST DEBUG] Batch 532: unique predictions: [ 2  4  5  6  7  9 10 11 12]
2025-12-08 22:16:55 - root - INFO - [FINAL TEST DEBUG] Batch 532: unique labels: [-100    6]
2025-12-08 22:16:55 - root - INFO - [FINAL TEST DEBUG] Batch 532: loss: 3.3672
2025-12-08 22:16:55 - root - INFO - [FINAL TEST DEBUG] Processing batch 533
2025-12-08 22:16:55 - root - INFO - [FINAL TEST DEBUG] Batch 533: unique predictions: [ 2  4  8  9 10 11 12]
2025-12-08 22:16:55 - root - INFO - [FINAL TEST DEBUG] Batch 533: unique labels: [-100    6    7]
2025-12-08 22:16:55 - root - INFO - [FINAL TEST DEBUG] Batch 533: loss: 2.8368
2025-12-08 22:16:55 - root - INFO - [FINAL TEST DEBUG] Processing batch 534
2025-12-08 22:16:55 - root - INFO - [FINAL TEST DEBUG] Batch 534: unique predictions: [ 2  4  5  7  8  9 10 11 12]
2025-12-08 22:16:55 - root - INFO - [FINAL TEST DEBUG] Batch 534: unique labels: [-100    6    7   10   13]
2025-12-08 22:16:55 - root - INFO - [FINAL TEST DEBUG] Batch 534: loss: 3.2949
2025-12-08 22:16:55 - root - INFO - [FINAL TEST DEBUG] Processing batch 535
2025-12-08 22:16:56 - root - INFO - [FINAL TEST DEBUG] Batch 535: unique predictions: [ 2  4  7  8  9 10 11 12]
2025-12-08 22:16:56 - root - INFO - [FINAL TEST DEBUG] Batch 535: unique labels: [-100    7    8   13]
2025-12-08 22:16:56 - root - INFO - [FINAL TEST DEBUG] Batch 535: loss: 3.8309
2025-12-08 22:16:56 - root - INFO - [FINAL TEST DEBUG] Processing batch 536
2025-12-08 22:16:56 - root - INFO - [FINAL TEST DEBUG] Batch 536: unique predictions: [ 2  4  5  7  8  9 10 11 12]
2025-12-08 22:16:56 - root - INFO - [FINAL TEST DEBUG] Batch 536: unique labels: [-100    7    8]
2025-12-08 22:16:56 - root - INFO - [FINAL TEST DEBUG] Batch 536: loss: 2.9731
2025-12-08 22:16:56 - root - INFO - [FINAL TEST DEBUG] Processing batch 537
2025-12-08 22:16:56 - root - INFO - [FINAL TEST DEBUG] Batch 537: unique predictions: [ 2  4  5  7  8  9 10 11 12]
2025-12-08 22:16:56 - root - INFO - [FINAL TEST DEBUG] Batch 537: unique labels: [-100    7    8   13]
2025-12-08 22:16:56 - root - INFO - [FINAL TEST DEBUG] Batch 537: loss: 3.2053
2025-12-08 22:16:56 - root - INFO - [FINAL TEST DEBUG] Processing batch 538
2025-12-08 22:16:56 - root - INFO - [FINAL TEST DEBUG] Batch 538: unique predictions: [ 2  4  8  9 10 11 12]
2025-12-08 22:16:56 - root - INFO - [FINAL TEST DEBUG] Batch 538: unique labels: [-100    7]
2025-12-08 22:16:56 - root - INFO - [FINAL TEST DEBUG] Batch 538: loss: 3.4938
2025-12-08 22:16:56 - root - INFO - [FINAL TEST DEBUG] Processing batch 539
2025-12-08 22:16:57 - root - INFO - [FINAL TEST DEBUG] Batch 539: unique predictions: [ 2  4  5  7  8  9 10 11 12]
2025-12-08 22:16:57 - root - INFO - [FINAL TEST DEBUG] Batch 539: unique labels: [-100    7   13]
2025-12-08 22:16:57 - root - INFO - [FINAL TEST DEBUG] Batch 539: loss: 3.2540
2025-12-08 22:16:57 - root - INFO - [FINAL TEST DEBUG] Processing batch 540
2025-12-08 22:16:57 - root - INFO - [FINAL TEST DEBUG] Batch 540: unique predictions: [ 2  4  5  8 10 11 12]
2025-12-08 22:16:57 - root - INFO - [FINAL TEST DEBUG] Batch 540: unique labels: [-100    7    8]
2025-12-08 22:16:57 - root - INFO - [FINAL TEST DEBUG] Batch 540: loss: 3.1074
2025-12-08 22:16:57 - root - INFO - [FINAL TEST DEBUG] Processing batch 541
2025-12-08 22:16:57 - root - INFO - [FINAL TEST DEBUG] Batch 541: unique predictions: [ 2  4  5  8  9 10 11 12]
2025-12-08 22:16:57 - root - INFO - [FINAL TEST DEBUG] Batch 541: unique labels: [-100    7   13]
2025-12-08 22:16:57 - root - INFO - [FINAL TEST DEBUG] Batch 541: loss: 3.3322
2025-12-08 22:16:57 - root - INFO - [FINAL TEST DEBUG] Processing batch 542
2025-12-08 22:16:58 - root - INFO - [FINAL TEST DEBUG] Batch 542: unique predictions: [ 2  7  8  9 10 11 12]
2025-12-08 22:16:58 - root - INFO - [FINAL TEST DEBUG] Batch 542: unique labels: [-100   10   11]
2025-12-08 22:16:58 - root - INFO - [FINAL TEST DEBUG] Batch 542: loss: 2.3318
2025-12-08 22:16:58 - root - INFO - [FINAL TEST DEBUG] Processing batch 543
2025-12-08 22:16:58 - root - INFO - [FINAL TEST DEBUG] Batch 543: unique predictions: [ 2  4  5  6  8  9 10 11 12]
2025-12-08 22:16:58 - root - INFO - [FINAL TEST DEBUG] Batch 543: unique labels: [-100    7    8   13]
2025-12-08 22:16:58 - root - INFO - [FINAL TEST DEBUG] Batch 543: loss: 3.6080
2025-12-08 22:16:58 - root - INFO - [FINAL TEST DEBUG] Processing batch 544
2025-12-08 22:16:58 - root - INFO - [FINAL TEST DEBUG] Batch 544: unique predictions: [ 2  4  5  8  9 10 11 12]
2025-12-08 22:16:58 - root - INFO - [FINAL TEST DEBUG] Batch 544: unique labels: [-100    8]
2025-12-08 22:16:58 - root - INFO - [FINAL TEST DEBUG] Batch 544: loss: 2.6786
2025-12-08 22:16:58 - root - INFO - [FINAL TEST DEBUG] Processing batch 545
2025-12-08 22:16:58 - root - INFO - [FINAL TEST DEBUG] Batch 545: unique predictions: [ 2  4  5  8  9 10 11 12]
2025-12-08 22:16:58 - root - INFO - [FINAL TEST DEBUG] Batch 545: unique labels: [-100   13]
2025-12-08 22:16:58 - root - INFO - [FINAL TEST DEBUG] Batch 545: loss: 3.3662
2025-12-08 22:16:58 - root - INFO - [FINAL TEST DEBUG] Processing batch 546
2025-12-08 22:16:59 - root - INFO - [FINAL TEST DEBUG] Batch 546: unique predictions: [ 2  4  5  6  8  9 10 11 12]
2025-12-08 22:16:59 - root - INFO - [FINAL TEST DEBUG] Batch 546: unique labels: [-100    7    8   13]
2025-12-08 22:16:59 - root - INFO - [FINAL TEST DEBUG] Batch 546: loss: 3.2972
2025-12-08 22:16:59 - root - INFO - [FINAL TEST DEBUG] Processing batch 547
2025-12-08 22:16:59 - root - INFO - [FINAL TEST DEBUG] Batch 547: unique predictions: [ 2  4  5  8 10 11 12]
2025-12-08 22:16:59 - root - INFO - [FINAL TEST DEBUG] Batch 547: unique labels: [-100    7    8   13]
2025-12-08 22:16:59 - root - INFO - [FINAL TEST DEBUG] Batch 547: loss: 4.6914
2025-12-08 22:16:59 - root - INFO - [FINAL TEST DEBUG] Processing batch 548
2025-12-08 22:16:59 - root - INFO - [FINAL TEST DEBUG] Batch 548: unique predictions: [ 2  4  5  7  8 10 11 12]
2025-12-08 22:16:59 - root - INFO - [FINAL TEST DEBUG] Batch 548: unique labels: [-100    7   10   13]
2025-12-08 22:16:59 - root - INFO - [FINAL TEST DEBUG] Batch 548: loss: 5.2664
2025-12-08 22:16:59 - root - INFO - [FINAL TEST DEBUG] Processing batch 549
2025-12-08 22:17:00 - root - INFO - [FINAL TEST DEBUG] Batch 549: unique predictions: [ 2  4  5  7  8 11 12]
2025-12-08 22:17:00 - root - INFO - [FINAL TEST DEBUG] Batch 549: unique labels: [-100    7   13]
2025-12-08 22:17:00 - root - INFO - [FINAL TEST DEBUG] Batch 549: loss: 4.4240
2025-12-08 22:17:00 - root - INFO - [FINAL TEST DEBUG] Processing batch 550
2025-12-08 22:17:00 - root - INFO - [FINAL TEST DEBUG] Batch 550: unique predictions: [ 2  4  5  6  7  8 10 11 12 15]
2025-12-08 22:17:00 - root - INFO - [FINAL TEST DEBUG] Batch 550: unique labels: [-100    6    8   11]
2025-12-08 22:17:00 - root - INFO - [FINAL TEST DEBUG] Batch 550: loss: 4.2660
2025-12-08 22:17:00 - root - INFO - [FINAL TEST DEBUG] Processing batch 551
2025-12-08 22:17:00 - root - INFO - [FINAL TEST DEBUG] Batch 551: unique predictions: [ 2  4  5  6  8  9 10 11 12]
2025-12-08 22:17:00 - root - INFO - [FINAL TEST DEBUG] Batch 551: unique labels: [-100    6    8]
2025-12-08 22:17:00 - root - INFO - [FINAL TEST DEBUG] Batch 551: loss: 3.4219
2025-12-08 22:17:00 - root - INFO - [FINAL TEST DEBUG] Processing batch 552
2025-12-08 22:17:00 - root - INFO - [FINAL TEST DEBUG] Batch 552: unique predictions: [ 2  4  5  6  8  9 10 11 12]
2025-12-08 22:17:00 - root - INFO - [FINAL TEST DEBUG] Batch 552: unique labels: [-100    6    7    8]
2025-12-08 22:17:00 - root - INFO - [FINAL TEST DEBUG] Batch 552: loss: 3.2374
2025-12-08 22:17:00 - root - INFO - [FINAL TEST DEBUG] Processing batch 553
2025-12-08 22:17:01 - root - INFO - [FINAL TEST DEBUG] Batch 553: unique predictions: [ 2  4  5  6  7  8  9 10 11 12]
2025-12-08 22:17:01 - root - INFO - [FINAL TEST DEBUG] Batch 553: unique labels: [-100    8   10   11]
2025-12-08 22:17:01 - root - INFO - [FINAL TEST DEBUG] Batch 553: loss: 2.6617
2025-12-08 22:17:01 - root - INFO - [FINAL TEST DEBUG] Processing batch 554
2025-12-08 22:17:01 - root - INFO - [FINAL TEST DEBUG] Batch 554: unique predictions: [ 2  4  5  6  7  8 10 11 12]
2025-12-08 22:17:01 - root - INFO - [FINAL TEST DEBUG] Batch 554: unique labels: [-100    6   11   13]
2025-12-08 22:17:01 - root - INFO - [FINAL TEST DEBUG] Batch 554: loss: 3.0360
2025-12-08 22:17:01 - root - INFO - [FINAL TEST DEBUG] Processing batch 555
2025-12-08 22:17:01 - root - INFO - [FINAL TEST DEBUG] Batch 555: unique predictions: [ 2  4  5  9 11 12]
2025-12-08 22:17:01 - root - INFO - [FINAL TEST DEBUG] Batch 555: unique labels: [-100    8   11]
2025-12-08 22:17:01 - root - INFO - [FINAL TEST DEBUG] Batch 555: loss: 2.9324
2025-12-08 22:17:01 - root - INFO - [FINAL TEST DEBUG] Processing batch 556
2025-12-08 22:17:01 - root - INFO - [FINAL TEST DEBUG] Batch 556: unique predictions: [ 2  4  5  6  9 10 11 12]
2025-12-08 22:17:01 - root - INFO - [FINAL TEST DEBUG] Batch 556: unique labels: [-100    6    8]
2025-12-08 22:17:01 - root - INFO - [FINAL TEST DEBUG] Batch 556: loss: 3.0193
2025-12-08 22:17:01 - root - INFO - [FINAL TEST DEBUG] Processing batch 557
2025-12-08 22:17:02 - root - INFO - [FINAL TEST DEBUG] Batch 557: unique predictions: [ 2  4  5  8  9 10 11 12]
2025-12-08 22:17:02 - root - INFO - [FINAL TEST DEBUG] Batch 557: unique labels: [-100    7    8   10]
2025-12-08 22:17:02 - root - INFO - [FINAL TEST DEBUG] Batch 557: loss: 4.7024
2025-12-08 22:17:02 - root - INFO - [FINAL TEST DEBUG] Processing batch 558
2025-12-08 22:17:02 - root - INFO - [FINAL TEST DEBUG] Batch 558: unique predictions: [ 2  4  5 12]
2025-12-08 22:17:02 - root - INFO - [FINAL TEST DEBUG] Batch 558: unique labels: [-100    6    8]
2025-12-08 22:17:02 - root - INFO - [FINAL TEST DEBUG] Batch 558: loss: 4.4353
2025-12-08 22:17:02 - root - INFO - [FINAL TEST DEBUG] Processing batch 559
2025-12-08 22:17:02 - root - INFO - [FINAL TEST DEBUG] Batch 559: unique predictions: [ 2  4  5  6  7  8 10 11 12]
2025-12-08 22:17:02 - root - INFO - [FINAL TEST DEBUG] Batch 559: unique labels: [-100    7    8   13]
2025-12-08 22:17:02 - root - INFO - [FINAL TEST DEBUG] Batch 559: loss: 3.4314
2025-12-08 22:17:02 - root - INFO - [FINAL TEST DEBUG] Processing batch 560
2025-12-08 22:17:03 - root - INFO - [FINAL TEST DEBUG] Batch 560: unique predictions: [ 2  4  5  8  9 10 11 12 14]
2025-12-08 22:17:03 - root - INFO - [FINAL TEST DEBUG] Batch 560: unique labels: [-100    8]
2025-12-08 22:17:03 - root - INFO - [FINAL TEST DEBUG] Batch 560: loss: 4.0600
2025-12-08 22:17:03 - root - INFO - [FINAL TEST DEBUG] Processing batch 561
2025-12-08 22:17:03 - root - INFO - [FINAL TEST DEBUG] Batch 561: unique predictions: [ 2  4  5  8 10 11 12]
2025-12-08 22:17:03 - root - INFO - [FINAL TEST DEBUG] Batch 561: unique labels: [-100    6    8   11]
2025-12-08 22:17:03 - root - INFO - [FINAL TEST DEBUG] Batch 561: loss: 4.3385
2025-12-08 22:17:03 - root - INFO - [FINAL TEST DEBUG] Processing batch 562
2025-12-08 22:17:03 - root - INFO - [FINAL TEST DEBUG] Batch 562: unique predictions: [ 2  4  5  7  8  9 10 11 12]
2025-12-08 22:17:03 - root - INFO - [FINAL TEST DEBUG] Batch 562: unique labels: [-100    6   10   11]
2025-12-08 22:17:03 - root - INFO - [FINAL TEST DEBUG] Batch 562: loss: 3.8076
2025-12-08 22:17:03 - root - INFO - [FINAL TEST DEBUG] Processing batch 563
2025-12-08 22:17:03 - root - INFO - [FINAL TEST DEBUG] Batch 563: unique predictions: [ 2  4  5  8  9 10 11 12]
2025-12-08 22:17:03 - root - INFO - [FINAL TEST DEBUG] Batch 563: unique labels: [-100   10   11   13]
2025-12-08 22:17:03 - root - INFO - [FINAL TEST DEBUG] Batch 563: loss: 3.5130
2025-12-08 22:17:03 - root - INFO - [FINAL TEST DEBUG] Processing batch 564
2025-12-08 22:17:04 - root - INFO - [FINAL TEST DEBUG] Batch 564: unique predictions: [ 2  4  7  8 10 11 12]
2025-12-08 22:17:04 - root - INFO - [FINAL TEST DEBUG] Batch 564: unique labels: [-100    6    7    8   11]
2025-12-08 22:17:04 - root - INFO - [FINAL TEST DEBUG] Batch 564: loss: 2.9684
2025-12-08 22:17:04 - root - INFO - [FINAL TEST DEBUG] Processing batch 565
2025-12-08 22:17:04 - root - INFO - [FINAL TEST DEBUG] Batch 565: unique predictions: [ 2  4  5  7  8  9 10 11 12]
2025-12-08 22:17:04 - root - INFO - [FINAL TEST DEBUG] Batch 565: unique labels: [-100   11]
2025-12-08 22:17:04 - root - INFO - [FINAL TEST DEBUG] Batch 565: loss: 4.8272
2025-12-08 22:17:04 - root - INFO - [FINAL TEST DEBUG] Processing batch 566
2025-12-08 22:17:04 - root - INFO - [FINAL TEST DEBUG] Batch 566: unique predictions: [ 2  4  5  7  8  9 11 12]
2025-12-08 22:17:04 - root - INFO - [FINAL TEST DEBUG] Batch 566: unique labels: [-100    6    8   11]
2025-12-08 22:17:04 - root - INFO - [FINAL TEST DEBUG] Batch 566: loss: 2.8158
2025-12-08 22:17:04 - root - INFO - [FINAL TEST DEBUG] Processing batch 567
2025-12-08 22:17:04 - root - INFO - [FINAL TEST DEBUG] Batch 567: unique predictions: [ 2  4  6  9 10 11 12]
2025-12-08 22:17:04 - root - INFO - [FINAL TEST DEBUG] Batch 567: unique labels: [-100    6    8   11]
2025-12-08 22:17:04 - root - INFO - [FINAL TEST DEBUG] Batch 567: loss: 2.7098
2025-12-08 22:17:04 - root - INFO - [FINAL TEST DEBUG] Processing batch 568
2025-12-08 22:17:05 - root - INFO - [FINAL TEST DEBUG] Batch 568: unique predictions: [ 2  4  5  7  8  9 10 11 12]
2025-12-08 22:17:05 - root - INFO - [FINAL TEST DEBUG] Batch 568: unique labels: [-100    6    8]
2025-12-08 22:17:05 - root - INFO - [FINAL TEST DEBUG] Batch 568: loss: 3.1580
2025-12-08 22:17:05 - root - INFO - [FINAL TEST DEBUG] Processing batch 569
2025-12-08 22:17:05 - root - INFO - [FINAL TEST DEBUG] Batch 569: unique predictions: [ 2  4  5  7  8  9 10 11 12]
2025-12-08 22:17:05 - root - INFO - [FINAL TEST DEBUG] Batch 569: unique labels: [-100    8   11]
2025-12-08 22:17:05 - root - INFO - [FINAL TEST DEBUG] Batch 569: loss: 3.7711
2025-12-08 22:17:05 - root - INFO - [FINAL TEST DEBUG] Processing batch 570
2025-12-08 22:17:05 - root - INFO - [FINAL TEST DEBUG] Batch 570: unique predictions: [ 2  4  8  9 10 11 12]
2025-12-08 22:17:05 - root - INFO - [FINAL TEST DEBUG] Batch 570: unique labels: [-100    6    8   11]
2025-12-08 22:17:05 - root - INFO - [FINAL TEST DEBUG] Batch 570: loss: 3.7107
2025-12-08 22:17:05 - root - INFO - [FINAL TEST DEBUG] Processing batch 571
2025-12-08 22:17:06 - root - INFO - [FINAL TEST DEBUG] Batch 571: unique predictions: [ 2  4  5  7  9 10 11 12]
2025-12-08 22:17:06 - root - INFO - [FINAL TEST DEBUG] Batch 571: unique labels: [-100    6   11]
2025-12-08 22:17:06 - root - INFO - [FINAL TEST DEBUG] Batch 571: loss: 3.2273
2025-12-08 22:17:06 - root - INFO - [FINAL TEST DEBUG] Processing batch 572
2025-12-08 22:17:06 - root - INFO - [FINAL TEST DEBUG] Batch 572: unique predictions: [ 2  4  5  7  8 11 12]
2025-12-08 22:17:06 - root - INFO - [FINAL TEST DEBUG] Batch 572: unique labels: [-100    8   11]
2025-12-08 22:17:06 - root - INFO - [FINAL TEST DEBUG] Batch 572: loss: 2.8124
2025-12-08 22:17:06 - root - INFO - [FINAL TEST DEBUG] Processing batch 573
2025-12-08 22:17:06 - root - INFO - [FINAL TEST DEBUG] Batch 573: unique predictions: [ 2  4  5  6  8  9 10 11 12]
2025-12-08 22:17:06 - root - INFO - [FINAL TEST DEBUG] Batch 573: unique labels: [-100    6    8]
2025-12-08 22:17:06 - root - INFO - [FINAL TEST DEBUG] Batch 573: loss: 2.9642
2025-12-08 22:17:06 - root - INFO - [FINAL TEST DEBUG] Processing batch 574
2025-12-08 22:17:06 - root - INFO - [FINAL TEST DEBUG] Batch 574: unique predictions: [ 2  4  9 11 12]
2025-12-08 22:17:06 - root - INFO - [FINAL TEST DEBUG] Batch 574: unique labels: [-100    6    7   10]
2025-12-08 22:17:06 - root - INFO - [FINAL TEST DEBUG] Batch 574: loss: 3.0100
2025-12-08 22:17:06 - root - INFO - [FINAL TEST DEBUG] Processing batch 575
2025-12-08 22:17:07 - root - INFO - [FINAL TEST DEBUG] Batch 575: unique predictions: [ 2  4  8  9 10 11 12]
2025-12-08 22:17:07 - root - INFO - [FINAL TEST DEBUG] Batch 575: unique labels: [-100    6    7   10]
2025-12-08 22:17:07 - root - INFO - [FINAL TEST DEBUG] Batch 575: loss: 2.8700
2025-12-08 22:17:07 - root - INFO - [FINAL TEST DEBUG] Processing batch 576
2025-12-08 22:17:07 - root - INFO - [FINAL TEST DEBUG] Batch 576: unique predictions: [ 2  4  5 11 12]
2025-12-08 22:17:07 - root - INFO - [FINAL TEST DEBUG] Batch 576: unique labels: [-100    6    8]
2025-12-08 22:17:07 - root - INFO - [FINAL TEST DEBUG] Batch 576: loss: 3.7022
2025-12-08 22:17:07 - root - INFO - [FINAL TEST DEBUG] Processing batch 577
2025-12-08 22:17:07 - root - INFO - [FINAL TEST DEBUG] Batch 577: unique predictions: [ 2  4  5  9 11 12]
2025-12-08 22:17:07 - root - INFO - [FINAL TEST DEBUG] Batch 577: unique labels: [-100    6    8   11]
2025-12-08 22:17:07 - root - INFO - [FINAL TEST DEBUG] Batch 577: loss: 3.0535
2025-12-08 22:17:07 - root - INFO - [FINAL TEST DEBUG] Processing batch 578
2025-12-08 22:17:08 - root - INFO - [FINAL TEST DEBUG] Batch 578: unique predictions: [ 2  4  5  8  9 11 12]
2025-12-08 22:17:08 - root - INFO - [FINAL TEST DEBUG] Batch 578: unique labels: [-100    6   11]
2025-12-08 22:17:08 - root - INFO - [FINAL TEST DEBUG] Batch 578: loss: 4.1629
2025-12-08 22:17:08 - root - INFO - [FINAL TEST DEBUG] Processing batch 579
2025-12-08 22:17:08 - root - INFO - [FINAL TEST DEBUG] Batch 579: unique predictions: [ 2  4  5  7  8  9 10 11 12]
2025-12-08 22:17:08 - root - INFO - [FINAL TEST DEBUG] Batch 579: unique labels: [-100    6   10   11]
2025-12-08 22:17:08 - root - INFO - [FINAL TEST DEBUG] Batch 579: loss: 3.3114
2025-12-08 22:17:08 - root - INFO - [FINAL TEST DEBUG] Processing batch 580
2025-12-08 22:17:08 - root - INFO - [FINAL TEST DEBUG] Batch 580: unique predictions: [ 2  4  5  7  8  9 10 11 12]
2025-12-08 22:17:08 - root - INFO - [FINAL TEST DEBUG] Batch 580: unique labels: [-100    7    8   13]
2025-12-08 22:17:08 - root - INFO - [FINAL TEST DEBUG] Batch 580: loss: 3.8086
2025-12-08 22:17:08 - root - INFO - [FINAL TEST DEBUG] Processing batch 581
2025-12-08 22:17:09 - root - INFO - [FINAL TEST DEBUG] Batch 581: unique predictions: [ 2  4  5  7  8 10 11 12]
2025-12-08 22:17:09 - root - INFO - [FINAL TEST DEBUG] Batch 581: unique labels: [-100    7    8   13]
2025-12-08 22:17:09 - root - INFO - [FINAL TEST DEBUG] Batch 581: loss: 3.6049
2025-12-08 22:17:09 - root - INFO - [FINAL TEST DEBUG] Processing batch 582
2025-12-08 22:17:09 - root - INFO - [FINAL TEST DEBUG] Batch 582: unique predictions: [ 2  4  5  8 10 11 12]
2025-12-08 22:17:09 - root - INFO - [FINAL TEST DEBUG] Batch 582: unique labels: [-100    7    8   10]
2025-12-08 22:17:09 - root - INFO - [FINAL TEST DEBUG] Batch 582: loss: 4.6148
2025-12-08 22:17:09 - root - INFO - [FINAL TEST DEBUG] Processing batch 583
2025-12-08 22:17:09 - root - INFO - [FINAL TEST DEBUG] Batch 583: unique predictions: [ 2  4  6  7  8  9 10 11 12]
2025-12-08 22:17:09 - root - INFO - [FINAL TEST DEBUG] Batch 583: unique labels: [-100    6   10]
2025-12-08 22:17:09 - root - INFO - [FINAL TEST DEBUG] Batch 583: loss: 3.3522
2025-12-08 22:17:09 - root - INFO - [FINAL TEST DEBUG] Processing batch 584
2025-12-08 22:17:10 - root - INFO - [FINAL TEST DEBUG] Batch 584: unique predictions: [ 2  4  5  6  7  8 10 11 12]
2025-12-08 22:17:10 - root - INFO - [FINAL TEST DEBUG] Batch 584: unique labels: [-100    7   10   13]
2025-12-08 22:17:10 - root - INFO - [FINAL TEST DEBUG] Batch 584: loss: 3.6172
2025-12-08 22:17:10 - root - INFO - [FINAL TEST DEBUG] Processing batch 585
2025-12-08 22:17:10 - root - INFO - [FINAL TEST DEBUG] Batch 585: unique predictions: [ 2  4  5  7  8  9 10 11 12]
2025-12-08 22:17:10 - root - INFO - [FINAL TEST DEBUG] Batch 585: unique labels: [-100    6    8]
2025-12-08 22:17:10 - root - INFO - [FINAL TEST DEBUG] Batch 585: loss: 2.6571
2025-12-08 22:17:10 - root - INFO - [FINAL TEST DEBUG] Processing batch 586
2025-12-08 22:17:10 - root - INFO - [FINAL TEST DEBUG] Batch 586: unique predictions: [ 2  4  5  7  8 10 11 12]
2025-12-08 22:17:10 - root - INFO - [FINAL TEST DEBUG] Batch 586: unique labels: [-100    8]
2025-12-08 22:17:10 - root - INFO - [FINAL TEST DEBUG] Batch 586: loss: 3.0766
2025-12-08 22:17:10 - root - INFO - [FINAL TEST DEBUG] Processing batch 587
2025-12-08 22:17:11 - root - INFO - [FINAL TEST DEBUG] Batch 587: unique predictions: [ 2  3  4  5  6  7  8  9 10 11 12]
2025-12-08 22:17:11 - root - INFO - [FINAL TEST DEBUG] Batch 587: unique labels: [-100    6    7    8   13]
2025-12-08 22:17:11 - root - INFO - [FINAL TEST DEBUG] Batch 587: loss: 3.4031
2025-12-08 22:17:11 - root - INFO - [FINAL TEST DEBUG] Processing batch 588
2025-12-08 22:17:11 - root - INFO - [FINAL TEST DEBUG] Batch 588: unique predictions: [ 2  4  5  6  8 10 11 12]
2025-12-08 22:17:11 - root - INFO - [FINAL TEST DEBUG] Batch 588: unique labels: [-100   10   13]
2025-12-08 22:17:11 - root - INFO - [FINAL TEST DEBUG] Batch 588: loss: 5.2626
2025-12-08 22:17:11 - root - INFO - [FINAL TEST DEBUG] Processing batch 589
2025-12-08 22:17:11 - root - INFO - [FINAL TEST DEBUG] Batch 589: unique predictions: [ 2  4  6  8 10 11 12]
2025-12-08 22:17:11 - root - INFO - [FINAL TEST DEBUG] Batch 589: unique labels: [-100    8   11]
2025-12-08 22:17:11 - root - INFO - [FINAL TEST DEBUG] Batch 589: loss: 5.0909
2025-12-08 22:17:11 - root - INFO - [FINAL TEST DEBUG] Processing batch 590
2025-12-08 22:17:12 - root - INFO - [FINAL TEST DEBUG] Batch 590: unique predictions: [ 2  4  5  6  8 10 11 12]
2025-12-08 22:17:12 - root - INFO - [FINAL TEST DEBUG] Batch 590: unique labels: [-100    8   11]
2025-12-08 22:17:12 - root - INFO - [FINAL TEST DEBUG] Batch 590: loss: 3.4953
2025-12-08 22:17:12 - root - INFO - [FINAL TEST DEBUG] Processing batch 591
2025-12-08 22:17:12 - root - INFO - [FINAL TEST DEBUG] Batch 591: unique predictions: [ 2  4  5  8  9 10 11 12]
2025-12-08 22:17:12 - root - INFO - [FINAL TEST DEBUG] Batch 591: unique labels: [-100    7    8   13]
2025-12-08 22:17:12 - root - INFO - [FINAL TEST DEBUG] Batch 591: loss: 4.1716
2025-12-08 22:17:12 - root - INFO - [FINAL TEST DEBUG] Processing batch 592
2025-12-08 22:17:12 - root - INFO - [FINAL TEST DEBUG] Batch 592: unique predictions: [ 2  4  6  8  9 10 11 12]
2025-12-08 22:17:12 - root - INFO - [FINAL TEST DEBUG] Batch 592: unique labels: [-100    8   13]
2025-12-08 22:17:12 - root - INFO - [FINAL TEST DEBUG] Batch 592: loss: 3.7255
2025-12-08 22:17:12 - root - INFO - [FINAL TEST DEBUG] Processing batch 593
2025-12-08 22:17:12 - root - INFO - [FINAL TEST DEBUG] Batch 593: unique predictions: [ 2  4  5  6  7  8  9 10 11 12 13 14]
2025-12-08 22:17:12 - root - INFO - [FINAL TEST DEBUG] Batch 593: unique labels: [-100    8]
2025-12-08 22:17:12 - root - INFO - [FINAL TEST DEBUG] Batch 593: loss: 3.0746
2025-12-08 22:17:12 - root - INFO - [FINAL TEST DEBUG] Processing batch 594
2025-12-08 22:17:13 - root - INFO - [FINAL TEST DEBUG] Batch 594: unique predictions: [ 2  4  5  9 10 11 12]
2025-12-08 22:17:13 - root - INFO - [FINAL TEST DEBUG] Batch 594: unique labels: [-100    6    8   11]
2025-12-08 22:17:13 - root - INFO - [FINAL TEST DEBUG] Batch 594: loss: 2.7903
2025-12-08 22:17:13 - root - INFO - [FINAL TEST DEBUG] Processing batch 595
2025-12-08 22:17:13 - root - INFO - [FINAL TEST DEBUG] Batch 595: unique predictions: [ 2  4  5  8  9 11 12]
2025-12-08 22:17:13 - root - INFO - [FINAL TEST DEBUG] Batch 595: unique labels: [-100    6    8]
2025-12-08 22:17:13 - root - INFO - [FINAL TEST DEBUG] Batch 595: loss: 3.8717
2025-12-08 22:17:13 - root - INFO - [FINAL TEST DEBUG] Processing batch 596
2025-12-08 22:17:14 - root - INFO - [FINAL TEST DEBUG] Batch 596: unique predictions: [ 2  4  5  8  9 10 11 12]
2025-12-08 22:17:14 - root - INFO - [FINAL TEST DEBUG] Batch 596: unique labels: [-100    6    8   11]
2025-12-08 22:17:14 - root - INFO - [FINAL TEST DEBUG] Batch 596: loss: 3.5300
2025-12-08 22:17:14 - root - INFO - [FINAL TEST DEBUG] Processing batch 597
2025-12-08 22:17:14 - root - INFO - [FINAL TEST DEBUG] Batch 597: unique predictions: [ 2  4  5  8 10 11 12]
2025-12-08 22:17:14 - root - INFO - [FINAL TEST DEBUG] Batch 597: unique labels: [-100    8   11]
2025-12-08 22:17:14 - root - INFO - [FINAL TEST DEBUG] Batch 597: loss: 2.9247
2025-12-08 22:17:14 - root - INFO - [FINAL TEST DEBUG] Processing batch 598
2025-12-08 22:17:14 - root - INFO - [FINAL TEST DEBUG] Batch 598: unique predictions: [ 2  4  5 12]
2025-12-08 22:17:14 - root - INFO - [FINAL TEST DEBUG] Batch 598: unique labels: [-100    6    7   13]
2025-12-08 22:17:14 - root - INFO - [FINAL TEST DEBUG] Batch 598: loss: 3.9426
2025-12-08 22:17:14 - root - INFO - [FINAL TEST DEBUG] Processing batch 599
2025-12-08 22:17:15 - root - INFO - [FINAL TEST DEBUG] Batch 599: unique predictions: [ 2  4  5  8  9 10 11 12]
2025-12-08 22:17:15 - root - INFO - [FINAL TEST DEBUG] Batch 599: unique labels: [-100    7    8   10   13]
2025-12-08 22:17:15 - root - INFO - [FINAL TEST DEBUG] Batch 599: loss: 3.7607
2025-12-08 22:17:15 - root - INFO - [FINAL TEST DEBUG] Processing batch 600
2025-12-08 22:17:15 - root - INFO - [FINAL TEST DEBUG] Batch 600: unique predictions: [ 2  4  5  6  8  9 10 11 12]
2025-12-08 22:17:15 - root - INFO - [FINAL TEST DEBUG] Batch 600: unique labels: [-100    6    8]
2025-12-08 22:17:15 - root - INFO - [FINAL TEST DEBUG] Batch 600: loss: 3.0660
2025-12-08 22:17:15 - root - INFO - [FINAL TEST DEBUG] Processing batch 601
2025-12-08 22:17:15 - root - INFO - [FINAL TEST DEBUG] Batch 601: unique predictions: [ 2  4  5  6  7 10 11 12]
2025-12-08 22:17:15 - root - INFO - [FINAL TEST DEBUG] Batch 601: unique labels: [-100   10   11   13]
2025-12-08 22:17:15 - root - INFO - [FINAL TEST DEBUG] Batch 601: loss: 3.1971
2025-12-08 22:17:15 - root - INFO - [FINAL TEST DEBUG] Processing batch 602
2025-12-08 22:17:15 - root - INFO - [FINAL TEST DEBUG] Batch 602: unique predictions: [ 2  4  5  6  7  8 10 11 12]
2025-12-08 22:17:15 - root - INFO - [FINAL TEST DEBUG] Batch 602: unique labels: [-100    6   11   13]
2025-12-08 22:17:15 - root - INFO - [FINAL TEST DEBUG] Batch 602: loss: 3.3470
2025-12-08 22:17:15 - root - INFO - [FINAL TEST DEBUG] Processing batch 603
2025-12-08 22:17:16 - root - INFO - [FINAL TEST DEBUG] Batch 603: unique predictions: [ 2  4  5  7  8 10 11 12]
2025-12-08 22:17:16 - root - INFO - [FINAL TEST DEBUG] Batch 603: unique labels: [-100    6    8   11   13]
2025-12-08 22:17:16 - root - INFO - [FINAL TEST DEBUG] Batch 603: loss: 3.2649
2025-12-08 22:17:16 - root - INFO - [FINAL TEST DEBUG] Processing batch 604
2025-12-08 22:17:16 - root - INFO - [FINAL TEST DEBUG] Batch 604: unique predictions: [ 2  4  5  6  7  8  9 10 11 12]
2025-12-08 22:17:16 - root - INFO - [FINAL TEST DEBUG] Batch 604: unique labels: [-100   10   13]
2025-12-08 22:17:16 - root - INFO - [FINAL TEST DEBUG] Batch 604: loss: 3.0539
2025-12-08 22:17:16 - root - INFO - [FINAL TEST DEBUG] Processing batch 605
2025-12-08 22:17:16 - root - INFO - [FINAL TEST DEBUG] Batch 605: unique predictions: [ 2  4  5  6  8  9 10 11 12]
2025-12-08 22:17:16 - root - INFO - [FINAL TEST DEBUG] Batch 605: unique labels: [-100    8   11   13]
2025-12-08 22:17:16 - root - INFO - [FINAL TEST DEBUG] Batch 605: loss: 3.4614
2025-12-08 22:17:16 - root - INFO - [FINAL TEST DEBUG] Processing batch 606
2025-12-08 22:17:16 - root - INFO - [FINAL TEST DEBUG] Batch 606: unique predictions: [ 2  4  5  7  8  9 10 11 12]
2025-12-08 22:17:16 - root - INFO - [FINAL TEST DEBUG] Batch 606: unique labels: [-100    7   10   13]
2025-12-08 22:17:16 - root - INFO - [FINAL TEST DEBUG] Batch 606: loss: 3.0269
2025-12-08 22:17:16 - root - INFO - [FINAL TEST DEBUG] Processing batch 607
2025-12-08 22:17:17 - root - INFO - [FINAL TEST DEBUG] Batch 607: unique predictions: [ 2  4  5  7  8  9 10 11 12]
2025-12-08 22:17:17 - root - INFO - [FINAL TEST DEBUG] Batch 607: unique labels: [-100   10   11   13]
2025-12-08 22:17:17 - root - INFO - [FINAL TEST DEBUG] Batch 607: loss: 3.8549
2025-12-08 22:17:17 - root - INFO - [FINAL TEST DEBUG] Processing batch 608
2025-12-08 22:17:17 - root - INFO - [FINAL TEST DEBUG] Batch 608: unique predictions: [ 2  4  5  7  8 10 11 12]
2025-12-08 22:17:17 - root - INFO - [FINAL TEST DEBUG] Batch 608: unique labels: [-100   10   11   13]
2025-12-08 22:17:17 - root - INFO - [FINAL TEST DEBUG] Batch 608: loss: 3.6491
2025-12-08 22:17:17 - root - INFO - [FINAL TEST DEBUG] Processing batch 609
2025-12-08 22:17:17 - root - INFO - [FINAL TEST DEBUG] Batch 609: unique predictions: [ 2  4  5  8  9 10 11 12]
2025-12-08 22:17:17 - root - INFO - [FINAL TEST DEBUG] Batch 609: unique labels: [-100   10   11   13]
2025-12-08 22:17:17 - root - INFO - [FINAL TEST DEBUG] Batch 609: loss: 3.5981
2025-12-08 22:17:17 - root - INFO - [FINAL TEST DEBUG] Processing batch 610
2025-12-08 22:17:17 - root - INFO - [FINAL TEST DEBUG] Batch 610: unique predictions: [ 2  4  5  6  8 10 12]
2025-12-08 22:17:17 - root - INFO - [FINAL TEST DEBUG] Batch 610: unique labels: [-100   10   11   13]
2025-12-08 22:17:17 - root - INFO - [FINAL TEST DEBUG] Batch 610: loss: 3.0346
2025-12-08 22:17:17 - root - INFO - [FINAL TEST DEBUG] Processing batch 611
2025-12-08 22:17:18 - root - INFO - [FINAL TEST DEBUG] Batch 611: unique predictions: [ 2  4  5  8  9 10 11 12]
2025-12-08 22:17:18 - root - INFO - [FINAL TEST DEBUG] Batch 611: unique labels: [-100   11   13]
2025-12-08 22:17:18 - root - INFO - [FINAL TEST DEBUG] Batch 611: loss: 3.6076
2025-12-08 22:17:18 - root - INFO - [FINAL TEST DEBUG] Processing batch 612
2025-12-08 22:17:18 - root - INFO - [FINAL TEST DEBUG] Batch 612: unique predictions: [ 2  4  5  6  8 10 11 12]
2025-12-08 22:17:18 - root - INFO - [FINAL TEST DEBUG] Batch 612: unique labels: [-100    7   10   11   13]
2025-12-08 22:17:18 - root - INFO - [FINAL TEST DEBUG] Batch 612: loss: 3.4077
2025-12-08 22:17:18 - root - INFO - [FINAL TEST DEBUG] Processing batch 613
2025-12-08 22:17:18 - root - INFO - [FINAL TEST DEBUG] Batch 613: unique predictions: [ 2  4  5  6  7  8  9 10 11 12]
2025-12-08 22:17:18 - root - INFO - [FINAL TEST DEBUG] Batch 613: unique labels: [-100    7    8   13]
2025-12-08 22:17:18 - root - INFO - [FINAL TEST DEBUG] Batch 613: loss: 3.2136
2025-12-08 22:17:18 - root - INFO - [FINAL TEST DEBUG] Processing batch 614
2025-12-08 22:17:19 - root - INFO - [FINAL TEST DEBUG] Batch 614: unique predictions: [ 2  4  5  6  7  8  9 10 11 12]
2025-12-08 22:17:19 - root - INFO - [FINAL TEST DEBUG] Batch 614: unique labels: [-100    7   10   13]
2025-12-08 22:17:19 - root - INFO - [FINAL TEST DEBUG] Batch 614: loss: 3.5519
2025-12-08 22:17:19 - root - INFO - [FINAL TEST DEBUG] Processing batch 615
2025-12-08 22:17:19 - root - INFO - [FINAL TEST DEBUG] Batch 615: unique predictions: [ 2  4  5  8 10 11 12]
2025-12-08 22:17:19 - root - INFO - [FINAL TEST DEBUG] Batch 615: unique labels: [-100    6   11   13]
2025-12-08 22:17:19 - root - INFO - [FINAL TEST DEBUG] Batch 615: loss: 3.7492
2025-12-08 22:17:19 - root - INFO - [FINAL TEST DEBUG] Processing batch 616
2025-12-08 22:17:19 - root - INFO - [FINAL TEST DEBUG] Batch 616: unique predictions: [ 2  4  5  7  8  9 10 11 12]
2025-12-08 22:17:19 - root - INFO - [FINAL TEST DEBUG] Batch 616: unique labels: [-100    8   11]
2025-12-08 22:17:19 - root - INFO - [FINAL TEST DEBUG] Batch 616: loss: 3.7326
2025-12-08 22:17:19 - root - INFO - [FINAL TEST DEBUG] Processing batch 617
2025-12-08 22:17:20 - root - INFO - [FINAL TEST DEBUG] Batch 617: unique predictions: [ 2  4  5  7  8  9 10 11 12]
2025-12-08 22:17:20 - root - INFO - [FINAL TEST DEBUG] Batch 617: unique labels: [-100    6    8]
2025-12-08 22:17:20 - root - INFO - [FINAL TEST DEBUG] Batch 617: loss: 3.3299
2025-12-08 22:17:20 - root - INFO - [FINAL TEST DEBUG] Processing batch 618
2025-12-08 22:17:20 - root - INFO - [FINAL TEST DEBUG] Batch 618: unique predictions: [ 2  4  5  6  7  8 10 11 12]
2025-12-08 22:17:20 - root - INFO - [FINAL TEST DEBUG] Batch 618: unique labels: [-100    6    8   11]
2025-12-08 22:17:20 - root - INFO - [FINAL TEST DEBUG] Batch 618: loss: 3.1102
2025-12-08 22:17:20 - root - INFO - [FINAL TEST DEBUG] Processing batch 619
2025-12-08 22:17:21 - root - INFO - [FINAL TEST DEBUG] Batch 619: unique predictions: [ 2  4  5  6  8 10 11 12 14]
2025-12-08 22:17:21 - root - INFO - [FINAL TEST DEBUG] Batch 619: unique labels: [-100    7    8   13]
2025-12-08 22:17:21 - root - INFO - [FINAL TEST DEBUG] Batch 619: loss: 3.1434
2025-12-08 22:17:21 - root - INFO - [FINAL TEST DEBUG] Processing batch 620
2025-12-08 22:17:21 - root - INFO - [FINAL TEST DEBUG] Batch 620: unique predictions: [ 2  4  5  8 10 11 12]
2025-12-08 22:17:21 - root - INFO - [FINAL TEST DEBUG] Batch 620: unique labels: [-100    8   11   13]
2025-12-08 22:17:21 - root - INFO - [FINAL TEST DEBUG] Batch 620: loss: 3.5486
2025-12-08 22:17:21 - root - INFO - [FINAL TEST DEBUG] Processing batch 621
2025-12-08 22:17:21 - root - INFO - [FINAL TEST DEBUG] Batch 621: unique predictions: [ 2  4  5  7  8 10 11 12]
2025-12-08 22:17:21 - root - INFO - [FINAL TEST DEBUG] Batch 621: unique labels: [-100    6    7    8]
2025-12-08 22:17:21 - root - INFO - [FINAL TEST DEBUG] Batch 621: loss: 3.0333
2025-12-08 22:17:21 - root - INFO - [FINAL TEST DEBUG] Processing batch 622
2025-12-08 22:17:22 - root - INFO - [FINAL TEST DEBUG] Batch 622: unique predictions: [ 2  7  8  9 10 11 12]
2025-12-08 22:17:22 - root - INFO - [FINAL TEST DEBUG] Batch 622: unique labels: [-100   10   11   13]
2025-12-08 22:17:22 - root - INFO - [FINAL TEST DEBUG] Batch 622: loss: 2.5248
2025-12-08 22:17:22 - root - INFO - [FINAL TEST DEBUG] Processing batch 623
2025-12-08 22:17:22 - root - INFO - [FINAL TEST DEBUG] Batch 623: unique predictions: [ 2  4  5  8  9 11 12]
2025-12-08 22:17:22 - root - INFO - [FINAL TEST DEBUG] Batch 623: unique labels: [-100    6    7    8]
2025-12-08 22:17:22 - root - INFO - [FINAL TEST DEBUG] Batch 623: loss: 3.7982
2025-12-08 22:17:22 - root - INFO - [FINAL TEST DEBUG] Processing batch 624
2025-12-08 22:17:22 - root - INFO - [FINAL TEST DEBUG] Batch 624: unique predictions: [ 2  4  5  8 10 11 12]
2025-12-08 22:17:22 - root - INFO - [FINAL TEST DEBUG] Batch 624: unique labels: [-100    6    8   11]
2025-12-08 22:17:22 - root - INFO - [FINAL TEST DEBUG] Batch 624: loss: 3.8076
2025-12-08 22:17:22 - root - INFO - [FINAL TEST DEBUG] Processing batch 625
2025-12-08 22:17:22 - root - INFO - [FINAL TEST DEBUG] Batch 625: unique predictions: [ 2  4  6  7  8  9 10 11 12]
2025-12-08 22:17:22 - root - INFO - [FINAL TEST DEBUG] Batch 625: unique labels: [-100    6   11]
2025-12-08 22:17:22 - root - INFO - [FINAL TEST DEBUG] Batch 625: loss: 2.7801
2025-12-08 22:17:22 - root - INFO - [FINAL TEST DEBUG] Processing batch 626
2025-12-08 22:17:23 - root - INFO - [FINAL TEST DEBUG] Batch 626: unique predictions: [ 2  4  7  8  9 10 11 12]
2025-12-08 22:17:23 - root - INFO - [FINAL TEST DEBUG] Batch 626: unique labels: [-100   11]
2025-12-08 22:17:23 - root - INFO - [FINAL TEST DEBUG] Batch 626: loss: 4.1156
2025-12-08 22:17:23 - root - INFO - [FINAL TEST DEBUG] Processing batch 627
2025-12-08 22:17:23 - root - INFO - [FINAL TEST DEBUG] Batch 627: unique predictions: [ 2  4  5  6  9 10 11 12]
2025-12-08 22:17:23 - root - INFO - [FINAL TEST DEBUG] Batch 627: unique labels: [-100    6    8]
2025-12-08 22:17:23 - root - INFO - [FINAL TEST DEBUG] Batch 627: loss: 3.2444
2025-12-08 22:17:23 - root - INFO - [FINAL TEST DEBUG] Processing batch 628
2025-12-08 22:17:23 - root - INFO - [FINAL TEST DEBUG] Batch 628: unique predictions: [ 2  4  5  6  7  8  9 10 11 12]
2025-12-08 22:17:23 - root - INFO - [FINAL TEST DEBUG] Batch 628: unique labels: [-100   11]
2025-12-08 22:17:23 - root - INFO - [FINAL TEST DEBUG] Batch 628: loss: 2.2949
2025-12-08 22:17:23 - root - INFO - [FINAL TEST DEBUG] Processing batch 629
2025-12-08 22:17:24 - root - INFO - [FINAL TEST DEBUG] Batch 629: unique predictions: [ 2  4 10 12]
2025-12-08 22:17:24 - root - INFO - [FINAL TEST DEBUG] Batch 629: unique labels: [-100    6    8   11]
2025-12-08 22:17:24 - root - INFO - [FINAL TEST DEBUG] Batch 629: loss: 3.2491
2025-12-08 22:17:24 - root - INFO - [FINAL TEST DEBUG] Processing batch 630
2025-12-08 22:17:24 - root - INFO - [FINAL TEST DEBUG] Batch 630: unique predictions: [ 2  4  5  8  9 10 11 12]
2025-12-08 22:17:24 - root - INFO - [FINAL TEST DEBUG] Batch 630: unique labels: [-100   10   11   13]
2025-12-08 22:17:24 - root - INFO - [FINAL TEST DEBUG] Batch 630: loss: 3.5452
2025-12-08 22:17:24 - root - INFO - [FINAL TEST DEBUG] Processing batch 631
2025-12-08 22:17:24 - root - INFO - [FINAL TEST DEBUG] Batch 631: unique predictions: [ 2  4  5  8  9 10 11 12]
2025-12-08 22:17:24 - root - INFO - [FINAL TEST DEBUG] Batch 631: unique labels: [-100   10   11   13]
2025-12-08 22:17:24 - root - INFO - [FINAL TEST DEBUG] Batch 631: loss: 3.4951
2025-12-08 22:17:24 - root - INFO - [FINAL TEST DEBUG] Processing batch 632
2025-12-08 22:17:25 - root - INFO - [FINAL TEST DEBUG] Batch 632: unique predictions: [ 2  4  5  6  8 10 11 12 15]
2025-12-08 22:17:25 - root - INFO - [FINAL TEST DEBUG] Batch 632: unique labels: [-100   10   11   13]
2025-12-08 22:17:25 - root - INFO - [FINAL TEST DEBUG] Batch 632: loss: 2.8584
2025-12-08 22:17:25 - root - INFO - [FINAL TEST DEBUG] Processing batch 633
2025-12-08 22:17:25 - root - INFO - [FINAL TEST DEBUG] Batch 633: unique predictions: [ 2  4  5  8  9 10 11 12]
2025-12-08 22:17:25 - root - INFO - [FINAL TEST DEBUG] Batch 633: unique labels: [-100    7   10   11   13]
2025-12-08 22:17:25 - root - INFO - [FINAL TEST DEBUG] Batch 633: loss: 3.0811
2025-12-08 22:17:25 - root - INFO - [FINAL TEST DEBUG] Processing batch 634
2025-12-08 22:17:25 - root - INFO - [FINAL TEST DEBUG] Batch 634: unique predictions: [ 2  4  5  6  7  8  9 10 11 12]
2025-12-08 22:17:25 - root - INFO - [FINAL TEST DEBUG] Batch 634: unique labels: [-100    6   11   13]
2025-12-08 22:17:25 - root - INFO - [FINAL TEST DEBUG] Batch 634: loss: 2.9485
2025-12-08 22:17:25 - root - INFO - [FINAL TEST DEBUG] Processing batch 635
2025-12-08 22:17:26 - root - INFO - [FINAL TEST DEBUG] Batch 635: unique predictions: [ 2  4  5 12]
2025-12-08 22:17:26 - root - INFO - [FINAL TEST DEBUG] Batch 635: unique labels: [-100    6   11   13]
2025-12-08 22:17:26 - root - INFO - [FINAL TEST DEBUG] Batch 635: loss: 3.5186
2025-12-08 22:17:26 - root - INFO - [FINAL TEST DEBUG] Processing batch 636
2025-12-08 22:17:26 - root - INFO - [FINAL TEST DEBUG] Batch 636: unique predictions: [ 2  4  5  7  8 10 11 12]
2025-12-08 22:17:26 - root - INFO - [FINAL TEST DEBUG] Batch 636: unique labels: [-100    6    8   11]
2025-12-08 22:17:26 - root - INFO - [FINAL TEST DEBUG] Batch 636: loss: 3.3565
2025-12-08 22:17:26 - root - INFO - [FINAL TEST DEBUG] Processing batch 637
2025-12-08 22:17:26 - root - INFO - [FINAL TEST DEBUG] Batch 637: unique predictions: [ 2  4  7  8  9 10 11 12]
2025-12-08 22:17:26 - root - INFO - [FINAL TEST DEBUG] Batch 637: unique labels: [-100    6   10   11   13]
2025-12-08 22:17:26 - root - INFO - [FINAL TEST DEBUG] Batch 637: loss: 3.7436
2025-12-08 22:17:26 - root - INFO - [FINAL TEST DEBUG] Processing batch 638
2025-12-08 22:17:26 - root - INFO - [FINAL TEST DEBUG] Batch 638: unique predictions: [ 2  4  5  6  7  8  9 11 12]
2025-12-08 22:17:26 - root - INFO - [FINAL TEST DEBUG] Batch 638: unique labels: [-100   11]
2025-12-08 22:17:26 - root - INFO - [FINAL TEST DEBUG] Batch 638: loss: 4.1288
2025-12-08 22:17:26 - root - INFO - [FINAL TEST DEBUG] Processing batch 639
2025-12-08 22:17:27 - root - INFO - [FINAL TEST DEBUG] Batch 639: unique predictions: [ 2  4  5  7  8  9 10 11 12]
2025-12-08 22:17:27 - root - INFO - [FINAL TEST DEBUG] Batch 639: unique labels: [-100   10   11]
2025-12-08 22:17:27 - root - INFO - [FINAL TEST DEBUG] Batch 639: loss: 2.2730
2025-12-08 22:17:27 - root - INFO - [FINAL TEST DEBUG] Processing batch 640
2025-12-08 22:17:27 - root - INFO - [FINAL TEST DEBUG] Batch 640: unique predictions: [ 2  4  5  8  9 10 11 12]
2025-12-08 22:17:27 - root - INFO - [FINAL TEST DEBUG] Batch 640: unique labels: [-100   10   13]
2025-12-08 22:17:27 - root - INFO - [FINAL TEST DEBUG] Batch 640: loss: 3.1320
2025-12-08 22:17:27 - root - INFO - [FINAL TEST DEBUG] Processing batch 641
2025-12-08 22:17:27 - root - INFO - [FINAL TEST DEBUG] Batch 641: unique predictions: [ 2  4  5  6  8  9 10 11 12 15]
2025-12-08 22:17:27 - root - INFO - [FINAL TEST DEBUG] Batch 641: unique labels: [-100   11]
2025-12-08 22:17:27 - root - INFO - [FINAL TEST DEBUG] Batch 641: loss: 2.7381
2025-12-08 22:17:27 - root - INFO - [FINAL TEST DEBUG] Processing batch 642
2025-12-08 22:17:28 - root - INFO - [FINAL TEST DEBUG] Batch 642: unique predictions: [ 2  4  5  8  9 10 11 12]
2025-12-08 22:17:28 - root - INFO - [FINAL TEST DEBUG] Batch 642: unique labels: [-100   10   11   13]
2025-12-08 22:17:28 - root - INFO - [FINAL TEST DEBUG] Batch 642: loss: 4.0791
2025-12-08 22:17:28 - root - INFO - [FINAL TEST DEBUG] Processing batch 643
2025-12-08 22:17:28 - root - INFO - [FINAL TEST DEBUG] Batch 643: unique predictions: [ 2  4  5  7  8 10 11 12]
2025-12-08 22:17:28 - root - INFO - [FINAL TEST DEBUG] Batch 643: unique labels: [-100   10   11   13]
2025-12-08 22:17:28 - root - INFO - [FINAL TEST DEBUG] Batch 643: loss: 4.0300
2025-12-08 22:17:28 - root - INFO - [FINAL TEST DEBUG] Processing batch 644
2025-12-08 22:17:28 - root - INFO - [FINAL TEST DEBUG] Batch 644: unique predictions: [ 2  4  5 11 12]
2025-12-08 22:17:28 - root - INFO - [FINAL TEST DEBUG] Batch 644: unique labels: [-100    6    8   11]
2025-12-08 22:17:28 - root - INFO - [FINAL TEST DEBUG] Batch 644: loss: 3.1583
2025-12-08 22:17:28 - root - INFO - [FINAL TEST DEBUG] Processing batch 645
2025-12-08 22:17:28 - root - INFO - [FINAL TEST DEBUG] Batch 645: unique predictions: [ 2  4  5  7  8  9 10 11 12]
2025-12-08 22:17:28 - root - INFO - [FINAL TEST DEBUG] Batch 645: unique labels: [-100    6    8   11]
2025-12-08 22:17:28 - root - INFO - [FINAL TEST DEBUG] Batch 645: loss: 2.8639
2025-12-08 22:17:28 - root - INFO - [FINAL TEST DEBUG] Processing batch 646
2025-12-08 22:17:29 - root - INFO - [FINAL TEST DEBUG] Batch 646: unique predictions: [ 2  4  5  8  9 10 11 12]
2025-12-08 22:17:29 - root - INFO - [FINAL TEST DEBUG] Batch 646: unique labels: [-100    6   10]
2025-12-08 22:17:29 - root - INFO - [FINAL TEST DEBUG] Batch 646: loss: 2.9159
2025-12-08 22:17:29 - root - INFO - [FINAL TEST DEBUG] Processing batch 647
2025-12-08 22:17:29 - root - INFO - [FINAL TEST DEBUG] Batch 647: unique predictions: [ 2  4  7  8  9 10 11 12]
2025-12-08 22:17:29 - root - INFO - [FINAL TEST DEBUG] Batch 647: unique labels: [-100    7   10]
2025-12-08 22:17:29 - root - INFO - [FINAL TEST DEBUG] Batch 647: loss: 2.7409
2025-12-08 22:17:29 - root - INFO - [FINAL TEST DEBUG] Processing batch 648
2025-12-08 22:17:29 - root - INFO - [FINAL TEST DEBUG] Batch 648: unique predictions: [ 2  4  5  8  9 10 11 12 13]
2025-12-08 22:17:29 - root - INFO - [FINAL TEST DEBUG] Batch 648: unique labels: [-100    7   11   13]
2025-12-08 22:17:29 - root - INFO - [FINAL TEST DEBUG] Batch 648: loss: 3.5277
2025-12-08 22:17:29 - root - INFO - [FINAL TEST DEBUG] Processing batch 649
2025-12-08 22:17:29 - root - INFO - [FINAL TEST DEBUG] Batch 649: unique predictions: [ 2  4  5  8 10 11 12]
2025-12-08 22:17:29 - root - INFO - [FINAL TEST DEBUG] Batch 649: unique labels: [-100   10   11   13]
2025-12-08 22:17:29 - root - INFO - [FINAL TEST DEBUG] Batch 649: loss: 3.4699
2025-12-08 22:17:29 - root - INFO - [FINAL TEST DEBUG] Processing batch 650
2025-12-08 22:17:30 - root - INFO - [FINAL TEST DEBUG] Batch 650: unique predictions: [ 2  4  5 12]
2025-12-08 22:17:30 - root - INFO - [FINAL TEST DEBUG] Batch 650: unique labels: [-100    1   10   11   13]
2025-12-08 22:17:30 - root - INFO - [FINAL TEST DEBUG] Batch 650: loss: 3.1322
2025-12-08 22:17:30 - root - INFO - [FINAL TEST DEBUG] Processing batch 651
2025-12-08 22:17:30 - root - INFO - [FINAL TEST DEBUG] Batch 651: unique predictions: [ 2  4  5 12]
2025-12-08 22:17:30 - root - INFO - [FINAL TEST DEBUG] Batch 651: unique labels: [-100    3    4]
2025-12-08 22:17:30 - root - INFO - [FINAL TEST DEBUG] Batch 651: loss: 1.4874
2025-12-08 22:17:30 - root - INFO - [FINAL TEST DEBUG] Processing batch 652
2025-12-08 22:17:30 - root - INFO - [FINAL TEST DEBUG] Batch 652: unique predictions: [ 2  4  5 12]
2025-12-08 22:17:30 - root - INFO - [FINAL TEST DEBUG] Batch 652: unique labels: [-100    2    3    4]
2025-12-08 22:17:30 - root - INFO - [FINAL TEST DEBUG] Batch 652: loss: 1.3311
2025-12-08 22:17:30 - root - INFO - [FINAL TEST DEBUG] Processing batch 653
2025-12-08 22:17:30 - root - INFO - [FINAL TEST DEBUG] Batch 653: unique predictions: [ 2  4  5 12]
2025-12-08 22:17:30 - root - INFO - [FINAL TEST DEBUG] Batch 653: unique labels: [-100    2    4]
2025-12-08 22:17:30 - root - INFO - [FINAL TEST DEBUG] Batch 653: loss: 0.5973
2025-12-08 22:17:30 - root - INFO - [FINAL TEST DEBUG] Processing batch 654
2025-12-08 22:17:31 - root - INFO - [FINAL TEST DEBUG] Batch 654: unique predictions: [ 2  4  5 12]
2025-12-08 22:17:31 - root - INFO - [FINAL TEST DEBUG] Batch 654: unique labels: [-100    2    3    4]
2025-12-08 22:17:31 - root - INFO - [FINAL TEST DEBUG] Batch 654: loss: 1.4867
2025-12-08 22:17:31 - root - INFO - [FINAL TEST DEBUG] Processing batch 655
2025-12-08 22:17:31 - root - INFO - [FINAL TEST DEBUG] Batch 655: unique predictions: [ 2  4  5 12]
2025-12-08 22:17:31 - root - INFO - [FINAL TEST DEBUG] Batch 655: unique labels: [-100    1    2    4]
2025-12-08 22:17:31 - root - INFO - [FINAL TEST DEBUG] Batch 655: loss: 2.2801
2025-12-08 22:17:31 - root - INFO - [FINAL TEST DEBUG] Processing batch 656
2025-12-08 22:17:31 - root - INFO - [FINAL TEST DEBUG] Batch 656: unique predictions: [ 2  4  5 12]
2025-12-08 22:17:31 - root - INFO - [FINAL TEST DEBUG] Batch 656: unique labels: [-100    3    4]
2025-12-08 22:17:31 - root - INFO - [FINAL TEST DEBUG] Batch 656: loss: 1.0468
2025-12-08 22:17:31 - root - INFO - [FINAL TEST DEBUG] Processing batch 657
2025-12-08 22:17:31 - root - INFO - [FINAL TEST DEBUG] Batch 657: unique predictions: [ 2  4  5 12]
2025-12-08 22:17:31 - root - INFO - [FINAL TEST DEBUG] Batch 657: unique labels: [-100    1    3    4]
2025-12-08 22:17:31 - root - INFO - [FINAL TEST DEBUG] Batch 657: loss: 4.8332
2025-12-08 22:17:31 - root - INFO - [FINAL TEST DEBUG] Processing batch 658
2025-12-08 22:17:32 - root - INFO - [FINAL TEST DEBUG] Batch 658: unique predictions: [ 2  4  5 12]
2025-12-08 22:17:32 - root - INFO - [FINAL TEST DEBUG] Batch 658: unique labels: [-100    1    2    4]
2025-12-08 22:17:32 - root - INFO - [FINAL TEST DEBUG] Batch 658: loss: 3.0029
2025-12-08 22:17:32 - root - INFO - [FINAL TEST DEBUG] Processing batch 659
2025-12-08 22:17:32 - root - INFO - [FINAL TEST DEBUG] Batch 659: unique predictions: [ 2  4  5 12]
2025-12-08 22:17:32 - root - INFO - [FINAL TEST DEBUG] Batch 659: unique labels: [-100    1    4]
2025-12-08 22:17:32 - root - INFO - [FINAL TEST DEBUG] Batch 659: loss: 5.3598
2025-12-08 22:17:32 - root - INFO - [FINAL TEST DEBUG] Processing batch 660
2025-12-08 22:17:32 - root - INFO - [FINAL TEST DEBUG] Batch 660: unique predictions: [ 2  4  5 10 11 12]
2025-12-08 22:17:32 - root - INFO - [FINAL TEST DEBUG] Batch 660: unique labels: [-100    1    4]
2025-12-08 22:17:32 - root - INFO - [FINAL TEST DEBUG] Batch 660: loss: 2.6033
2025-12-08 22:17:32 - root - INFO - [FINAL TEST DEBUG] Processing batch 661
2025-12-08 22:17:33 - root - INFO - [FINAL TEST DEBUG] Batch 661: unique predictions: [ 2  4  5 12]
2025-12-08 22:17:33 - root - INFO - [FINAL TEST DEBUG] Batch 661: unique labels: [-100    3    4]
2025-12-08 22:17:33 - root - INFO - [FINAL TEST DEBUG] Batch 661: loss: 3.4026
2025-12-08 22:17:33 - root - INFO - [FINAL TEST DEBUG] Processing batch 662
2025-12-08 22:17:33 - root - INFO - [FINAL TEST DEBUG] Batch 662: unique predictions: [ 2  4  5 12]
2025-12-08 22:17:33 - root - INFO - [FINAL TEST DEBUG] Batch 662: unique labels: [-100    4]
2025-12-08 22:17:33 - root - INFO - [FINAL TEST DEBUG] Batch 662: loss: 0.5885
2025-12-08 22:17:33 - root - INFO - [FINAL TEST DEBUG] Processing batch 663
2025-12-08 22:17:33 - root - INFO - [FINAL TEST DEBUG] Batch 663: unique predictions: [ 2  4  5 12]
2025-12-08 22:17:33 - root - INFO - [FINAL TEST DEBUG] Batch 663: unique labels: [-100    3    4]
2025-12-08 22:17:33 - root - INFO - [FINAL TEST DEBUG] Batch 663: loss: 1.0329
2025-12-08 22:17:33 - root - INFO - [FINAL TEST DEBUG] Processing batch 664
2025-12-08 22:17:33 - root - INFO - [FINAL TEST DEBUG] Batch 664: unique predictions: [ 2  4  5 12]
2025-12-08 22:17:33 - root - INFO - [FINAL TEST DEBUG] Batch 664: unique labels: [-100    3    4]
2025-12-08 22:17:33 - root - INFO - [FINAL TEST DEBUG] Batch 664: loss: 3.3044
2025-12-08 22:17:33 - root - INFO - [FINAL TEST DEBUG] Processing batch 665
2025-12-08 22:17:34 - root - INFO - [FINAL TEST DEBUG] Batch 665: unique predictions: [ 2  4  5 12]
2025-12-08 22:17:34 - root - INFO - [FINAL TEST DEBUG] Batch 665: unique labels: [-100    3    4]
2025-12-08 22:17:34 - root - INFO - [FINAL TEST DEBUG] Batch 665: loss: 0.7717
2025-12-08 22:17:34 - root - INFO - [FINAL TEST DEBUG] Processing batch 666
2025-12-08 22:17:34 - root - INFO - [FINAL TEST DEBUG] Batch 666: unique predictions: [ 2  4  5 12]
2025-12-08 22:17:34 - root - INFO - [FINAL TEST DEBUG] Batch 666: unique labels: [-100    1    4]
2025-12-08 22:17:34 - root - INFO - [FINAL TEST DEBUG] Batch 666: loss: 1.3995
2025-12-08 22:17:34 - root - INFO - [FINAL TEST DEBUG] Processing batch 667
2025-12-08 22:17:34 - root - INFO - [FINAL TEST DEBUG] Batch 667: unique predictions: [ 2  4  5 12]
2025-12-08 22:17:34 - root - INFO - [FINAL TEST DEBUG] Batch 667: unique labels: [-100    2    3]
2025-12-08 22:17:34 - root - INFO - [FINAL TEST DEBUG] Batch 667: loss: 2.3518
2025-12-08 22:17:34 - root - INFO - [FINAL TEST DEBUG] Processing batch 668
2025-12-08 22:17:34 - root - INFO - [FINAL TEST DEBUG] Batch 668: unique predictions: [ 2  4  5 12]
2025-12-08 22:17:34 - root - INFO - [FINAL TEST DEBUG] Batch 668: unique labels: [-100    1    4]
2025-12-08 22:17:34 - root - INFO - [FINAL TEST DEBUG] Batch 668: loss: 3.6959
2025-12-08 22:17:34 - root - INFO - [FINAL TEST DEBUG] Processing batch 669
2025-12-08 22:17:35 - root - INFO - [FINAL TEST DEBUG] Batch 669: unique predictions: [ 2  4  5 12]
2025-12-08 22:17:35 - root - INFO - [FINAL TEST DEBUG] Batch 669: unique labels: [-100    3    4]
2025-12-08 22:17:35 - root - INFO - [FINAL TEST DEBUG] Batch 669: loss: 1.3395
2025-12-08 22:17:35 - root - INFO - [FINAL TEST DEBUG] Processing batch 670
2025-12-08 22:17:35 - root - INFO - [FINAL TEST DEBUG] Batch 670: unique predictions: [ 2  4  5 11 12]
2025-12-08 22:17:35 - root - INFO - [FINAL TEST DEBUG] Batch 670: unique labels: [-100    3    4]
2025-12-08 22:17:35 - root - INFO - [FINAL TEST DEBUG] Batch 670: loss: 3.0944
2025-12-08 22:17:35 - root - INFO - [FINAL TEST DEBUG] Processing batch 671
2025-12-08 22:17:35 - root - INFO - [FINAL TEST DEBUG] Batch 671: unique predictions: [ 2  4  5 12]
2025-12-08 22:17:35 - root - INFO - [FINAL TEST DEBUG] Batch 671: unique labels: [-100    1    2    4]
2025-12-08 22:17:35 - root - INFO - [FINAL TEST DEBUG] Batch 671: loss: 2.1328
2025-12-08 22:17:35 - root - INFO - [FINAL TEST DEBUG] Processing batch 672
2025-12-08 22:17:35 - root - INFO - [FINAL TEST DEBUG] Batch 672: unique predictions: [ 2  4  5 12]
2025-12-08 22:17:35 - root - INFO - [FINAL TEST DEBUG] Batch 672: unique labels: [-100    1    4]
2025-12-08 22:17:35 - root - INFO - [FINAL TEST DEBUG] Batch 672: loss: 4.9913
2025-12-08 22:17:35 - root - INFO - [FINAL TEST DEBUG] Processing batch 673
2025-12-08 22:17:36 - root - INFO - [FINAL TEST DEBUG] Batch 673: unique predictions: [ 2  4  5 12]
2025-12-08 22:17:36 - root - INFO - [FINAL TEST DEBUG] Batch 673: unique labels: [-100    1    2]
2025-12-08 22:17:36 - root - INFO - [FINAL TEST DEBUG] Batch 673: loss: 3.0067
2025-12-08 22:17:36 - root - INFO - [FINAL TEST DEBUG] Processing batch 674
2025-12-08 22:17:36 - root - INFO - [FINAL TEST DEBUG] Batch 674: unique predictions: [ 2  4  8 10 12]
2025-12-08 22:17:36 - root - INFO - [FINAL TEST DEBUG] Batch 674: unique labels: [-100    1    2    4]
2025-12-08 22:17:36 - root - INFO - [FINAL TEST DEBUG] Batch 674: loss: 1.6809
2025-12-08 22:17:36 - root - INFO - [FINAL TEST DEBUG] Processing batch 675
2025-12-08 22:17:36 - root - INFO - [FINAL TEST DEBUG] Batch 675: unique predictions: [ 2  4  5 12]
2025-12-08 22:17:36 - root - INFO - [FINAL TEST DEBUG] Batch 675: unique labels: [-100    1    3    4]
2025-12-08 22:17:36 - root - INFO - [FINAL TEST DEBUG] Batch 675: loss: 3.0629
2025-12-08 22:17:36 - root - INFO - [FINAL TEST DEBUG] Processing batch 676
2025-12-08 22:17:36 - root - INFO - [FINAL TEST DEBUG] Batch 676: unique predictions: [ 2  4  5 12]
2025-12-08 22:17:36 - root - INFO - [FINAL TEST DEBUG] Batch 676: unique labels: [-100    1    4]
2025-12-08 22:17:36 - root - INFO - [FINAL TEST DEBUG] Batch 676: loss: 2.1510
2025-12-08 22:17:36 - root - INFO - [FINAL TEST DEBUG] Processing batch 677
2025-12-08 22:17:37 - root - INFO - [FINAL TEST DEBUG] Batch 677: unique predictions: [ 2  4  5 12]
2025-12-08 22:17:37 - root - INFO - [FINAL TEST DEBUG] Batch 677: unique labels: [-100    1    2    4]
2025-12-08 22:17:37 - root - INFO - [FINAL TEST DEBUG] Batch 677: loss: 2.7687
2025-12-08 22:17:37 - root - INFO - [FINAL TEST DEBUG] Processing batch 678
2025-12-08 22:17:37 - root - INFO - [FINAL TEST DEBUG] Batch 678: unique predictions: [ 2  4  5 12]
2025-12-08 22:17:37 - root - INFO - [FINAL TEST DEBUG] Batch 678: unique labels: [-100    2    4]
2025-12-08 22:17:37 - root - INFO - [FINAL TEST DEBUG] Batch 678: loss: 1.1574
2025-12-08 22:17:37 - root - INFO - [FINAL TEST DEBUG] Processing batch 679
2025-12-08 22:17:37 - root - INFO - [FINAL TEST DEBUG] Batch 679: unique predictions: [ 2  4  5 12]
2025-12-08 22:17:37 - root - INFO - [FINAL TEST DEBUG] Batch 679: unique labels: [-100    1    2    4]
2025-12-08 22:17:37 - root - INFO - [FINAL TEST DEBUG] Batch 679: loss: 1.8497
2025-12-08 22:17:37 - root - INFO - [FINAL TEST DEBUG] Processing batch 680
2025-12-08 22:17:38 - root - INFO - [FINAL TEST DEBUG] Batch 680: unique predictions: [ 2  4  5 12]
2025-12-08 22:17:38 - root - INFO - [FINAL TEST DEBUG] Batch 680: unique labels: [-100    1    3    4]
2025-12-08 22:17:38 - root - INFO - [FINAL TEST DEBUG] Batch 680: loss: 2.7713
2025-12-08 22:17:38 - root - INFO - [FINAL TEST DEBUG] Processing batch 681
2025-12-08 22:17:38 - root - INFO - [FINAL TEST DEBUG] Batch 681: unique predictions: [ 2  4  5 12]
2025-12-08 22:17:38 - root - INFO - [FINAL TEST DEBUG] Batch 681: unique labels: [-100    2    3    4]
2025-12-08 22:17:38 - root - INFO - [FINAL TEST DEBUG] Batch 681: loss: 1.9933
2025-12-08 22:17:38 - root - INFO - [FINAL TEST DEBUG] Processing batch 682
2025-12-08 22:17:39 - root - INFO - [FINAL TEST DEBUG] Batch 682: unique predictions: [ 2  4  5 10 12]
2025-12-08 22:17:39 - root - INFO - [FINAL TEST DEBUG] Batch 682: unique labels: [-100    2    4]
2025-12-08 22:17:39 - root - INFO - [FINAL TEST DEBUG] Batch 682: loss: 0.7288
2025-12-08 22:17:39 - root - INFO - [FINAL TEST DEBUG] Processing batch 683
2025-12-08 22:17:39 - root - INFO - [FINAL TEST DEBUG] Batch 683: unique predictions: [ 2  4  5 12]
2025-12-08 22:17:39 - root - INFO - [FINAL TEST DEBUG] Batch 683: unique labels: [-100    1    2    4]
2025-12-08 22:17:39 - root - INFO - [FINAL TEST DEBUG] Batch 683: loss: 2.9318
2025-12-08 22:17:39 - root - INFO - [FINAL TEST DEBUG] Processing batch 684
2025-12-08 22:17:39 - root - INFO - [FINAL TEST DEBUG] Batch 684: unique predictions: [ 2  4  5 12]
2025-12-08 22:17:39 - root - INFO - [FINAL TEST DEBUG] Batch 684: unique labels: [-100    1    2    3    4]
2025-12-08 22:17:39 - root - INFO - [FINAL TEST DEBUG] Batch 684: loss: 2.6135
2025-12-08 22:17:39 - root - INFO - [FINAL TEST DEBUG] Processing batch 685
2025-12-08 22:17:39 - root - INFO - [FINAL TEST DEBUG] Batch 685: unique predictions: [ 2  4  5 12]
2025-12-08 22:17:39 - root - INFO - [FINAL TEST DEBUG] Batch 685: unique labels: [-100    1    2    3    4]
2025-12-08 22:17:39 - root - INFO - [FINAL TEST DEBUG] Batch 685: loss: 2.6868
2025-12-08 22:17:39 - root - INFO - [FINAL TEST DEBUG] Processing batch 686
2025-12-08 22:17:40 - root - INFO - [FINAL TEST DEBUG] Batch 686: unique predictions: [ 2  4  5 12]
2025-12-08 22:17:40 - root - INFO - [FINAL TEST DEBUG] Batch 686: unique labels: [-100    1    2    3]
2025-12-08 22:17:40 - root - INFO - [FINAL TEST DEBUG] Batch 686: loss: 4.2433
2025-12-08 22:17:40 - root - INFO - [FINAL TEST DEBUG] Processing batch 687
2025-12-08 22:17:40 - root - INFO - [FINAL TEST DEBUG] Batch 687: unique predictions: [ 2  4  5 12]
2025-12-08 22:17:40 - root - INFO - [FINAL TEST DEBUG] Batch 687: unique labels: [-100    2    3    4]
2025-12-08 22:17:40 - root - INFO - [FINAL TEST DEBUG] Batch 687: loss: 3.4277
2025-12-08 22:17:40 - root - INFO - [FINAL TEST DEBUG] Processing batch 688
2025-12-08 22:17:40 - root - INFO - [FINAL TEST DEBUG] Batch 688: unique predictions: [ 2  4  5 12]
2025-12-08 22:17:40 - root - INFO - [FINAL TEST DEBUG] Batch 688: unique labels: [-100    1    4]
2025-12-08 22:17:40 - root - INFO - [FINAL TEST DEBUG] Batch 688: loss: 2.0471
2025-12-08 22:17:40 - root - INFO - [FINAL TEST DEBUG] Processing batch 689
2025-12-08 22:17:40 - root - INFO - [FINAL TEST DEBUG] Batch 689: unique predictions: [ 2  4  5 12]
2025-12-08 22:17:40 - root - INFO - [FINAL TEST DEBUG] Batch 689: unique labels: [-100    1    2    3    4]
2025-12-08 22:17:40 - root - INFO - [FINAL TEST DEBUG] Batch 689: loss: 4.4143
2025-12-08 22:17:40 - root - INFO - [FINAL TEST DEBUG] Processing batch 690
2025-12-08 22:17:41 - root - INFO - [FINAL TEST DEBUG] Batch 690: unique predictions: [ 2  4  5 12]
2025-12-08 22:17:41 - root - INFO - [FINAL TEST DEBUG] Batch 690: unique labels: [-100    2    4]
2025-12-08 22:17:41 - root - INFO - [FINAL TEST DEBUG] Batch 690: loss: 0.7339
2025-12-08 22:17:41 - root - INFO - [FINAL TEST DEBUG] Processing batch 691
2025-12-08 22:17:41 - root - INFO - [FINAL TEST DEBUG] Batch 691: unique predictions: [ 2  4  5 12]
2025-12-08 22:17:41 - root - INFO - [FINAL TEST DEBUG] Batch 691: unique labels: [-100    1    3    4]
2025-12-08 22:17:41 - root - INFO - [FINAL TEST DEBUG] Batch 691: loss: 5.0862
2025-12-08 22:17:41 - root - INFO - [FINAL TEST DEBUG] Processing batch 692
2025-12-08 22:17:41 - root - INFO - [FINAL TEST DEBUG] Batch 692: unique predictions: [ 2  4  5 12]
2025-12-08 22:17:41 - root - INFO - [FINAL TEST DEBUG] Batch 692: unique labels: [-100    1    2    3]
2025-12-08 22:17:41 - root - INFO - [FINAL TEST DEBUG] Batch 692: loss: 5.2096
2025-12-08 22:17:41 - root - INFO - [FINAL TEST DEBUG] Processing batch 693
2025-12-08 22:17:41 - root - INFO - [FINAL TEST DEBUG] Batch 693: unique predictions: [ 2  4  5 12]
2025-12-08 22:17:41 - root - INFO - [FINAL TEST DEBUG] Batch 693: unique labels: [-100    1    4]
2025-12-08 22:17:41 - root - INFO - [FINAL TEST DEBUG] Batch 693: loss: 3.7207
2025-12-08 22:17:41 - root - INFO - [FINAL TEST DEBUG] Processing batch 694
2025-12-08 22:17:42 - root - INFO - [FINAL TEST DEBUG] Batch 694: unique predictions: [ 2  4  5 12]
2025-12-08 22:17:42 - root - INFO - [FINAL TEST DEBUG] Batch 694: unique labels: [-100    1    2    3    4]
2025-12-08 22:17:42 - root - INFO - [FINAL TEST DEBUG] Batch 694: loss: 3.6543
2025-12-08 22:17:42 - root - INFO - [FINAL TEST DEBUG] Processing batch 695
2025-12-08 22:17:42 - root - INFO - [FINAL TEST DEBUG] Batch 695: unique predictions: [ 2  4  5 12]
2025-12-08 22:17:42 - root - INFO - [FINAL TEST DEBUG] Batch 695: unique labels: [-100    1    2    4]
2025-12-08 22:17:42 - root - INFO - [FINAL TEST DEBUG] Batch 695: loss: 5.0040
2025-12-08 22:17:42 - root - INFO - [FINAL TEST DEBUG] Processing batch 696
2025-12-08 22:17:42 - root - INFO - [FINAL TEST DEBUG] Batch 696: unique predictions: [ 2  4  5 12]
2025-12-08 22:17:42 - root - INFO - [FINAL TEST DEBUG] Batch 696: unique labels: [-100    1    3    4]
2025-12-08 22:17:42 - root - INFO - [FINAL TEST DEBUG] Batch 696: loss: 2.0914
2025-12-08 22:17:42 - root - INFO - [FINAL TEST DEBUG] Processing batch 697
2025-12-08 22:17:42 - root - INFO - [FINAL TEST DEBUG] Batch 697: unique predictions: [ 2  4  5 12]
2025-12-08 22:17:42 - root - INFO - [FINAL TEST DEBUG] Batch 697: unique labels: [-100    1    4]
2025-12-08 22:17:42 - root - INFO - [FINAL TEST DEBUG] Batch 697: loss: 2.9520
2025-12-08 22:17:42 - root - INFO - [FINAL TEST DEBUG] Processing batch 698
2025-12-08 22:17:43 - root - INFO - [FINAL TEST DEBUG] Batch 698: unique predictions: [ 2  4  5 10 11 12]
2025-12-08 22:17:43 - root - INFO - [FINAL TEST DEBUG] Batch 698: unique labels: [-100    3    4]
2025-12-08 22:17:43 - root - INFO - [FINAL TEST DEBUG] Batch 698: loss: 2.3510
2025-12-08 22:17:43 - root - INFO - [FINAL TEST DEBUG] Processing batch 699
2025-12-08 22:17:43 - root - INFO - [FINAL TEST DEBUG] Batch 699: unique predictions: [ 2  4  5 12]
2025-12-08 22:17:43 - root - INFO - [FINAL TEST DEBUG] Batch 699: unique labels: [-100    1    3    4]
2025-12-08 22:17:43 - root - INFO - [FINAL TEST DEBUG] Batch 699: loss: 2.2071
2025-12-08 22:17:43 - root - INFO - [FINAL TEST DEBUG] Processing batch 700
2025-12-08 22:17:43 - root - INFO - [FINAL TEST DEBUG] Batch 700: unique predictions: [ 2  4  5 12]
2025-12-08 22:17:43 - root - INFO - [FINAL TEST DEBUG] Batch 700: unique labels: [-100    3    4]
2025-12-08 22:17:43 - root - INFO - [FINAL TEST DEBUG] Batch 700: loss: 2.5334
2025-12-08 22:17:43 - root - INFO - [FINAL TEST DEBUG] Processing batch 701
2025-12-08 22:17:44 - root - INFO - [FINAL TEST DEBUG] Batch 701: unique predictions: [ 2  4  5 12]
2025-12-08 22:17:44 - root - INFO - [FINAL TEST DEBUG] Batch 701: unique labels: [-100    1    3]
2025-12-08 22:17:44 - root - INFO - [FINAL TEST DEBUG] Batch 701: loss: 5.2107
2025-12-08 22:17:44 - root - INFO - [FINAL TEST DEBUG] Processing batch 702
2025-12-08 22:17:44 - root - INFO - [FINAL TEST DEBUG] Batch 702: unique predictions: [ 2  4  5 12]
2025-12-08 22:17:44 - root - INFO - [FINAL TEST DEBUG] Batch 702: unique labels: [-100    1    3    4]
2025-12-08 22:17:44 - root - INFO - [FINAL TEST DEBUG] Batch 702: loss: 2.7762
2025-12-08 22:17:44 - root - INFO - [FINAL TEST DEBUG] Processing batch 703
2025-12-08 22:17:44 - root - INFO - [FINAL TEST DEBUG] Batch 703: unique predictions: [ 2  4  5 12]
2025-12-08 22:17:44 - root - INFO - [FINAL TEST DEBUG] Batch 703: unique labels: [-100    1    3    4]
2025-12-08 22:17:44 - root - INFO - [FINAL TEST DEBUG] Batch 703: loss: 2.0354
2025-12-08 22:17:44 - root - INFO - [FINAL TEST DEBUG] Processing batch 704
2025-12-08 22:17:45 - root - INFO - [FINAL TEST DEBUG] Batch 704: unique predictions: [ 2  4  5 12]
2025-12-08 22:17:45 - root - INFO - [FINAL TEST DEBUG] Batch 704: unique labels: [-100    1    4]
2025-12-08 22:17:45 - root - INFO - [FINAL TEST DEBUG] Batch 704: loss: 2.4452
2025-12-08 22:17:45 - root - INFO - [FINAL TEST DEBUG] Processing batch 705
2025-12-08 22:17:45 - root - INFO - [FINAL TEST DEBUG] Batch 705: unique predictions: [ 2  4  5 12]
2025-12-08 22:17:45 - root - INFO - [FINAL TEST DEBUG] Batch 705: unique labels: [-100    1    3    4]
2025-12-08 22:17:45 - root - INFO - [FINAL TEST DEBUG] Batch 705: loss: 3.0039
2025-12-08 22:17:45 - root - INFO - [FINAL TEST DEBUG] Processing batch 706
2025-12-08 22:17:45 - root - INFO - [FINAL TEST DEBUG] Batch 706: unique predictions: [ 2  4  5 12]
2025-12-08 22:17:45 - root - INFO - [FINAL TEST DEBUG] Batch 706: unique labels: [-100    1    4]
2025-12-08 22:17:45 - root - INFO - [FINAL TEST DEBUG] Batch 706: loss: 2.8257
2025-12-08 22:17:45 - root - INFO - [FINAL TEST DEBUG] Processing batch 707
2025-12-08 22:17:45 - root - INFO - [FINAL TEST DEBUG] Batch 707: unique predictions: [ 2  4  5 12]
2025-12-08 22:17:45 - root - INFO - [FINAL TEST DEBUG] Batch 707: unique labels: [-100    1    4]
2025-12-08 22:17:45 - root - INFO - [FINAL TEST DEBUG] Batch 707: loss: 4.0345
2025-12-08 22:17:45 - root - INFO - [FINAL TEST DEBUG] Processing batch 708
2025-12-08 22:17:46 - root - INFO - [FINAL TEST DEBUG] Batch 708: unique predictions: [ 2  4  5 12]
2025-12-08 22:17:46 - root - INFO - [FINAL TEST DEBUG] Batch 708: unique labels: [-100    1    3    4]
2025-12-08 22:17:46 - root - INFO - [FINAL TEST DEBUG] Batch 708: loss: 4.4411
2025-12-08 22:17:46 - root - INFO - [FINAL TEST DEBUG] Processing batch 709
2025-12-08 22:17:46 - root - INFO - [FINAL TEST DEBUG] Batch 709: unique predictions: [ 2  4  5 12]
2025-12-08 22:17:46 - root - INFO - [FINAL TEST DEBUG] Batch 709: unique labels: [-100    2    3    4]
2025-12-08 22:17:46 - root - INFO - [FINAL TEST DEBUG] Batch 709: loss: 2.5211
2025-12-08 22:17:46 - root - INFO - [FINAL TEST DEBUG] Processing batch 710
2025-12-08 22:17:46 - root - INFO - [FINAL TEST DEBUG] Batch 710: unique predictions: [ 2  4  5 12]
2025-12-08 22:17:46 - root - INFO - [FINAL TEST DEBUG] Batch 710: unique labels: [-100    1    3    4]
2025-12-08 22:17:46 - root - INFO - [FINAL TEST DEBUG] Batch 710: loss: 4.0499
2025-12-08 22:17:46 - root - INFO - [FINAL TEST DEBUG] Processing batch 711
2025-12-08 22:17:46 - root - INFO - [FINAL TEST DEBUG] Batch 711: unique predictions: [ 2  4  5 12]
2025-12-08 22:17:46 - root - INFO - [FINAL TEST DEBUG] Batch 711: unique labels: [-100    1    3    4]
2025-12-08 22:17:46 - root - INFO - [FINAL TEST DEBUG] Batch 711: loss: 2.7891
2025-12-08 22:17:46 - root - INFO - [FINAL TEST DEBUG] Processing batch 712
2025-12-08 22:17:47 - root - INFO - [FINAL TEST DEBUG] Batch 712: unique predictions: [ 2  4  5 12]
2025-12-08 22:17:47 - root - INFO - [FINAL TEST DEBUG] Batch 712: unique labels: [-100    2    4]
2025-12-08 22:17:47 - root - INFO - [FINAL TEST DEBUG] Batch 712: loss: 1.3579
2025-12-08 22:17:47 - root - INFO - [FINAL TEST DEBUG] Processing batch 713
2025-12-08 22:17:47 - root - INFO - [FINAL TEST DEBUG] Batch 713: unique predictions: [ 2  4  5 12]
2025-12-08 22:17:47 - root - INFO - [FINAL TEST DEBUG] Batch 713: unique labels: [-100    1    4]
2025-12-08 22:17:47 - root - INFO - [FINAL TEST DEBUG] Batch 713: loss: 5.3644
2025-12-08 22:17:47 - root - INFO - [FINAL TEST DEBUG] Processing batch 714
2025-12-08 22:17:47 - root - INFO - [FINAL TEST DEBUG] Batch 714: unique predictions: [ 2  4  5 12]
2025-12-08 22:17:47 - root - INFO - [FINAL TEST DEBUG] Batch 714: unique labels: [-100    1    4]
2025-12-08 22:17:47 - root - INFO - [FINAL TEST DEBUG] Batch 714: loss: 1.7578
2025-12-08 22:17:47 - root - INFO - [FINAL TEST DEBUG] Processing batch 715
2025-12-08 22:17:47 - root - INFO - [FINAL TEST DEBUG] Batch 715: unique predictions: [ 2  4  5 12]
2025-12-08 22:17:47 - root - INFO - [FINAL TEST DEBUG] Batch 715: unique labels: [-100    2    4]
2025-12-08 22:17:47 - root - INFO - [FINAL TEST DEBUG] Batch 715: loss: 1.3863
2025-12-08 22:17:47 - root - INFO - [FINAL TEST DEBUG] Processing batch 716
2025-12-08 22:17:48 - root - INFO - [FINAL TEST DEBUG] Batch 716: unique predictions: [ 2  4  5 12]
2025-12-08 22:17:48 - root - INFO - [FINAL TEST DEBUG] Batch 716: unique labels: [-100    2    4]
2025-12-08 22:17:48 - root - INFO - [FINAL TEST DEBUG] Batch 716: loss: 1.4250
2025-12-08 22:17:48 - root - INFO - [FINAL TEST DEBUG] Processing batch 717
2025-12-08 22:17:48 - root - INFO - [FINAL TEST DEBUG] Batch 717: unique predictions: [ 2  4  5 12]
2025-12-08 22:17:48 - root - INFO - [FINAL TEST DEBUG] Batch 717: unique labels: [-100    4]
2025-12-08 22:17:48 - root - INFO - [FINAL TEST DEBUG] Batch 717: loss: 0.5900
2025-12-08 22:17:48 - root - INFO - [FINAL TEST DEBUG] Processing batch 718
2025-12-08 22:17:48 - root - INFO - [FINAL TEST DEBUG] Batch 718: unique predictions: [ 2  4  5 12]
2025-12-08 22:17:48 - root - INFO - [FINAL TEST DEBUG] Batch 718: unique labels: [-100    2    4]
2025-12-08 22:17:48 - root - INFO - [FINAL TEST DEBUG] Batch 718: loss: 1.1753
2025-12-08 22:17:48 - root - INFO - [FINAL TEST DEBUG] Processing batch 719
2025-12-08 22:17:49 - root - INFO - [FINAL TEST DEBUG] Batch 719: unique predictions: [ 2  4  5 12]
2025-12-08 22:17:49 - root - INFO - [FINAL TEST DEBUG] Batch 719: unique labels: [-100    2    4]
2025-12-08 22:17:49 - root - INFO - [FINAL TEST DEBUG] Batch 719: loss: 0.7226
2025-12-08 22:17:49 - root - INFO - [FINAL TEST DEBUG] Processing batch 720
2025-12-08 22:17:49 - root - INFO - [FINAL TEST DEBUG] Batch 720: unique predictions: [ 2  4  5 12]
2025-12-08 22:17:49 - root - INFO - [FINAL TEST DEBUG] Batch 720: unique labels: [-100    2    4]
2025-12-08 22:17:49 - root - INFO - [FINAL TEST DEBUG] Batch 720: loss: 0.5906
2025-12-08 22:17:49 - root - INFO - [FINAL TEST DEBUG] Processing batch 721
2025-12-08 22:17:49 - root - INFO - [FINAL TEST DEBUG] Batch 721: unique predictions: [ 2  4  5 12]
2025-12-08 22:17:49 - root - INFO - [FINAL TEST DEBUG] Batch 721: unique labels: [-100    1    2    4]
2025-12-08 22:17:49 - root - INFO - [FINAL TEST DEBUG] Batch 721: loss: 1.9139
2025-12-08 22:17:49 - root - INFO - [FINAL TEST DEBUG] Processing batch 722
2025-12-08 22:17:49 - root - INFO - [FINAL TEST DEBUG] Batch 722: unique predictions: [ 2  4  5 12]
2025-12-08 22:17:49 - root - INFO - [FINAL TEST DEBUG] Batch 722: unique labels: [-100    1    2    4]
2025-12-08 22:17:49 - root - INFO - [FINAL TEST DEBUG] Batch 722: loss: 0.9746
2025-12-08 22:17:49 - root - INFO - [FINAL TEST DEBUG] Processing batch 723
2025-12-08 22:17:50 - root - INFO - [FINAL TEST DEBUG] Batch 723: unique predictions: [ 2  4  5 12]
2025-12-08 22:17:50 - root - INFO - [FINAL TEST DEBUG] Batch 723: unique labels: [-100    2    4]
2025-12-08 22:17:50 - root - INFO - [FINAL TEST DEBUG] Batch 723: loss: 1.8365
2025-12-08 22:17:50 - root - INFO - [FINAL TEST DEBUG] Processing batch 724
2025-12-08 22:17:50 - root - INFO - [FINAL TEST DEBUG] Batch 724: unique predictions: [ 2  4  5 10 12]
2025-12-08 22:17:50 - root - INFO - [FINAL TEST DEBUG] Batch 724: unique labels: [-100    3    4]
2025-12-08 22:17:50 - root - INFO - [FINAL TEST DEBUG] Batch 724: loss: 0.9992
2025-12-08 22:17:50 - root - INFO - [FINAL TEST DEBUG] Processing batch 725
2025-12-08 22:17:50 - root - INFO - [FINAL TEST DEBUG] Batch 725: unique predictions: [ 2  4  5 10 11 12]
2025-12-08 22:17:50 - root - INFO - [FINAL TEST DEBUG] Batch 725: unique labels: [-100    2    4]
2025-12-08 22:17:50 - root - INFO - [FINAL TEST DEBUG] Batch 725: loss: 1.2009
2025-12-08 22:17:50 - root - INFO - [FINAL TEST DEBUG] Processing batch 726
2025-12-08 22:17:50 - root - INFO - [FINAL TEST DEBUG] Batch 726: unique predictions: [ 2  4  5 12]
2025-12-08 22:17:50 - root - INFO - [FINAL TEST DEBUG] Batch 726: unique labels: [-100    2    4]
2025-12-08 22:17:50 - root - INFO - [FINAL TEST DEBUG] Batch 726: loss: 0.7967
2025-12-08 22:17:50 - root - INFO - [FINAL TEST DEBUG] Processing batch 727
2025-12-08 22:17:51 - root - INFO - [FINAL TEST DEBUG] Batch 727: unique predictions: [ 2  4  5 12]
2025-12-08 22:17:51 - root - INFO - [FINAL TEST DEBUG] Batch 727: unique labels: [-100    3    4]
2025-12-08 22:17:51 - root - INFO - [FINAL TEST DEBUG] Batch 727: loss: 4.0743
2025-12-08 22:17:51 - root - INFO - [FINAL TEST DEBUG] Processing batch 728
2025-12-08 22:17:51 - root - INFO - [FINAL TEST DEBUG] Batch 728: unique predictions: [ 2  4  5 12]
2025-12-08 22:17:51 - root - INFO - [FINAL TEST DEBUG] Batch 728: unique labels: [-100    2    3    4]
2025-12-08 22:17:51 - root - INFO - [FINAL TEST DEBUG] Batch 728: loss: 1.7480
2025-12-08 22:17:51 - root - INFO - [FINAL TEST DEBUG] Processing batch 729
2025-12-08 22:17:51 - root - INFO - [FINAL TEST DEBUG] Batch 729: unique predictions: [ 2  4  5 12]
2025-12-08 22:17:51 - root - INFO - [FINAL TEST DEBUG] Batch 729: unique labels: [-100    2    3]
2025-12-08 22:17:51 - root - INFO - [FINAL TEST DEBUG] Batch 729: loss: 1.7741
2025-12-08 22:17:51 - root - INFO - [FINAL TEST DEBUG] Processing batch 730
2025-12-08 22:17:52 - root - INFO - [FINAL TEST DEBUG] Batch 730: unique predictions: [ 2  4  5 12]
2025-12-08 22:17:52 - root - INFO - [FINAL TEST DEBUG] Batch 730: unique labels: [-100    2    3]
2025-12-08 22:17:52 - root - INFO - [FINAL TEST DEBUG] Batch 730: loss: 3.6364
2025-12-08 22:17:52 - root - INFO - [FINAL TEST DEBUG] Processing batch 731
2025-12-08 22:17:52 - root - INFO - [FINAL TEST DEBUG] Batch 731: unique predictions: [ 2  4  5 12]
2025-12-08 22:17:52 - root - INFO - [FINAL TEST DEBUG] Batch 731: unique labels: [-100    2    3]
2025-12-08 22:17:52 - root - INFO - [FINAL TEST DEBUG] Batch 731: loss: 3.6488
2025-12-08 22:17:52 - root - INFO - [FINAL TEST DEBUG] Processing batch 732
2025-12-08 22:17:52 - root - INFO - [FINAL TEST DEBUG] Batch 732: unique predictions: [ 2  4  5 12]
2025-12-08 22:17:52 - root - INFO - [FINAL TEST DEBUG] Batch 732: unique labels: [-100    2    3]
2025-12-08 22:17:52 - root - INFO - [FINAL TEST DEBUG] Batch 732: loss: 2.2815
2025-12-08 22:17:52 - root - INFO - [FINAL TEST DEBUG] Processing batch 733
2025-12-08 22:17:52 - root - INFO - [FINAL TEST DEBUG] Batch 733: unique predictions: [ 2  4  5 12]
2025-12-08 22:17:52 - root - INFO - [FINAL TEST DEBUG] Batch 733: unique labels: [-100    2    3]
2025-12-08 22:17:52 - root - INFO - [FINAL TEST DEBUG] Batch 733: loss: 3.3469
2025-12-08 22:17:52 - root - INFO - [FINAL TEST DEBUG] Processing batch 734
2025-12-08 22:17:53 - root - INFO - [FINAL TEST DEBUG] Batch 734: unique predictions: [ 2  4  5 12]
2025-12-08 22:17:53 - root - INFO - [FINAL TEST DEBUG] Batch 734: unique labels: [-100    1    2    3]
2025-12-08 22:17:53 - root - INFO - [FINAL TEST DEBUG] Batch 734: loss: 4.6702
2025-12-08 22:17:53 - root - INFO - [FINAL TEST DEBUG] Processing batch 735
2025-12-08 22:17:53 - root - INFO - [FINAL TEST DEBUG] Batch 735: unique predictions: [ 2  4  5 12]
2025-12-08 22:17:53 - root - INFO - [FINAL TEST DEBUG] Batch 735: unique labels: [-100    1    4]
2025-12-08 22:17:53 - root - INFO - [FINAL TEST DEBUG] Batch 735: loss: 2.0547
2025-12-08 22:17:53 - root - INFO - [FINAL TEST DEBUG] Processing batch 736
2025-12-08 22:17:53 - root - INFO - [FINAL TEST DEBUG] Batch 736: unique predictions: [ 2  4  5 12]
2025-12-08 22:17:53 - root - INFO - [FINAL TEST DEBUG] Batch 736: unique labels: [-100    1    4]
2025-12-08 22:17:53 - root - INFO - [FINAL TEST DEBUG] Batch 736: loss: 2.0968
2025-12-08 22:17:53 - root - INFO - [FINAL TEST DEBUG] Processing batch 737
2025-12-08 22:17:54 - root - INFO - [FINAL TEST DEBUG] Batch 737: unique predictions: [ 2  4  5 12]
2025-12-08 22:17:54 - root - INFO - [FINAL TEST DEBUG] Batch 737: unique labels: [-100    1    4]
2025-12-08 22:17:54 - root - INFO - [FINAL TEST DEBUG] Batch 737: loss: 1.4788
2025-12-08 22:17:54 - root - INFO - [FINAL TEST DEBUG] Processing batch 738
2025-12-08 22:17:54 - root - INFO - [FINAL TEST DEBUG] Batch 738: unique predictions: [ 2  4  5 12]
2025-12-08 22:17:54 - root - INFO - [FINAL TEST DEBUG] Batch 738: unique labels: [-100    1    4]
2025-12-08 22:17:54 - root - INFO - [FINAL TEST DEBUG] Batch 738: loss: 2.4027
2025-12-08 22:17:54 - root - INFO - [FINAL TEST DEBUG] Processing batch 739
2025-12-08 22:17:54 - root - INFO - [FINAL TEST DEBUG] Batch 739: unique predictions: [ 2  4  5 12]
2025-12-08 22:17:54 - root - INFO - [FINAL TEST DEBUG] Batch 739: unique labels: [-100    1    4]
2025-12-08 22:17:54 - root - INFO - [FINAL TEST DEBUG] Batch 739: loss: 1.8959
2025-12-08 22:17:54 - root - INFO - [FINAL TEST DEBUG] Processing batch 740
2025-12-08 22:17:55 - root - INFO - [FINAL TEST DEBUG] Batch 740: unique predictions: [ 2  4  5 12]
2025-12-08 22:17:55 - root - INFO - [FINAL TEST DEBUG] Batch 740: unique labels: [-100    4]
2025-12-08 22:17:55 - root - INFO - [FINAL TEST DEBUG] Batch 740: loss: 0.4923
2025-12-08 22:17:55 - root - INFO - [FINAL TEST DEBUG] Processing batch 741
2025-12-08 22:17:55 - root - INFO - [FINAL TEST DEBUG] Batch 741: unique predictions: [ 2  4  5 12]
2025-12-08 22:17:55 - root - INFO - [FINAL TEST DEBUG] Batch 741: unique labels: [-100    1    4]
2025-12-08 22:17:55 - root - INFO - [FINAL TEST DEBUG] Batch 741: loss: 0.9260
2025-12-08 22:17:55 - root - INFO - [FINAL TEST DEBUG] Processing batch 742
2025-12-08 22:17:55 - root - INFO - [FINAL TEST DEBUG] Batch 742: unique predictions: [ 2  4  5 12]
2025-12-08 22:17:55 - root - INFO - [FINAL TEST DEBUG] Batch 742: unique labels: [-100    1    4]
2025-12-08 22:17:55 - root - INFO - [FINAL TEST DEBUG] Batch 742: loss: 4.5204
2025-12-08 22:17:55 - root - INFO - [FINAL TEST DEBUG] Processing batch 743
2025-12-08 22:17:55 - root - INFO - [FINAL TEST DEBUG] Batch 743: unique predictions: [ 2  4  5 10 12]
2025-12-08 22:17:55 - root - INFO - [FINAL TEST DEBUG] Batch 743: unique labels: [-100    1    4]
2025-12-08 22:17:55 - root - INFO - [FINAL TEST DEBUG] Batch 743: loss: 1.0822
2025-12-08 22:17:55 - root - INFO - [FINAL TEST DEBUG] Processing batch 744
2025-12-08 22:17:56 - root - INFO - [FINAL TEST DEBUG] Batch 744: unique predictions: [ 2  4  5 12]
2025-12-08 22:17:56 - root - INFO - [FINAL TEST DEBUG] Batch 744: unique labels: [-100    1    4]
2025-12-08 22:17:56 - root - INFO - [FINAL TEST DEBUG] Batch 744: loss: 1.8070
2025-12-08 22:17:56 - root - INFO - [FINAL TEST DEBUG] Processing batch 745
2025-12-08 22:17:56 - root - INFO - [FINAL TEST DEBUG] Batch 745: unique predictions: [ 2  4  5 12]
2025-12-08 22:17:56 - root - INFO - [FINAL TEST DEBUG] Batch 745: unique labels: [-100    3    4]
2025-12-08 22:17:56 - root - INFO - [FINAL TEST DEBUG] Batch 745: loss: 1.1260
2025-12-08 22:17:56 - root - INFO - [FINAL TEST DEBUG] Processing batch 746
2025-12-08 22:17:56 - root - INFO - [FINAL TEST DEBUG] Batch 746: unique predictions: [ 2  4  5 12]
2025-12-08 22:17:56 - root - INFO - [FINAL TEST DEBUG] Batch 746: unique labels: [-100    2    3    4]
2025-12-08 22:17:56 - root - INFO - [FINAL TEST DEBUG] Batch 746: loss: 1.5576
2025-12-08 22:17:56 - root - INFO - [FINAL TEST DEBUG] Processing batch 747
2025-12-08 22:17:56 - root - INFO - [FINAL TEST DEBUG] Batch 747: unique predictions: [ 2  4  5 12]
2025-12-08 22:17:56 - root - INFO - [FINAL TEST DEBUG] Batch 747: unique labels: [-100    3    4]
2025-12-08 22:17:56 - root - INFO - [FINAL TEST DEBUG] Batch 747: loss: 1.7264
2025-12-08 22:17:56 - root - INFO - [FINAL TEST DEBUG] Processing batch 748
2025-12-08 22:17:57 - root - INFO - [FINAL TEST DEBUG] Batch 748: unique predictions: [ 2  4  5 12]
2025-12-08 22:17:57 - root - INFO - [FINAL TEST DEBUG] Batch 748: unique labels: [-100    1    2    4]
2025-12-08 22:17:57 - root - INFO - [FINAL TEST DEBUG] Batch 748: loss: 2.3201
2025-12-08 22:17:57 - root - INFO - [FINAL TEST DEBUG] Processing batch 749
2025-12-08 22:17:57 - root - INFO - [FINAL TEST DEBUG] Batch 749: unique predictions: [ 2  4  5 12]
2025-12-08 22:17:57 - root - INFO - [FINAL TEST DEBUG] Batch 749: unique labels: [-100    1    3    4]
2025-12-08 22:17:57 - root - INFO - [FINAL TEST DEBUG] Batch 749: loss: 2.1390
2025-12-08 22:17:57 - root - INFO - [FINAL TEST DEBUG] Processing batch 750
2025-12-08 22:17:57 - root - INFO - [FINAL TEST DEBUG] Batch 750: unique predictions: [ 2  4  5 12]
2025-12-08 22:17:57 - root - INFO - [FINAL TEST DEBUG] Batch 750: unique labels: [-100    1    4]
2025-12-08 22:17:57 - root - INFO - [FINAL TEST DEBUG] Batch 750: loss: 6.2011
2025-12-08 22:17:57 - root - INFO - [FINAL TEST DEBUG] Processing batch 751
2025-12-08 22:17:58 - root - INFO - [FINAL TEST DEBUG] Batch 751: unique predictions: [ 2  4  5 12]
2025-12-08 22:17:58 - root - INFO - [FINAL TEST DEBUG] Batch 751: unique labels: [-100    1    4]
2025-12-08 22:17:58 - root - INFO - [FINAL TEST DEBUG] Batch 751: loss: 2.8290
2025-12-08 22:17:58 - root - INFO - [FINAL TEST DEBUG] Processing batch 752
2025-12-08 22:17:58 - root - INFO - [FINAL TEST DEBUG] Batch 752: unique predictions: [ 2  4  5 12]
2025-12-08 22:17:58 - root - INFO - [FINAL TEST DEBUG] Batch 752: unique labels: [-100    1    4]
2025-12-08 22:17:58 - root - INFO - [FINAL TEST DEBUG] Batch 752: loss: 4.3076
2025-12-08 22:17:58 - root - INFO - [FINAL TEST DEBUG] Processing batch 753
2025-12-08 22:17:58 - root - INFO - [FINAL TEST DEBUG] Batch 753: unique predictions: [ 2  4  5 12]
2025-12-08 22:17:58 - root - INFO - [FINAL TEST DEBUG] Batch 753: unique labels: [-100    1    4]
2025-12-08 22:17:58 - root - INFO - [FINAL TEST DEBUG] Batch 753: loss: 1.5093
2025-12-08 22:17:58 - root - INFO - [FINAL TEST DEBUG] Processing batch 754
2025-12-08 22:17:58 - root - INFO - [FINAL TEST DEBUG] Batch 754: unique predictions: [ 2  4  5 12]
2025-12-08 22:17:58 - root - INFO - [FINAL TEST DEBUG] Batch 754: unique labels: [-100    1    4]
2025-12-08 22:17:58 - root - INFO - [FINAL TEST DEBUG] Batch 754: loss: 2.9911
2025-12-08 22:17:58 - root - INFO - [FINAL TEST DEBUG] Processing batch 755
2025-12-08 22:17:59 - root - INFO - [FINAL TEST DEBUG] Batch 755: unique predictions: [ 2  4  5 12]
2025-12-08 22:17:59 - root - INFO - [FINAL TEST DEBUG] Batch 755: unique labels: [-100    1    4]
2025-12-08 22:17:59 - root - INFO - [FINAL TEST DEBUG] Batch 755: loss: 1.4221
2025-12-08 22:17:59 - root - INFO - [FINAL TEST DEBUG] Processing batch 756
2025-12-08 22:17:59 - root - INFO - [FINAL TEST DEBUG] Batch 756: unique predictions: [ 2  4  5 12]
2025-12-08 22:17:59 - root - INFO - [FINAL TEST DEBUG] Batch 756: unique labels: [-100    1    4]
2025-12-08 22:17:59 - root - INFO - [FINAL TEST DEBUG] Batch 756: loss: 1.0949
2025-12-08 22:17:59 - root - INFO - [FINAL TEST DEBUG] Processing batch 757
2025-12-08 22:17:59 - root - INFO - [FINAL TEST DEBUG] Batch 757: unique predictions: [ 2  4  5 12]
2025-12-08 22:17:59 - root - INFO - [FINAL TEST DEBUG] Batch 757: unique labels: [-100    1    4]
2025-12-08 22:17:59 - root - INFO - [FINAL TEST DEBUG] Batch 757: loss: 5.1030
2025-12-08 22:17:59 - root - INFO - [FINAL TEST DEBUG] Processing batch 758
2025-12-08 22:17:59 - root - INFO - [FINAL TEST DEBUG] Batch 758: unique predictions: [ 2  4  5 12]
2025-12-08 22:17:59 - root - INFO - [FINAL TEST DEBUG] Batch 758: unique labels: [-100    4]
2025-12-08 22:17:59 - root - INFO - [FINAL TEST DEBUG] Batch 758: loss: 0.4350
2025-12-08 22:17:59 - root - INFO - [FINAL TEST DEBUG] Processing batch 759
2025-12-08 22:18:00 - root - INFO - [FINAL TEST DEBUG] Batch 759: unique predictions: [ 2  4  5 12]
2025-12-08 22:18:00 - root - INFO - [FINAL TEST DEBUG] Batch 759: unique labels: [-100    1    4]
2025-12-08 22:18:00 - root - INFO - [FINAL TEST DEBUG] Batch 759: loss: 0.8314
2025-12-08 22:18:00 - root - INFO - [FINAL TEST DEBUG] Processing batch 760
2025-12-08 22:18:00 - root - INFO - [FINAL TEST DEBUG] Batch 760: unique predictions: [ 2  4  5 12]
2025-12-08 22:18:00 - root - INFO - [FINAL TEST DEBUG] Batch 760: unique labels: [-100    1    4]
2025-12-08 22:18:00 - root - INFO - [FINAL TEST DEBUG] Batch 760: loss: 1.4763
2025-12-08 22:18:00 - root - INFO - [FINAL TEST DEBUG] Processing batch 761
2025-12-08 22:18:00 - root - INFO - [FINAL TEST DEBUG] Batch 761: unique predictions: [ 2  4  5 12]
2025-12-08 22:18:00 - root - INFO - [FINAL TEST DEBUG] Batch 761: unique labels: [-100    1    4]
2025-12-08 22:18:00 - root - INFO - [FINAL TEST DEBUG] Batch 761: loss: 2.2464
2025-12-08 22:18:00 - root - INFO - [FINAL TEST DEBUG] Processing batch 762
2025-12-08 22:18:00 - root - INFO - [FINAL TEST DEBUG] Batch 762: unique predictions: [ 2  4  5 12]
2025-12-08 22:18:00 - root - INFO - [FINAL TEST DEBUG] Batch 762: unique labels: [-100    1    4]
2025-12-08 22:18:00 - root - INFO - [FINAL TEST DEBUG] Batch 762: loss: 3.6519
2025-12-08 22:18:00 - root - INFO - [FINAL TEST DEBUG] Processing batch 763
2025-12-08 22:18:01 - root - INFO - [FINAL TEST DEBUG] Batch 763: unique predictions: [ 2  4  5 12]
2025-12-08 22:18:01 - root - INFO - [FINAL TEST DEBUG] Batch 763: unique labels: [-100    1    4]
2025-12-08 22:18:01 - root - INFO - [FINAL TEST DEBUG] Batch 763: loss: 0.8145
2025-12-08 22:18:01 - root - INFO - [FINAL TEST DEBUG] Processing batch 764
2025-12-08 22:18:01 - root - INFO - [FINAL TEST DEBUG] Batch 764: unique predictions: [ 2  4  5 12]
2025-12-08 22:18:01 - root - INFO - [FINAL TEST DEBUG] Batch 764: unique labels: [-100    1    4]
2025-12-08 22:18:01 - root - INFO - [FINAL TEST DEBUG] Batch 764: loss: 0.7507
2025-12-08 22:18:01 - root - INFO - [FINAL TEST DEBUG] Processing batch 765
2025-12-08 22:18:01 - root - INFO - [FINAL TEST DEBUG] Batch 765: unique predictions: [ 2  4  5 12]
2025-12-08 22:18:01 - root - INFO - [FINAL TEST DEBUG] Batch 765: unique labels: [-100    1    4]
2025-12-08 22:18:01 - root - INFO - [FINAL TEST DEBUG] Batch 765: loss: 5.2124
2025-12-08 22:18:01 - root - INFO - [FINAL TEST DEBUG] Processing batch 766
2025-12-08 22:18:02 - root - INFO - [FINAL TEST DEBUG] Batch 766: unique predictions: [ 2  4  5 12]
2025-12-08 22:18:02 - root - INFO - [FINAL TEST DEBUG] Batch 766: unique labels: [-100    1    4]
2025-12-08 22:18:02 - root - INFO - [FINAL TEST DEBUG] Batch 766: loss: 5.4743
2025-12-08 22:18:02 - root - INFO - [FINAL TEST DEBUG] Processing batch 767
2025-12-08 22:18:02 - root - INFO - [FINAL TEST DEBUG] Batch 767: unique predictions: [ 2  4  5 12]
2025-12-08 22:18:02 - root - INFO - [FINAL TEST DEBUG] Batch 767: unique labels: [-100    1    4]
2025-12-08 22:18:02 - root - INFO - [FINAL TEST DEBUG] Batch 767: loss: 4.7007
2025-12-08 22:18:02 - root - INFO - [FINAL TEST DEBUG] Processing batch 768
2025-12-08 22:18:02 - root - INFO - [FINAL TEST DEBUG] Batch 768: unique predictions: [ 2  4  5 12]
2025-12-08 22:18:02 - root - INFO - [FINAL TEST DEBUG] Batch 768: unique labels: [-100    1    3    4]
2025-12-08 22:18:02 - root - INFO - [FINAL TEST DEBUG] Batch 768: loss: 3.2832
2025-12-08 22:18:02 - root - INFO - [FINAL TEST DEBUG] Processing batch 769
2025-12-08 22:18:03 - root - INFO - [FINAL TEST DEBUG] Batch 769: unique predictions: [ 2  4  5 12]
2025-12-08 22:18:03 - root - INFO - [FINAL TEST DEBUG] Batch 769: unique labels: [-100    1    3]
2025-12-08 22:18:03 - root - INFO - [FINAL TEST DEBUG] Batch 769: loss: 4.7443
2025-12-08 22:18:03 - root - INFO - [FINAL TEST DEBUG] Processing batch 770
2025-12-08 22:18:03 - root - INFO - [FINAL TEST DEBUG] Batch 770: unique predictions: [ 2  4  5 12]
2025-12-08 22:18:03 - root - INFO - [FINAL TEST DEBUG] Batch 770: unique labels: [-100    1    3    4]
2025-12-08 22:18:03 - root - INFO - [FINAL TEST DEBUG] Batch 770: loss: 5.2845
2025-12-08 22:18:03 - root - INFO - [FINAL TEST DEBUG] Processing batch 771
2025-12-08 22:18:03 - root - INFO - [FINAL TEST DEBUG] Batch 771: unique predictions: [ 2  4  5 12]
2025-12-08 22:18:03 - root - INFO - [FINAL TEST DEBUG] Batch 771: unique labels: [-100    1    3    4]
2025-12-08 22:18:03 - root - INFO - [FINAL TEST DEBUG] Batch 771: loss: 4.3404
2025-12-08 22:18:03 - root - INFO - [FINAL TEST DEBUG] Processing batch 772
2025-12-08 22:18:04 - root - INFO - [FINAL TEST DEBUG] Batch 772: unique predictions: [ 2  4  5 12]
2025-12-08 22:18:04 - root - INFO - [FINAL TEST DEBUG] Batch 772: unique labels: [-100    1    2    3    4]
2025-12-08 22:18:04 - root - INFO - [FINAL TEST DEBUG] Batch 772: loss: 3.4170
2025-12-08 22:18:04 - root - INFO - [FINAL TEST DEBUG] Processing batch 773
2025-12-08 22:18:04 - root - INFO - [FINAL TEST DEBUG] Batch 773: unique predictions: [ 2  4  5 12]
2025-12-08 22:18:04 - root - INFO - [FINAL TEST DEBUG] Batch 773: unique labels: [-100    2    3    4]
2025-12-08 22:18:04 - root - INFO - [FINAL TEST DEBUG] Batch 773: loss: 3.1495
2025-12-08 22:18:04 - root - INFO - [FINAL TEST DEBUG] Processing batch 774
2025-12-08 22:18:04 - root - INFO - [FINAL TEST DEBUG] Batch 774: unique predictions: [ 2  4  5 12]
2025-12-08 22:18:04 - root - INFO - [FINAL TEST DEBUG] Batch 774: unique labels: [-100    3    4]
2025-12-08 22:18:04 - root - INFO - [FINAL TEST DEBUG] Batch 774: loss: 3.8097
2025-12-08 22:18:04 - root - INFO - [FINAL TEST DEBUG] Processing batch 775
2025-12-08 22:18:04 - root - INFO - [FINAL TEST DEBUG] Batch 775: unique predictions: [ 2  4  5 12]
2025-12-08 22:18:04 - root - INFO - [FINAL TEST DEBUG] Batch 775: unique labels: [-100    3    4]
2025-12-08 22:18:04 - root - INFO - [FINAL TEST DEBUG] Batch 775: loss: 1.0908
2025-12-08 22:18:04 - root - INFO - [FINAL TEST DEBUG] Processing batch 776
2025-12-08 22:18:05 - root - INFO - [FINAL TEST DEBUG] Batch 776: unique predictions: [ 2  4  5 12]
2025-12-08 22:18:05 - root - INFO - [FINAL TEST DEBUG] Batch 776: unique labels: [-100    3    4]
2025-12-08 22:18:05 - root - INFO - [FINAL TEST DEBUG] Batch 776: loss: 2.7389
2025-12-08 22:18:05 - root - INFO - [FINAL TEST DEBUG] Processing batch 777
2025-12-08 22:18:05 - root - INFO - [FINAL TEST DEBUG] Batch 777: unique predictions: [ 2  4  5 12]
2025-12-08 22:18:05 - root - INFO - [FINAL TEST DEBUG] Batch 777: unique labels: [-100    2    3    4]
2025-12-08 22:18:05 - root - INFO - [FINAL TEST DEBUG] Batch 777: loss: 2.3020
2025-12-08 22:18:05 - root - INFO - [FINAL TEST DEBUG] Processing batch 778
2025-12-08 22:18:05 - root - INFO - [FINAL TEST DEBUG] Batch 778: unique predictions: [ 2  4  5 12]
2025-12-08 22:18:05 - root - INFO - [FINAL TEST DEBUG] Batch 778: unique labels: [-100    1    2    3]
2025-12-08 22:18:05 - root - INFO - [FINAL TEST DEBUG] Batch 778: loss: 4.8224
2025-12-08 22:18:05 - root - INFO - [FINAL TEST DEBUG] Processing batch 779
2025-12-08 22:18:06 - root - INFO - [FINAL TEST DEBUG] Batch 779: unique predictions: [ 2  4  5 12]
2025-12-08 22:18:06 - root - INFO - [FINAL TEST DEBUG] Batch 779: unique labels: [-100    1    2    3    4]
2025-12-08 22:18:06 - root - INFO - [FINAL TEST DEBUG] Batch 779: loss: 2.8605
2025-12-08 22:18:06 - root - INFO - [FINAL TEST DEBUG] Processing batch 780
2025-12-08 22:18:06 - root - INFO - [FINAL TEST DEBUG] Batch 780: unique predictions: [ 2  4  5 12]
2025-12-08 22:18:06 - root - INFO - [FINAL TEST DEBUG] Batch 780: unique labels: [-100    1    3]
2025-12-08 22:18:06 - root - INFO - [FINAL TEST DEBUG] Batch 780: loss: 4.3817
2025-12-08 22:18:06 - root - INFO - [FINAL TEST DEBUG] Processing batch 781
2025-12-08 22:18:06 - root - INFO - [FINAL TEST DEBUG] Batch 781: unique predictions: [ 2  4  5 12]
2025-12-08 22:18:06 - root - INFO - [FINAL TEST DEBUG] Batch 781: unique labels: [-100    1    2    3]
2025-12-08 22:18:06 - root - INFO - [FINAL TEST DEBUG] Batch 781: loss: 4.2314
2025-12-08 22:18:06 - root - INFO - [FINAL TEST DEBUG] Processing batch 782
2025-12-08 22:18:07 - root - INFO - [FINAL TEST DEBUG] Batch 782: unique predictions: [ 2  4  5 12]
2025-12-08 22:18:07 - root - INFO - [FINAL TEST DEBUG] Batch 782: unique labels: [-100    2    3    4]
2025-12-08 22:18:07 - root - INFO - [FINAL TEST DEBUG] Batch 782: loss: 1.6336
2025-12-08 22:18:07 - root - INFO - [FINAL TEST DEBUG] Processing batch 783
2025-12-08 22:18:07 - root - INFO - [FINAL TEST DEBUG] Batch 783: unique predictions: [ 2  4  5 12]
2025-12-08 22:18:07 - root - INFO - [FINAL TEST DEBUG] Batch 783: unique labels: [-100    1    3    4]
2025-12-08 22:18:07 - root - INFO - [FINAL TEST DEBUG] Batch 783: loss: 2.5555
2025-12-08 22:18:07 - root - INFO - [FINAL TEST DEBUG] Processing batch 784
2025-12-08 22:18:07 - root - INFO - [FINAL TEST DEBUG] Batch 784: unique predictions: [ 2  4  5 12]
2025-12-08 22:18:07 - root - INFO - [FINAL TEST DEBUG] Batch 784: unique labels: [-100    1    2    3    4]
2025-12-08 22:18:07 - root - INFO - [FINAL TEST DEBUG] Batch 784: loss: 2.1105
2025-12-08 22:18:07 - root - INFO - [FINAL TEST DEBUG] Processing batch 785
2025-12-08 22:18:07 - root - INFO - [FINAL TEST DEBUG] Batch 785: unique predictions: [ 2  4  5 12]
2025-12-08 22:18:07 - root - INFO - [FINAL TEST DEBUG] Batch 785: unique labels: [-100    3    4]
2025-12-08 22:18:07 - root - INFO - [FINAL TEST DEBUG] Batch 785: loss: 2.8563
2025-12-08 22:18:07 - root - INFO - [FINAL TEST DEBUG] Processing batch 786
2025-12-08 22:18:08 - root - INFO - [FINAL TEST DEBUG] Batch 786: unique predictions: [ 2  4  5 12]
2025-12-08 22:18:08 - root - INFO - [FINAL TEST DEBUG] Batch 786: unique labels: [-100    2    3    4]
2025-12-08 22:18:08 - root - INFO - [FINAL TEST DEBUG] Batch 786: loss: 1.4173
2025-12-08 22:18:08 - root - INFO - [FINAL TEST DEBUG] Processing batch 787
2025-12-08 22:18:08 - root - INFO - [FINAL TEST DEBUG] Batch 787: unique predictions: [ 2  4  5 12]
2025-12-08 22:18:08 - root - INFO - [FINAL TEST DEBUG] Batch 787: unique labels: [-100    1    2    4]
2025-12-08 22:18:08 - root - INFO - [FINAL TEST DEBUG] Batch 787: loss: 1.5253
2025-12-08 22:18:08 - root - INFO - [FINAL TEST DEBUG] Processing batch 788
2025-12-08 22:18:08 - root - INFO - [FINAL TEST DEBUG] Batch 788: unique predictions: [ 2  4  5 12]
2025-12-08 22:18:08 - root - INFO - [FINAL TEST DEBUG] Batch 788: unique labels: [-100    1    2    3]
2025-12-08 22:18:08 - root - INFO - [FINAL TEST DEBUG] Batch 788: loss: 2.6366
2025-12-08 22:18:08 - root - INFO - [FINAL TEST DEBUG] Processing batch 789
2025-12-08 22:18:08 - root - INFO - [FINAL TEST DEBUG] Batch 789: unique predictions: [ 2  4  5 12]
2025-12-08 22:18:08 - root - INFO - [FINAL TEST DEBUG] Batch 789: unique labels: [-100    1    2    3    4]
2025-12-08 22:18:08 - root - INFO - [FINAL TEST DEBUG] Batch 789: loss: 3.0959
2025-12-08 22:18:08 - root - INFO - [FINAL TEST DEBUG] Processing batch 790
2025-12-08 22:18:09 - root - INFO - [FINAL TEST DEBUG] Batch 790: unique predictions: [ 2  4  5 12]
2025-12-08 22:18:09 - root - INFO - [FINAL TEST DEBUG] Batch 790: unique labels: [-100    1    2    3    4]
2025-12-08 22:18:09 - root - INFO - [FINAL TEST DEBUG] Batch 790: loss: 1.9372
2025-12-08 22:18:09 - root - INFO - [FINAL TEST DEBUG] Processing batch 791
2025-12-08 22:18:09 - root - INFO - [FINAL TEST DEBUG] Batch 791: unique predictions: [ 2  4  5 12]
2025-12-08 22:18:09 - root - INFO - [FINAL TEST DEBUG] Batch 791: unique labels: [-100    2    3]
2025-12-08 22:18:09 - root - INFO - [FINAL TEST DEBUG] Batch 791: loss: 3.2873
2025-12-08 22:18:09 - root - INFO - [FINAL TEST DEBUG] Processing batch 792
2025-12-08 22:18:09 - root - INFO - [FINAL TEST DEBUG] Batch 792: unique predictions: [ 2  4  5 12]
2025-12-08 22:18:09 - root - INFO - [FINAL TEST DEBUG] Batch 792: unique labels: [-100    3    4]
2025-12-08 22:18:09 - root - INFO - [FINAL TEST DEBUG] Batch 792: loss: 2.8647
2025-12-08 22:18:09 - root - INFO - [FINAL TEST DEBUG] Processing batch 793
2025-12-08 22:18:10 - root - INFO - [FINAL TEST DEBUG] Batch 793: unique predictions: [ 2  4  5 12]
2025-12-08 22:18:10 - root - INFO - [FINAL TEST DEBUG] Batch 793: unique labels: [-100    1    2]
2025-12-08 22:18:10 - root - INFO - [FINAL TEST DEBUG] Batch 793: loss: 2.4397
2025-12-08 22:18:10 - root - INFO - [FINAL TEST DEBUG] Processing batch 794
2025-12-08 22:18:10 - root - INFO - [FINAL TEST DEBUG] Batch 794: unique predictions: [ 2  4  5 12]
2025-12-08 22:18:10 - root - INFO - [FINAL TEST DEBUG] Batch 794: unique labels: [-100    1    3]
2025-12-08 22:18:10 - root - INFO - [FINAL TEST DEBUG] Batch 794: loss: 5.4614
2025-12-08 22:18:10 - root - INFO - [FINAL TEST DEBUG] Processing batch 795
2025-12-08 22:18:10 - root - INFO - [FINAL TEST DEBUG] Batch 795: unique predictions: [ 2  4  5 12]
2025-12-08 22:18:10 - root - INFO - [FINAL TEST DEBUG] Batch 795: unique labels: [-100    1    2    3    4]
2025-12-08 22:18:10 - root - INFO - [FINAL TEST DEBUG] Batch 795: loss: 3.4835
2025-12-08 22:18:10 - root - INFO - [FINAL TEST DEBUG] Processing batch 796
2025-12-08 22:18:10 - root - INFO - [FINAL TEST DEBUG] Batch 796: unique predictions: [ 2  4  5 12]
2025-12-08 22:18:10 - root - INFO - [FINAL TEST DEBUG] Batch 796: unique labels: [-100    1    3]
2025-12-08 22:18:10 - root - INFO - [FINAL TEST DEBUG] Batch 796: loss: 5.2005
2025-12-08 22:18:10 - root - INFO - [FINAL TEST DEBUG] Processing batch 797
2025-12-08 22:18:11 - root - INFO - [FINAL TEST DEBUG] Batch 797: unique predictions: [ 2  4  5 12]
2025-12-08 22:18:11 - root - INFO - [FINAL TEST DEBUG] Batch 797: unique labels: [-100    1    3]
2025-12-08 22:18:11 - root - INFO - [FINAL TEST DEBUG] Batch 797: loss: 5.1503
2025-12-08 22:18:11 - root - INFO - [FINAL TEST DEBUG] Processing batch 798
2025-12-08 22:18:11 - root - INFO - [FINAL TEST DEBUG] Batch 798: unique predictions: [ 2  4  5 12]
2025-12-08 22:18:11 - root - INFO - [FINAL TEST DEBUG] Batch 798: unique labels: [-100    1    3]
2025-12-08 22:18:11 - root - INFO - [FINAL TEST DEBUG] Batch 798: loss: 4.9695
2025-12-08 22:18:11 - root - INFO - [FINAL TEST DEBUG] Processing batch 799
2025-12-08 22:18:11 - root - INFO - [FINAL TEST DEBUG] Batch 799: unique predictions: [ 2  4  5 12]
2025-12-08 22:18:11 - root - INFO - [FINAL TEST DEBUG] Batch 799: unique labels: [-100    1    3]
2025-12-08 22:18:11 - root - INFO - [FINAL TEST DEBUG] Batch 799: loss: 5.3979
2025-12-08 22:18:11 - root - INFO - [FINAL TEST DEBUG] Processing batch 800
2025-12-08 22:18:11 - root - INFO - [FINAL TEST DEBUG] Batch 800: unique predictions: [ 2  4  5 12]
2025-12-08 22:18:11 - root - INFO - [FINAL TEST DEBUG] Batch 800: unique labels: [-100    1    3    4]
2025-12-08 22:18:11 - root - INFO - [FINAL TEST DEBUG] Batch 800: loss: 4.9151
2025-12-08 22:18:11 - root - INFO - [FINAL TEST DEBUG] Processing batch 801
2025-12-08 22:18:12 - root - INFO - [FINAL TEST DEBUG] Batch 801: unique predictions: [ 2  4  5 12]
2025-12-08 22:18:12 - root - INFO - [FINAL TEST DEBUG] Batch 801: unique labels: [-100    1    4]
2025-12-08 22:18:12 - root - INFO - [FINAL TEST DEBUG] Batch 801: loss: 1.6612
2025-12-08 22:18:12 - root - INFO - [FINAL TEST DEBUG] Processing batch 802
2025-12-08 22:18:12 - root - INFO - [FINAL TEST DEBUG] Batch 802: unique predictions: [ 2  4  5 12]
2025-12-08 22:18:12 - root - INFO - [FINAL TEST DEBUG] Batch 802: unique labels: [-100    3    4]
2025-12-08 22:18:12 - root - INFO - [FINAL TEST DEBUG] Batch 802: loss: 1.0025
2025-12-08 22:18:12 - root - INFO - [FINAL TEST DEBUG] Processing batch 803
2025-12-08 22:18:12 - root - INFO - [FINAL TEST DEBUG] Batch 803: unique predictions: [ 2  4  5 12]
2025-12-08 22:18:12 - root - INFO - [FINAL TEST DEBUG] Batch 803: unique labels: [-100    1    4]
2025-12-08 22:18:12 - root - INFO - [FINAL TEST DEBUG] Batch 803: loss: 0.6824
2025-12-08 22:18:12 - root - INFO - [FINAL TEST DEBUG] Processing batch 804
2025-12-08 22:18:12 - root - INFO - [FINAL TEST DEBUG] Batch 804: unique predictions: [ 2  4  5 12]
2025-12-08 22:18:12 - root - INFO - [FINAL TEST DEBUG] Batch 804: unique labels: [-100    3    4]
2025-12-08 22:18:12 - root - INFO - [FINAL TEST DEBUG] Batch 804: loss: 2.5243
2025-12-08 22:18:12 - root - INFO - [FINAL TEST DEBUG] Processing batch 805
2025-12-08 22:18:13 - root - INFO - [FINAL TEST DEBUG] Batch 805: unique predictions: [ 2  4  5 12]
2025-12-08 22:18:13 - root - INFO - [FINAL TEST DEBUG] Batch 805: unique labels: [-100    3    4]
2025-12-08 22:18:13 - root - INFO - [FINAL TEST DEBUG] Batch 805: loss: 2.7248
2025-12-08 22:18:13 - root - INFO - [FINAL TEST DEBUG] Processing batch 806
2025-12-08 22:18:13 - root - INFO - [FINAL TEST DEBUG] Batch 806: unique predictions: [ 2  4  5 12]
2025-12-08 22:18:13 - root - INFO - [FINAL TEST DEBUG] Batch 806: unique labels: [-100    3    4]
2025-12-08 22:18:13 - root - INFO - [FINAL TEST DEBUG] Batch 806: loss: 2.6892
2025-12-08 22:18:13 - root - INFO - [FINAL TEST DEBUG] Processing batch 807
2025-12-08 22:18:13 - root - INFO - [FINAL TEST DEBUG] Batch 807: unique predictions: [ 2  4  5 12]
2025-12-08 22:18:13 - root - INFO - [FINAL TEST DEBUG] Batch 807: unique labels: [-100    3    4]
2025-12-08 22:18:13 - root - INFO - [FINAL TEST DEBUG] Batch 807: loss: 2.5320
2025-12-08 22:18:13 - root - INFO - [FINAL TEST DEBUG] Processing batch 808
2025-12-08 22:18:14 - root - INFO - [FINAL TEST DEBUG] Batch 808: unique predictions: [ 2  4  5 12]
2025-12-08 22:18:14 - root - INFO - [FINAL TEST DEBUG] Batch 808: unique labels: [-100    1    4]
2025-12-08 22:18:14 - root - INFO - [FINAL TEST DEBUG] Batch 808: loss: 0.7936
2025-12-08 22:18:14 - root - INFO - [FINAL TEST DEBUG] Processing batch 809
2025-12-08 22:18:14 - root - INFO - [FINAL TEST DEBUG] Batch 809: unique predictions: [ 2  4  5 12]
2025-12-08 22:18:14 - root - INFO - [FINAL TEST DEBUG] Batch 809: unique labels: [-100    1    4]
2025-12-08 22:18:14 - root - INFO - [FINAL TEST DEBUG] Batch 809: loss: 0.7276
2025-12-08 22:18:14 - root - INFO - [FINAL TEST DEBUG] Processing batch 810
2025-12-08 22:18:14 - root - INFO - [FINAL TEST DEBUG] Batch 810: unique predictions: [ 2  4  5 12]
2025-12-08 22:18:14 - root - INFO - [FINAL TEST DEBUG] Batch 810: unique labels: [-100    4]
2025-12-08 22:18:14 - root - INFO - [FINAL TEST DEBUG] Batch 810: loss: 0.5695
2025-12-08 22:18:14 - root - INFO - [FINAL TEST DEBUG] Processing batch 811
2025-12-08 22:18:14 - root - INFO - [FINAL TEST DEBUG] Batch 811: unique predictions: [ 2  4  5 12]
2025-12-08 22:18:14 - root - INFO - [FINAL TEST DEBUG] Batch 811: unique labels: [-100    1    4]
2025-12-08 22:18:14 - root - INFO - [FINAL TEST DEBUG] Batch 811: loss: 2.0358
2025-12-08 22:18:14 - root - INFO - [FINAL TEST DEBUG] Processing batch 812
2025-12-08 22:18:15 - root - INFO - [FINAL TEST DEBUG] Batch 812: unique predictions: [ 2  4  5 12]
2025-12-08 22:18:15 - root - INFO - [FINAL TEST DEBUG] Batch 812: unique labels: [-100    1    4]
2025-12-08 22:18:15 - root - INFO - [FINAL TEST DEBUG] Batch 812: loss: 1.0652
2025-12-08 22:18:15 - root - INFO - [FINAL TEST DEBUG] Processing batch 813
2025-12-08 22:18:15 - root - INFO - [FINAL TEST DEBUG] Batch 813: unique predictions: [ 2  4  5 12]
2025-12-08 22:18:15 - root - INFO - [FINAL TEST DEBUG] Batch 813: unique labels: [-100    1    2    4]
2025-12-08 22:18:15 - root - INFO - [FINAL TEST DEBUG] Batch 813: loss: 1.8516
2025-12-08 22:18:15 - root - INFO - [FINAL TEST DEBUG] Processing batch 814
2025-12-08 22:18:15 - root - INFO - [FINAL TEST DEBUG] Batch 814: unique predictions: [ 2  4  5 12]
2025-12-08 22:18:15 - root - INFO - [FINAL TEST DEBUG] Batch 814: unique labels: [-100    1    4]
2025-12-08 22:18:15 - root - INFO - [FINAL TEST DEBUG] Batch 814: loss: 5.7882
2025-12-08 22:18:15 - root - INFO - [FINAL TEST DEBUG] Processing batch 815
2025-12-08 22:18:15 - root - INFO - [FINAL TEST DEBUG] Batch 815: unique predictions: [ 2  4  5 12]
2025-12-08 22:18:15 - root - INFO - [FINAL TEST DEBUG] Batch 815: unique labels: [-100    1    4]
2025-12-08 22:18:15 - root - INFO - [FINAL TEST DEBUG] Batch 815: loss: 4.8923
2025-12-08 22:18:15 - root - INFO - [FINAL TEST DEBUG] Processing batch 816
2025-12-08 22:18:16 - root - INFO - [FINAL TEST DEBUG] Batch 816: unique predictions: [ 2  4  5 12]
2025-12-08 22:18:16 - root - INFO - [FINAL TEST DEBUG] Batch 816: unique labels: [-100    4]
2025-12-08 22:18:16 - root - INFO - [FINAL TEST DEBUG] Batch 816: loss: 0.5173
2025-12-08 22:18:16 - root - INFO - [FINAL TEST DEBUG] Processing batch 817
2025-12-08 22:18:16 - root - INFO - [FINAL TEST DEBUG] Batch 817: unique predictions: [ 2  4  5 12]
2025-12-08 22:18:16 - root - INFO - [FINAL TEST DEBUG] Batch 817: unique labels: [-100    1    4]
2025-12-08 22:18:16 - root - INFO - [FINAL TEST DEBUG] Batch 817: loss: 2.5318
2025-12-08 22:18:16 - root - INFO - [FINAL TEST DEBUG] Processing batch 818
2025-12-08 22:18:16 - root - INFO - [FINAL TEST DEBUG] Batch 818: unique predictions: [ 2  4  5 12]
2025-12-08 22:18:16 - root - INFO - [FINAL TEST DEBUG] Batch 818: unique labels: [-100    3    4]
2025-12-08 22:18:16 - root - INFO - [FINAL TEST DEBUG] Batch 818: loss: 3.6570
2025-12-08 22:18:16 - root - INFO - [FINAL TEST DEBUG] Processing batch 819
2025-12-08 22:18:17 - root - INFO - [FINAL TEST DEBUG] Batch 819: unique predictions: [ 2  4  5 12]
2025-12-08 22:18:17 - root - INFO - [FINAL TEST DEBUG] Batch 819: unique labels: [-100    1    4]
2025-12-08 22:18:17 - root - INFO - [FINAL TEST DEBUG] Batch 819: loss: 1.5270
2025-12-08 22:18:17 - root - INFO - [FINAL TEST DEBUG] Processing batch 820
2025-12-08 22:18:17 - root - INFO - [FINAL TEST DEBUG] Batch 820: unique predictions: [ 2  4  5 12]
2025-12-08 22:18:17 - root - INFO - [FINAL TEST DEBUG] Batch 820: unique labels: [-100    1    3    4]
2025-12-08 22:18:17 - root - INFO - [FINAL TEST DEBUG] Batch 820: loss: 4.1610
2025-12-08 22:18:17 - root - INFO - [FINAL TEST DEBUG] Processing batch 821
2025-12-08 22:18:17 - root - INFO - [FINAL TEST DEBUG] Batch 821: unique predictions: [ 2  4  5 12]
2025-12-08 22:18:17 - root - INFO - [FINAL TEST DEBUG] Batch 821: unique labels: [-100    1    3    4]
2025-12-08 22:18:17 - root - INFO - [FINAL TEST DEBUG] Batch 821: loss: 4.1405
2025-12-08 22:18:17 - root - INFO - [FINAL TEST DEBUG] Processing batch 822
2025-12-08 22:18:17 - root - INFO - [FINAL TEST DEBUG] Batch 822: unique predictions: [ 2  4  5 12]
2025-12-08 22:18:17 - root - INFO - [FINAL TEST DEBUG] Batch 822: unique labels: [-100    1    3    4]
2025-12-08 22:18:17 - root - INFO - [FINAL TEST DEBUG] Batch 822: loss: 4.0806
2025-12-08 22:18:17 - root - INFO - [FINAL TEST DEBUG] Processing batch 823
2025-12-08 22:18:18 - root - INFO - [FINAL TEST DEBUG] Batch 823: unique predictions: [ 2  4  5 12]
2025-12-08 22:18:18 - root - INFO - [FINAL TEST DEBUG] Batch 823: unique labels: [-100    1    3    4]
2025-12-08 22:18:18 - root - INFO - [FINAL TEST DEBUG] Batch 823: loss: 2.9509
2025-12-08 22:18:18 - root - INFO - [FINAL TEST DEBUG] Processing batch 824
2025-12-08 22:18:18 - root - INFO - [FINAL TEST DEBUG] Batch 824: unique predictions: [ 2  4  5 12]
2025-12-08 22:18:18 - root - INFO - [FINAL TEST DEBUG] Batch 824: unique labels: [-100    3    4]
2025-12-08 22:18:18 - root - INFO - [FINAL TEST DEBUG] Batch 824: loss: 3.2235
2025-12-08 22:18:18 - root - INFO - [FINAL TEST DEBUG] Processing batch 825
2025-12-08 22:18:18 - root - INFO - [FINAL TEST DEBUG] Batch 825: unique predictions: [ 2  4  5 12]
2025-12-08 22:18:18 - root - INFO - [FINAL TEST DEBUG] Batch 825: unique labels: [-100    1    4]
2025-12-08 22:18:18 - root - INFO - [FINAL TEST DEBUG] Batch 825: loss: 1.0205
2025-12-08 22:18:18 - root - INFO - [FINAL TEST DEBUG] Processing batch 826
2025-12-08 22:18:18 - root - INFO - [FINAL TEST DEBUG] Batch 826: unique predictions: [ 2  4  5 12]
2025-12-08 22:18:18 - root - INFO - [FINAL TEST DEBUG] Batch 826: unique labels: [-100    1    3]
2025-12-08 22:18:18 - root - INFO - [FINAL TEST DEBUG] Batch 826: loss: 4.2514
2025-12-08 22:18:18 - root - INFO - [FINAL TEST DEBUG] Processing batch 827
2025-12-08 22:18:19 - root - INFO - [FINAL TEST DEBUG] Batch 827: unique predictions: [ 2  4  5 10 12]
2025-12-08 22:18:19 - root - INFO - [FINAL TEST DEBUG] Batch 827: unique labels: [-100    1    3    4]
2025-12-08 22:18:19 - root - INFO - [FINAL TEST DEBUG] Batch 827: loss: 5.4012
2025-12-08 22:18:19 - root - INFO - [FINAL TEST DEBUG] Processing batch 828
2025-12-08 22:18:19 - root - INFO - [FINAL TEST DEBUG] Batch 828: unique predictions: [ 2  4  5 10 12]
2025-12-08 22:18:19 - root - INFO - [FINAL TEST DEBUG] Batch 828: unique labels: [-100    3    4]
2025-12-08 22:18:19 - root - INFO - [FINAL TEST DEBUG] Batch 828: loss: 2.9879
2025-12-08 22:18:19 - root - INFO - [FINAL TEST DEBUG] Processing batch 829
2025-12-08 22:18:19 - root - INFO - [FINAL TEST DEBUG] Batch 829: unique predictions: [ 2  4  5 12]
2025-12-08 22:18:19 - root - INFO - [FINAL TEST DEBUG] Batch 829: unique labels: [-100    1    3    4]
2025-12-08 22:18:19 - root - INFO - [FINAL TEST DEBUG] Batch 829: loss: 1.9723
2025-12-08 22:18:19 - root - INFO - [FINAL TEST DEBUG] Processing batch 830
2025-12-08 22:18:20 - root - INFO - [FINAL TEST DEBUG] Batch 830: unique predictions: [ 2  4  5 12]
2025-12-08 22:18:20 - root - INFO - [FINAL TEST DEBUG] Batch 830: unique labels: [-100    1    3    4]
2025-12-08 22:18:20 - root - INFO - [FINAL TEST DEBUG] Batch 830: loss: 4.0692
2025-12-08 22:18:20 - root - INFO - [FINAL TEST DEBUG] Processing batch 831
2025-12-08 22:18:20 - root - INFO - [FINAL TEST DEBUG] Batch 831: unique predictions: [ 2  4  5 12]
2025-12-08 22:18:20 - root - INFO - [FINAL TEST DEBUG] Batch 831: unique labels: [-100    1    2]
2025-12-08 22:18:20 - root - INFO - [FINAL TEST DEBUG] Batch 831: loss: 2.6711
2025-12-08 22:18:20 - root - INFO - [FINAL TEST DEBUG] Processing batch 832
2025-12-08 22:18:20 - root - INFO - [FINAL TEST DEBUG] Batch 832: unique predictions: [ 2  4  5 12]
2025-12-08 22:18:20 - root - INFO - [FINAL TEST DEBUG] Batch 832: unique labels: [-100    1    4]
2025-12-08 22:18:20 - root - INFO - [FINAL TEST DEBUG] Batch 832: loss: 2.3555
2025-12-08 22:18:20 - root - INFO - [FINAL TEST DEBUG] Processing batch 833
2025-12-08 22:18:20 - root - INFO - [FINAL TEST DEBUG] Batch 833: unique predictions: [ 2  4  5 12]
2025-12-08 22:18:20 - root - INFO - [FINAL TEST DEBUG] Batch 833: unique labels: [-100    1    2    3    4]
2025-12-08 22:18:20 - root - INFO - [FINAL TEST DEBUG] Batch 833: loss: 4.5999
2025-12-08 22:18:20 - root - INFO - [FINAL TEST DEBUG] Processing batch 834
2025-12-08 22:18:21 - root - INFO - [FINAL TEST DEBUG] Batch 834: unique predictions: [ 2  4  5 12]
2025-12-08 22:18:21 - root - INFO - [FINAL TEST DEBUG] Batch 834: unique labels: [-100    1    4]
2025-12-08 22:18:21 - root - INFO - [FINAL TEST DEBUG] Batch 834: loss: 1.5671
2025-12-08 22:18:21 - root - INFO - [FINAL TEST DEBUG] Processing batch 835
2025-12-08 22:18:21 - root - INFO - [FINAL TEST DEBUG] Batch 835: unique predictions: [ 2  4  5 12]
2025-12-08 22:18:21 - root - INFO - [FINAL TEST DEBUG] Batch 835: unique labels: [-100    2    4]
2025-12-08 22:18:21 - root - INFO - [FINAL TEST DEBUG] Batch 835: loss: 0.6831
2025-12-08 22:18:21 - root - INFO - [FINAL TEST DEBUG] Processing batch 836
2025-12-08 22:18:21 - root - INFO - [FINAL TEST DEBUG] Batch 836: unique predictions: [ 2  4  5 12]
2025-12-08 22:18:21 - root - INFO - [FINAL TEST DEBUG] Batch 836: unique labels: [-100    1    2    4]
2025-12-08 22:18:21 - root - INFO - [FINAL TEST DEBUG] Batch 836: loss: 1.2224
2025-12-08 22:18:21 - root - INFO - [FINAL TEST DEBUG] Processing batch 837
2025-12-08 22:18:21 - root - INFO - [FINAL TEST DEBUG] Batch 837: unique predictions: [ 2  4  5 12]
2025-12-08 22:18:21 - root - INFO - [FINAL TEST DEBUG] Batch 837: unique labels: [-100    2    3    4]
2025-12-08 22:18:21 - root - INFO - [FINAL TEST DEBUG] Batch 837: loss: 1.8848
2025-12-08 22:18:21 - root - INFO - [FINAL TEST DEBUG] Processing batch 838
2025-12-08 22:18:22 - root - INFO - [FINAL TEST DEBUG] Batch 838: unique predictions: [ 2  4  5 12]
2025-12-08 22:18:22 - root - INFO - [FINAL TEST DEBUG] Batch 838: unique labels: [-100    1    2    4]
2025-12-08 22:18:22 - root - INFO - [FINAL TEST DEBUG] Batch 838: loss: 1.6784
2025-12-08 22:18:22 - root - INFO - [FINAL TEST DEBUG] Processing batch 839
2025-12-08 22:18:22 - root - INFO - [FINAL TEST DEBUG] Batch 839: unique predictions: [ 2  4  5 12]
2025-12-08 22:18:22 - root - INFO - [FINAL TEST DEBUG] Batch 839: unique labels: [-100    1    2    3    4]
2025-12-08 22:18:22 - root - INFO - [FINAL TEST DEBUG] Batch 839: loss: 3.8238
2025-12-08 22:18:22 - root - INFO - [FINAL TEST DEBUG] Processing batch 840
2025-12-08 22:18:22 - root - INFO - [FINAL TEST DEBUG] Batch 840: unique predictions: [ 2  4  5 12]
2025-12-08 22:18:22 - root - INFO - [FINAL TEST DEBUG] Batch 840: unique labels: [-100    2    3    4]
2025-12-08 22:18:22 - root - INFO - [FINAL TEST DEBUG] Batch 840: loss: 0.9642
2025-12-08 22:18:22 - root - INFO - [FINAL TEST DEBUG] Processing batch 841
2025-12-08 22:18:22 - root - INFO - [FINAL TEST DEBUG] Batch 841: unique predictions: [ 2  4  5 12]
2025-12-08 22:18:22 - root - INFO - [FINAL TEST DEBUG] Batch 841: unique labels: [-100    1    2    3    4]
2025-12-08 22:18:22 - root - INFO - [FINAL TEST DEBUG] Batch 841: loss: 3.4171
2025-12-08 22:18:22 - root - INFO - [FINAL TEST DEBUG] Processing batch 842
2025-12-08 22:18:23 - root - INFO - [FINAL TEST DEBUG] Batch 842: unique predictions: [ 2  4  5 12]
2025-12-08 22:18:23 - root - INFO - [FINAL TEST DEBUG] Batch 842: unique labels: [-100    1    2]
2025-12-08 22:18:23 - root - INFO - [FINAL TEST DEBUG] Batch 842: loss: 2.9754
2025-12-08 22:18:23 - root - INFO - [FINAL TEST DEBUG] Processing batch 843
2025-12-08 22:18:23 - root - INFO - [FINAL TEST DEBUG] Batch 843: unique predictions: [ 2  4  5 12]
2025-12-08 22:18:23 - root - INFO - [FINAL TEST DEBUG] Batch 843: unique labels: [-100    2    3    4]
2025-12-08 22:18:23 - root - INFO - [FINAL TEST DEBUG] Batch 843: loss: 2.1075
2025-12-08 22:18:23 - root - INFO - [FINAL TEST DEBUG] Processing batch 844
2025-12-08 22:18:23 - root - INFO - [FINAL TEST DEBUG] Batch 844: unique predictions: [ 2  4  5 12]
2025-12-08 22:18:23 - root - INFO - [FINAL TEST DEBUG] Batch 844: unique labels: [-100    2    3    4   11]
2025-12-08 22:18:23 - root - INFO - [FINAL TEST DEBUG] Batch 844: loss: 1.7294
2025-12-08 22:18:23 - root - INFO - [FINAL TEST DEBUG] Processing batch 845
2025-12-08 22:18:24 - root - INFO - [FINAL TEST DEBUG] Batch 845: unique predictions: [ 2  4  5  8  9 10 11 12]
2025-12-08 22:18:24 - root - INFO - [FINAL TEST DEBUG] Batch 845: unique labels: [-100   10   11   13]
2025-12-08 22:18:24 - root - INFO - [FINAL TEST DEBUG] Batch 845: loss: 4.1421
2025-12-08 22:18:24 - root - INFO - [FINAL TEST DEBUG] Processing batch 846
2025-12-08 22:18:24 - root - INFO - [FINAL TEST DEBUG] Batch 846: unique predictions: [ 2  4  5  7  8  9 10 11 12]
2025-12-08 22:18:24 - root - INFO - [FINAL TEST DEBUG] Batch 846: unique labels: [-100    7    8   13]
2025-12-08 22:18:24 - root - INFO - [FINAL TEST DEBUG] Batch 846: loss: 3.2984
2025-12-08 22:18:24 - root - INFO - [FINAL TEST DEBUG] Processing batch 847
2025-12-08 22:18:24 - root - INFO - [FINAL TEST DEBUG] Batch 847: unique predictions: [ 2  4  5  6  8 10 11 12]
2025-12-08 22:18:24 - root - INFO - [FINAL TEST DEBUG] Batch 847: unique labels: [-100    8   13]
2025-12-08 22:18:24 - root - INFO - [FINAL TEST DEBUG] Batch 847: loss: 3.4142
2025-12-08 22:18:24 - root - INFO - [FINAL TEST DEBUG] Processing batch 848
2025-12-08 22:18:24 - root - INFO - [FINAL TEST DEBUG] Batch 848: unique predictions: [ 2  4  5  7  8  9 11 12 14]
2025-12-08 22:18:24 - root - INFO - [FINAL TEST DEBUG] Batch 848: unique labels: [-100    6    8   11]
2025-12-08 22:18:24 - root - INFO - [FINAL TEST DEBUG] Batch 848: loss: 2.9443
2025-12-08 22:18:24 - root - INFO - [FINAL TEST DEBUG] Processing batch 849
2025-12-08 22:18:25 - root - INFO - [FINAL TEST DEBUG] Batch 849: unique predictions: [ 2  4  7  8  9 10 11 12]
2025-12-08 22:18:25 - root - INFO - [FINAL TEST DEBUG] Batch 849: unique labels: [-100    6    8   11]
2025-12-08 22:18:25 - root - INFO - [FINAL TEST DEBUG] Batch 849: loss: 3.1449
2025-12-08 22:18:25 - root - INFO - [FINAL TEST DEBUG] Processing batch 850
2025-12-08 22:18:25 - root - INFO - [FINAL TEST DEBUG] Batch 850: unique predictions: [ 2  4  5  7  8  9 10 11 12]
2025-12-08 22:18:25 - root - INFO - [FINAL TEST DEBUG] Batch 850: unique labels: [-100    8   13]
2025-12-08 22:18:25 - root - INFO - [FINAL TEST DEBUG] Batch 850: loss: 3.2029
2025-12-08 22:18:25 - root - INFO - [FINAL TEST DEBUG] Processing batch 851
2025-12-08 22:18:25 - root - INFO - [FINAL TEST DEBUG] Batch 851: unique predictions: [ 2  4  5  6  8  9 10 11 12]
2025-12-08 22:18:25 - root - INFO - [FINAL TEST DEBUG] Batch 851: unique labels: [-100   13]
2025-12-08 22:18:25 - root - INFO - [FINAL TEST DEBUG] Batch 851: loss: 3.5958
2025-12-08 22:18:25 - root - INFO - [FINAL TEST DEBUG] Processing batch 852
2025-12-08 22:18:26 - root - INFO - [FINAL TEST DEBUG] Batch 852: unique predictions: [ 2  4  5  7  8  9 10 11 12]
2025-12-08 22:18:26 - root - INFO - [FINAL TEST DEBUG] Batch 852: unique labels: [-100   10   13]
2025-12-08 22:18:26 - root - INFO - [FINAL TEST DEBUG] Batch 852: loss: 4.4638
2025-12-08 22:18:26 - root - INFO - [FINAL TEST DEBUG] Processing batch 853
2025-12-08 22:18:26 - root - INFO - [FINAL TEST DEBUG] Batch 853: unique predictions: [ 2  4  7  8 10 11 12]
2025-12-08 22:18:26 - root - INFO - [FINAL TEST DEBUG] Batch 853: unique labels: [-100    7   13]
2025-12-08 22:18:26 - root - INFO - [FINAL TEST DEBUG] Batch 853: loss: 4.2842
2025-12-08 22:18:26 - root - INFO - [FINAL TEST DEBUG] Processing batch 854
2025-12-08 22:18:26 - root - INFO - [FINAL TEST DEBUG] Batch 854: unique predictions: [ 2  4  5  7  9 10 11 12]
2025-12-08 22:18:26 - root - INFO - [FINAL TEST DEBUG] Batch 854: unique labels: [-100    6   11   13]
2025-12-08 22:18:26 - root - INFO - [FINAL TEST DEBUG] Batch 854: loss: 4.4254
2025-12-08 22:18:26 - root - INFO - [FINAL TEST DEBUG] Processing batch 855
2025-12-08 22:18:26 - root - INFO - [FINAL TEST DEBUG] Batch 855: unique predictions: [ 2  4  8  9 10 11 12]
2025-12-08 22:18:26 - root - INFO - [FINAL TEST DEBUG] Batch 855: unique labels: [-100    6   11]
2025-12-08 22:18:26 - root - INFO - [FINAL TEST DEBUG] Batch 855: loss: 3.4809
2025-12-08 22:18:26 - root - INFO - [FINAL TEST DEBUG] Processing batch 856
2025-12-08 22:18:27 - root - INFO - [FINAL TEST DEBUG] Batch 856: unique predictions: [ 2  4  7  8 10 11 12]
2025-12-08 22:18:27 - root - INFO - [FINAL TEST DEBUG] Batch 856: unique labels: [-100   10   11]
2025-12-08 22:18:27 - root - INFO - [FINAL TEST DEBUG] Batch 856: loss: 3.2688
2025-12-08 22:18:27 - root - INFO - [FINAL TEST DEBUG] Processing batch 857
2025-12-08 22:18:27 - root - INFO - [FINAL TEST DEBUG] Batch 857: unique predictions: [ 2  4  5  7  8 10 11 12]
2025-12-08 22:18:27 - root - INFO - [FINAL TEST DEBUG] Batch 857: unique labels: [-100    8   10   11]
2025-12-08 22:18:27 - root - INFO - [FINAL TEST DEBUG] Batch 857: loss: 4.1550
2025-12-08 22:18:27 - root - INFO - [FINAL TEST DEBUG] Processing batch 858
2025-12-08 22:18:27 - root - INFO - [FINAL TEST DEBUG] Batch 858: unique predictions: [ 2  4  5  7  9 10 11 12]
2025-12-08 22:18:27 - root - INFO - [FINAL TEST DEBUG] Batch 858: unique labels: [-100    8   13]
2025-12-08 22:18:27 - root - INFO - [FINAL TEST DEBUG] Batch 858: loss: 3.4510
2025-12-08 22:18:27 - root - INFO - [FINAL TEST DEBUG] Processing batch 859
2025-12-08 22:18:27 - root - INFO - [FINAL TEST DEBUG] Batch 859: unique predictions: [ 2  4  5  7  8  9 10 11 12]
2025-12-08 22:18:27 - root - INFO - [FINAL TEST DEBUG] Batch 859: unique labels: [-100   13]
2025-12-08 22:18:27 - root - INFO - [FINAL TEST DEBUG] Batch 859: loss: 3.8157
2025-12-08 22:18:27 - root - INFO - [FINAL TEST DEBUG] Processing batch 860
2025-12-08 22:18:28 - root - INFO - [FINAL TEST DEBUG] Batch 860: unique predictions: [ 2  4  6  8  9 10 11 12 15]
2025-12-08 22:18:28 - root - INFO - [FINAL TEST DEBUG] Batch 860: unique labels: [-100    6    8]
2025-12-08 22:18:28 - root - INFO - [FINAL TEST DEBUG] Batch 860: loss: 3.2496
2025-12-08 22:18:28 - root - INFO - [FINAL TEST DEBUG] Processing batch 861
2025-12-08 22:18:28 - root - INFO - [FINAL TEST DEBUG] Batch 861: unique predictions: [ 2  4  5  8 10 11 12]
2025-12-08 22:18:28 - root - INFO - [FINAL TEST DEBUG] Batch 861: unique labels: [-100    6    8   11]
2025-12-08 22:18:28 - root - INFO - [FINAL TEST DEBUG] Batch 861: loss: 3.1235
2025-12-08 22:18:28 - root - INFO - [FINAL TEST DEBUG] Processing batch 862
2025-12-08 22:18:28 - root - INFO - [FINAL TEST DEBUG] Batch 862: unique predictions: [ 2  4  8 10 11 12]
2025-12-08 22:18:28 - root - INFO - [FINAL TEST DEBUG] Batch 862: unique labels: [-100    6    8   11]
2025-12-08 22:18:28 - root - INFO - [FINAL TEST DEBUG] Batch 862: loss: 3.9045
2025-12-08 22:18:28 - root - INFO - [FINAL TEST DEBUG] Processing batch 863
2025-12-08 22:18:29 - root - INFO - [FINAL TEST DEBUG] Batch 863: unique predictions: [ 2  4  5  8 10 11 12]
2025-12-08 22:18:29 - root - INFO - [FINAL TEST DEBUG] Batch 863: unique labels: [-100    8   10   11]
2025-12-08 22:18:29 - root - INFO - [FINAL TEST DEBUG] Batch 863: loss: 5.3487
2025-12-08 22:18:29 - root - INFO - [FINAL TEST DEBUG] Processing batch 864
2025-12-08 22:18:29 - root - INFO - [FINAL TEST DEBUG] Batch 864: unique predictions: [ 2  4  7  8 10 11 12]
2025-12-08 22:18:29 - root - INFO - [FINAL TEST DEBUG] Batch 864: unique labels: [-100    6   11]
2025-12-08 22:18:29 - root - INFO - [FINAL TEST DEBUG] Batch 864: loss: 3.5650
2025-12-08 22:18:29 - root - INFO - [FINAL TEST DEBUG] Processing batch 865
2025-12-08 22:18:29 - root - INFO - [FINAL TEST DEBUG] Batch 865: unique predictions: [ 2  4  5  8 10 11 12]
2025-12-08 22:18:29 - root - INFO - [FINAL TEST DEBUG] Batch 865: unique labels: [-100    6   11]
2025-12-08 22:18:29 - root - INFO - [FINAL TEST DEBUG] Batch 865: loss: 3.2197
2025-12-08 22:18:29 - root - INFO - [FINAL TEST DEBUG] Processing batch 866
2025-12-08 22:18:29 - root - INFO - [FINAL TEST DEBUG] Batch 866: unique predictions: [ 2  4  5  6  7  8  9 10 11 12]
2025-12-08 22:18:29 - root - INFO - [FINAL TEST DEBUG] Batch 866: unique labels: [-100    7   13]
2025-12-08 22:18:29 - root - INFO - [FINAL TEST DEBUG] Batch 866: loss: 3.4802
2025-12-08 22:18:29 - root - INFO - [FINAL TEST DEBUG] Processing batch 867
2025-12-08 22:18:30 - root - INFO - [FINAL TEST DEBUG] Batch 867: unique predictions: [ 2  4  5  6  7  8 10 11 12 14]
2025-12-08 22:18:30 - root - INFO - [FINAL TEST DEBUG] Batch 867: unique labels: [-100    8   13]
2025-12-08 22:18:30 - root - INFO - [FINAL TEST DEBUG] Batch 867: loss: 2.8755
2025-12-08 22:18:30 - root - INFO - [FINAL TEST DEBUG] Processing batch 868
2025-12-08 22:18:30 - root - INFO - [FINAL TEST DEBUG] Batch 868: unique predictions: [ 2  4  5  7  8  9 10 11 12]
2025-12-08 22:18:30 - root - INFO - [FINAL TEST DEBUG] Batch 868: unique labels: [-100    8   11]
2025-12-08 22:18:30 - root - INFO - [FINAL TEST DEBUG] Batch 868: loss: 4.3652
2025-12-08 22:18:30 - root - INFO - [FINAL TEST DEBUG] Processing batch 869
2025-12-08 22:18:30 - root - INFO - [FINAL TEST DEBUG] Batch 869: unique predictions: [ 2  4  8  9 10 11 12]
2025-12-08 22:18:30 - root - INFO - [FINAL TEST DEBUG] Batch 869: unique labels: [-100    6   10   11]
2025-12-08 22:18:30 - root - INFO - [FINAL TEST DEBUG] Batch 869: loss: 2.9179
2025-12-08 22:18:30 - root - INFO - [FINAL TEST DEBUG] Processing batch 870
2025-12-08 22:18:31 - root - INFO - [FINAL TEST DEBUG] Batch 870: unique predictions: [ 2  4  5  8  9 10 11 12]
2025-12-08 22:18:31 - root - INFO - [FINAL TEST DEBUG] Batch 870: unique labels: [-100    7   11   13]
2025-12-08 22:18:31 - root - INFO - [FINAL TEST DEBUG] Batch 870: loss: 2.9830
2025-12-08 22:18:31 - root - INFO - [FINAL TEST DEBUG] Processing batch 871
2025-12-08 22:18:31 - root - INFO - [FINAL TEST DEBUG] Batch 871: unique predictions: [ 2  4  5  6  7  8 10 11 12 14]
2025-12-08 22:18:31 - root - INFO - [FINAL TEST DEBUG] Batch 871: unique labels: [-100   11   13]
2025-12-08 22:18:31 - root - INFO - [FINAL TEST DEBUG] Batch 871: loss: 2.9868
2025-12-08 22:18:31 - root - INFO - [FINAL TEST DEBUG] Processing batch 872
2025-12-08 22:18:31 - root - INFO - [FINAL TEST DEBUG] Batch 872: unique predictions: [ 2  4  5  6  7  8 12]
2025-12-08 22:18:31 - root - INFO - [FINAL TEST DEBUG] Batch 872: unique labels: [-100    6    8   11]
2025-12-08 22:18:31 - root - INFO - [FINAL TEST DEBUG] Batch 872: loss: 3.3656
2025-12-08 22:18:31 - root - INFO - [FINAL TEST DEBUG] Processing batch 873
2025-12-08 22:18:31 - root - INFO - [FINAL TEST DEBUG] Batch 873: unique predictions: [ 2  4  6  7  8 10 11 12]
2025-12-08 22:18:31 - root - INFO - [FINAL TEST DEBUG] Batch 873: unique labels: [-100    6    7    8   10]
2025-12-08 22:18:31 - root - INFO - [FINAL TEST DEBUG] Batch 873: loss: 3.3273
2025-12-08 22:18:31 - root - INFO - [FINAL TEST DEBUG] Processing batch 874
2025-12-08 22:18:32 - root - INFO - [FINAL TEST DEBUG] Batch 874: unique predictions: [ 2  4  6  7  9 10 11 12]
2025-12-08 22:18:32 - root - INFO - [FINAL TEST DEBUG] Batch 874: unique labels: [-100    6    7   11]
2025-12-08 22:18:32 - root - INFO - [FINAL TEST DEBUG] Batch 874: loss: 3.0340
2025-12-08 22:18:32 - root - INFO - [FINAL TEST DEBUG] Processing batch 875
2025-12-08 22:18:32 - root - INFO - [FINAL TEST DEBUG] Batch 875: unique predictions: [ 2  4  7  8  9 10 11 12]
2025-12-08 22:18:32 - root - INFO - [FINAL TEST DEBUG] Batch 875: unique labels: [-100    6    8   10   13]
2025-12-08 22:18:32 - root - INFO - [FINAL TEST DEBUG] Batch 875: loss: 3.1587
2025-12-08 22:18:32 - root - INFO - [FINAL TEST DEBUG] Processing batch 876
2025-12-08 22:18:32 - root - INFO - [FINAL TEST DEBUG] Batch 876: unique predictions: [ 2  4  5  6  8  9 10 11 12]
2025-12-08 22:18:32 - root - INFO - [FINAL TEST DEBUG] Batch 876: unique labels: [-100    7   11   13]
2025-12-08 22:18:32 - root - INFO - [FINAL TEST DEBUG] Batch 876: loss: 3.4648
2025-12-08 22:18:32 - root - INFO - [FINAL TEST DEBUG] Processing batch 877
2025-12-08 22:18:32 - root - INFO - [FINAL TEST DEBUG] Batch 877: unique predictions: [ 2  4  5  6  8  9 10 11 12 14]
2025-12-08 22:18:32 - root - INFO - [FINAL TEST DEBUG] Batch 877: unique labels: [-100    8   13]
2025-12-08 22:18:32 - root - INFO - [FINAL TEST DEBUG] Batch 877: loss: 3.3900
2025-12-08 22:18:32 - root - INFO - [FINAL TEST DEBUG] Processing batch 878
2025-12-08 22:18:33 - root - INFO - [FINAL TEST DEBUG] Batch 878: unique predictions: [ 2  4  5  8  9 10 11 12]
2025-12-08 22:18:33 - root - INFO - [FINAL TEST DEBUG] Batch 878: unique labels: [-100    7    8   13]
2025-12-08 22:18:33 - root - INFO - [FINAL TEST DEBUG] Batch 878: loss: 3.9416
2025-12-08 22:18:33 - root - INFO - [FINAL TEST DEBUG] Processing batch 879
2025-12-08 22:18:33 - root - INFO - [FINAL TEST DEBUG] Batch 879: unique predictions: [ 2  4  5  7 11 12]
2025-12-08 22:18:33 - root - INFO - [FINAL TEST DEBUG] Batch 879: unique labels: [-100    6   11]
2025-12-08 22:18:33 - root - INFO - [FINAL TEST DEBUG] Batch 879: loss: 3.2455
2025-12-08 22:18:33 - root - INFO - [FINAL TEST DEBUG] Processing batch 880
2025-12-08 22:18:33 - root - INFO - [FINAL TEST DEBUG] Batch 880: unique predictions: [ 2  4  5  8  9 10 11 12]
2025-12-08 22:18:33 - root - INFO - [FINAL TEST DEBUG] Batch 880: unique labels: [-100    7]
2025-12-08 22:18:33 - root - INFO - [FINAL TEST DEBUG] Batch 880: loss: 2.7661
2025-12-08 22:18:33 - root - INFO - [FINAL TEST DEBUG] Processing batch 881
2025-12-08 22:18:34 - root - INFO - [FINAL TEST DEBUG] Batch 881: unique predictions: [ 2  4  5  6  8  9 10 11 12]
2025-12-08 22:18:34 - root - INFO - [FINAL TEST DEBUG] Batch 881: unique labels: [-100    8   10   13]
2025-12-08 22:18:34 - root - INFO - [FINAL TEST DEBUG] Batch 881: loss: 2.9091
2025-12-08 22:18:34 - root - INFO - [FINAL TEST DEBUG] Processing batch 882
2025-12-08 22:18:34 - root - INFO - [FINAL TEST DEBUG] Batch 882: unique predictions: [ 2  4  9 10 11 12]
2025-12-08 22:18:34 - root - INFO - [FINAL TEST DEBUG] Batch 882: unique labels: [-100    6    7   11]
2025-12-08 22:18:34 - root - INFO - [FINAL TEST DEBUG] Batch 882: loss: 3.0136
2025-12-08 22:18:34 - root - INFO - [FINAL TEST DEBUG] Processing batch 883
2025-12-08 22:18:34 - root - INFO - [FINAL TEST DEBUG] Batch 883: unique predictions: [ 2  4  5  6  7  8 10 11 12]
2025-12-08 22:18:34 - root - INFO - [FINAL TEST DEBUG] Batch 883: unique labels: [-100    6    8]
2025-12-08 22:18:34 - root - INFO - [FINAL TEST DEBUG] Batch 883: loss: 3.6127
2025-12-08 22:18:34 - root - INFO - [FINAL TEST DEBUG] Processing batch 884
2025-12-08 22:18:34 - root - INFO - [FINAL TEST DEBUG] Batch 884: unique predictions: [ 2  4  5  6  7  8  9 10 11 12]
2025-12-08 22:18:34 - root - INFO - [FINAL TEST DEBUG] Batch 884: unique labels: [-100    7    8   13]
2025-12-08 22:18:34 - root - INFO - [FINAL TEST DEBUG] Batch 884: loss: 2.9494
2025-12-08 22:18:34 - root - INFO - [FINAL TEST DEBUG] Processing batch 885
2025-12-08 22:18:35 - root - INFO - [FINAL TEST DEBUG] Batch 885: unique predictions: [ 2  4  5  7  8 10 11 12]
2025-12-08 22:18:35 - root - INFO - [FINAL TEST DEBUG] Batch 885: unique labels: [-100    7    8   13]
2025-12-08 22:18:35 - root - INFO - [FINAL TEST DEBUG] Batch 885: loss: 3.0632
2025-12-08 22:18:35 - root - INFO - [FINAL TEST DEBUG] Processing batch 886
2025-12-08 22:18:35 - root - INFO - [FINAL TEST DEBUG] Batch 886: unique predictions: [ 2  4  5  6  7  8  9 10 11 12]
2025-12-08 22:18:35 - root - INFO - [FINAL TEST DEBUG] Batch 886: unique labels: [-100    7   13]
2025-12-08 22:18:35 - root - INFO - [FINAL TEST DEBUG] Batch 886: loss: 4.1649
2025-12-08 22:18:35 - root - INFO - [FINAL TEST DEBUG] Processing batch 887
2025-12-08 22:18:35 - root - INFO - [FINAL TEST DEBUG] Batch 887: unique predictions: [ 2  4  5  7  8 10 11 12]
2025-12-08 22:18:35 - root - INFO - [FINAL TEST DEBUG] Batch 887: unique labels: [-100    7   13]
2025-12-08 22:18:35 - root - INFO - [FINAL TEST DEBUG] Batch 887: loss: 4.8316
2025-12-08 22:18:35 - root - INFO - [FINAL TEST DEBUG] Processing batch 888
2025-12-08 22:18:35 - root - INFO - [FINAL TEST DEBUG] Batch 888: unique predictions: [ 2  4  6  7  8 10 11 12]
2025-12-08 22:18:35 - root - INFO - [FINAL TEST DEBUG] Batch 888: unique labels: [-100    7]
2025-12-08 22:18:35 - root - INFO - [FINAL TEST DEBUG] Batch 888: loss: 2.7107
2025-12-08 22:18:35 - root - INFO - [FINAL TEST DEBUG] Processing batch 889
2025-12-08 22:18:36 - root - INFO - [FINAL TEST DEBUG] Batch 889: unique predictions: [ 2  4  5  6  8 10 11 12]
2025-12-08 22:18:36 - root - INFO - [FINAL TEST DEBUG] Batch 889: unique labels: [-100    8   13]
2025-12-08 22:18:36 - root - INFO - [FINAL TEST DEBUG] Batch 889: loss: 3.7298
2025-12-08 22:18:36 - root - INFO - [FINAL TEST DEBUG] Processing batch 890
2025-12-08 22:18:36 - root - INFO - [FINAL TEST DEBUG] Batch 890: unique predictions: [ 2  4  5  6  7  8 10 11 12]
2025-12-08 22:18:36 - root - INFO - [FINAL TEST DEBUG] Batch 890: unique labels: [-100    7    8   13]
2025-12-08 22:18:36 - root - INFO - [FINAL TEST DEBUG] Batch 890: loss: 3.0818
2025-12-08 22:18:36 - root - INFO - [FINAL TEST DEBUG] Processing batch 891
2025-12-08 22:18:36 - root - INFO - [FINAL TEST DEBUG] Batch 891: unique predictions: [ 2  4  5  7  8  9 10 11 12]
2025-12-08 22:18:36 - root - INFO - [FINAL TEST DEBUG] Batch 891: unique labels: [-100    7   13]
2025-12-08 22:18:36 - root - INFO - [FINAL TEST DEBUG] Batch 891: loss: 4.9114
2025-12-08 22:18:36 - root - INFO - [FINAL TEST DEBUG] Processing batch 892
2025-12-08 22:18:37 - root - INFO - [FINAL TEST DEBUG] Batch 892: unique predictions: [ 2  4  5 11 12]
2025-12-08 22:18:37 - root - INFO - [FINAL TEST DEBUG] Batch 892: unique labels: [-100    8]
2025-12-08 22:18:37 - root - INFO - [FINAL TEST DEBUG] Batch 892: loss: 4.2712
2025-12-08 22:18:37 - root - INFO - [FINAL TEST DEBUG] Processing batch 893
2025-12-08 22:18:37 - root - INFO - [FINAL TEST DEBUG] Batch 893: unique predictions: [ 2  4  5  7  8 10 11 12]
2025-12-08 22:18:37 - root - INFO - [FINAL TEST DEBUG] Batch 893: unique labels: [-100    8]
2025-12-08 22:18:37 - root - INFO - [FINAL TEST DEBUG] Batch 893: loss: 3.3661
2025-12-08 22:18:37 - root - INFO - [FINAL TEST DEBUG] Processing batch 894
2025-12-08 22:18:37 - root - INFO - [FINAL TEST DEBUG] Batch 894: unique predictions: [ 2  4  5  7  8  9 10 11 12]
2025-12-08 22:18:37 - root - INFO - [FINAL TEST DEBUG] Batch 894: unique labels: [-100   10   13]
2025-12-08 22:18:37 - root - INFO - [FINAL TEST DEBUG] Batch 894: loss: 3.3992
2025-12-08 22:18:37 - root - INFO - [FINAL TEST DEBUG] Processing batch 895
2025-12-08 22:18:37 - root - INFO - [FINAL TEST DEBUG] Batch 895: unique predictions: [ 2  4  5  7  8  9 10 11 12]
2025-12-08 22:18:37 - root - INFO - [FINAL TEST DEBUG] Batch 895: unique labels: [-100    8   11   13]
2025-12-08 22:18:37 - root - INFO - [FINAL TEST DEBUG] Batch 895: loss: 3.5677
2025-12-08 22:18:37 - root - INFO - [FINAL TEST DEBUG] Processing batch 896
2025-12-08 22:18:38 - root - INFO - [FINAL TEST DEBUG] Batch 896: unique predictions: [ 2  4  5  6  7  8 10 11 12]
2025-12-08 22:18:38 - root - INFO - [FINAL TEST DEBUG] Batch 896: unique labels: [-100    6    8]
2025-12-08 22:18:38 - root - INFO - [FINAL TEST DEBUG] Batch 896: loss: 3.9437
2025-12-08 22:18:38 - root - INFO - [FINAL TEST DEBUG] Processing batch 897
2025-12-08 22:18:38 - root - INFO - [FINAL TEST DEBUG] Batch 897: unique predictions: [ 2  4  5  7  8  9 10 11 12]
2025-12-08 22:18:38 - root - INFO - [FINAL TEST DEBUG] Batch 897: unique labels: [-100   11]
2025-12-08 22:18:38 - root - INFO - [FINAL TEST DEBUG] Batch 897: loss: 2.6794
2025-12-08 22:18:38 - root - INFO - [FINAL TEST DEBUG] Processing batch 898
2025-12-08 22:18:38 - root - INFO - [FINAL TEST DEBUG] Batch 898: unique predictions: [ 2  4  5  8  9 10 11 12]
2025-12-08 22:18:38 - root - INFO - [FINAL TEST DEBUG] Batch 898: unique labels: [-100   11]
2025-12-08 22:18:38 - root - INFO - [FINAL TEST DEBUG] Batch 898: loss: 4.1026
2025-12-08 22:18:38 - root - INFO - [FINAL TEST DEBUG] Processing batch 899
2025-12-08 22:18:39 - root - INFO - [FINAL TEST DEBUG] Batch 899: unique predictions: [ 2  4  6  8  9 10 11 12]
2025-12-08 22:18:39 - root - INFO - [FINAL TEST DEBUG] Batch 899: unique labels: [-100    8   11]
2025-12-08 22:18:39 - root - INFO - [FINAL TEST DEBUG] Batch 899: loss: 3.1884
2025-12-08 22:18:39 - root - INFO - [FINAL TEST DEBUG] Processing batch 900
2025-12-08 22:18:39 - root - INFO - [FINAL TEST DEBUG] Batch 900: unique predictions: [ 2  4  7  8  9 10 11 12]
2025-12-08 22:18:39 - root - INFO - [FINAL TEST DEBUG] Batch 900: unique labels: [-100   11]
2025-12-08 22:18:39 - root - INFO - [FINAL TEST DEBUG] Batch 900: loss: 2.3007
2025-12-08 22:18:39 - root - INFO - [FINAL TEST DEBUG] Processing batch 901
2025-12-08 22:18:39 - root - INFO - [FINAL TEST DEBUG] Batch 901: unique predictions: [ 2  4  5  6  8  9 10 11 12]
2025-12-08 22:18:39 - root - INFO - [FINAL TEST DEBUG] Batch 901: unique labels: [-100   10   11   13]
2025-12-08 22:18:39 - root - INFO - [FINAL TEST DEBUG] Batch 901: loss: 3.1147
2025-12-08 22:18:39 - root - INFO - [FINAL TEST DEBUG] Processing batch 902
2025-12-08 22:18:39 - root - INFO - [FINAL TEST DEBUG] Batch 902: unique predictions: [ 2  4  5  6  8 11 12 14]
2025-12-08 22:18:39 - root - INFO - [FINAL TEST DEBUG] Batch 902: unique labels: [-100   11]
2025-12-08 22:18:39 - root - INFO - [FINAL TEST DEBUG] Batch 902: loss: 3.0766
2025-12-08 22:18:39 - root - INFO - [FINAL TEST DEBUG] Processing batch 903
2025-12-08 22:18:40 - root - INFO - [FINAL TEST DEBUG] Batch 903: unique predictions: [ 2  4  7  8 10 11 12]
2025-12-08 22:18:40 - root - INFO - [FINAL TEST DEBUG] Batch 903: unique labels: [-100   11   13]
2025-12-08 22:18:40 - root - INFO - [FINAL TEST DEBUG] Batch 903: loss: 2.6701
2025-12-08 22:18:40 - root - INFO - [FINAL TEST DEBUG] Processing batch 904
2025-12-08 22:18:40 - root - INFO - [FINAL TEST DEBUG] Batch 904: unique predictions: [ 2  4  5  7  8  9 10 11 12]
2025-12-08 22:18:40 - root - INFO - [FINAL TEST DEBUG] Batch 904: unique labels: [-100   10]
2025-12-08 22:18:40 - root - INFO - [FINAL TEST DEBUG] Batch 904: loss: 2.7829
2025-12-08 22:18:40 - root - INFO - [FINAL TEST DEBUG] Processing batch 905
2025-12-08 22:18:40 - root - INFO - [FINAL TEST DEBUG] Batch 905: unique predictions: [ 2  4  5  6  8  9 10 11 12]
2025-12-08 22:18:40 - root - INFO - [FINAL TEST DEBUG] Batch 905: unique labels: [-100   10]
2025-12-08 22:18:40 - root - INFO - [FINAL TEST DEBUG] Batch 905: loss: 2.8218
2025-12-08 22:18:40 - root - INFO - [FINAL TEST DEBUG] Processing batch 906
2025-12-08 22:18:41 - root - INFO - [FINAL TEST DEBUG] Batch 906: unique predictions: [ 2  4  5  6  8 10 11 12]
2025-12-08 22:18:41 - root - INFO - [FINAL TEST DEBUG] Batch 906: unique labels: [-100    8]
2025-12-08 22:18:41 - root - INFO - [FINAL TEST DEBUG] Batch 906: loss: 3.3665
2025-12-08 22:18:41 - root - INFO - [FINAL TEST DEBUG] Processing batch 907
2025-12-08 22:18:41 - root - INFO - [FINAL TEST DEBUG] Batch 907: unique predictions: [ 2  4  5  7  8 10 11 12]
2025-12-08 22:18:41 - root - INFO - [FINAL TEST DEBUG] Batch 907: unique labels: [-100    8]
2025-12-08 22:18:41 - root - INFO - [FINAL TEST DEBUG] Batch 907: loss: 3.2255
2025-12-08 22:18:41 - root - INFO - [FINAL TEST DEBUG] Processing batch 908
2025-12-08 22:18:41 - root - INFO - [FINAL TEST DEBUG] Batch 908: unique predictions: [ 2  4  5  7  8  9 10 11 12]
2025-12-08 22:18:41 - root - INFO - [FINAL TEST DEBUG] Batch 908: unique labels: [-100    8]
2025-12-08 22:18:41 - root - INFO - [FINAL TEST DEBUG] Batch 908: loss: 3.0558
2025-12-08 22:18:41 - root - INFO - [FINAL TEST DEBUG] Processing batch 909
2025-12-08 22:18:41 - root - INFO - [FINAL TEST DEBUG] Batch 909: unique predictions: [ 2  4  5  7  8 10 11 12]
2025-12-08 22:18:41 - root - INFO - [FINAL TEST DEBUG] Batch 909: unique labels: [-100    8]
2025-12-08 22:18:41 - root - INFO - [FINAL TEST DEBUG] Batch 909: loss: 3.5835
2025-12-08 22:18:41 - root - INFO - [FINAL TEST DEBUG] Processing batch 910
2025-12-08 22:18:42 - root - INFO - [FINAL TEST DEBUG] Batch 910: unique predictions: [ 2  4  5  6  7  8  9 10 11 12]
2025-12-08 22:18:42 - root - INFO - [FINAL TEST DEBUG] Batch 910: unique labels: [-100    8]
2025-12-08 22:18:42 - root - INFO - [FINAL TEST DEBUG] Batch 910: loss: 3.5028
2025-12-08 22:18:42 - root - INFO - [FINAL TEST DEBUG] Processing batch 911
2025-12-08 22:18:42 - root - INFO - [FINAL TEST DEBUG] Batch 911: unique predictions: [ 2  4  5  6  8  9 10 11 12]
2025-12-08 22:18:42 - root - INFO - [FINAL TEST DEBUG] Batch 911: unique labels: [-100    8   13]
2025-12-08 22:18:42 - root - INFO - [FINAL TEST DEBUG] Batch 911: loss: 3.4629
2025-12-08 22:18:42 - root - INFO - [FINAL TEST DEBUG] Processing batch 912
2025-12-08 22:18:42 - root - INFO - [FINAL TEST DEBUG] Batch 912: unique predictions: [ 2  4  5  6  7  8 10 11 12]
2025-12-08 22:18:42 - root - INFO - [FINAL TEST DEBUG] Batch 912: unique labels: [-100   10   11   13]
2025-12-08 22:18:42 - root - INFO - [FINAL TEST DEBUG] Batch 912: loss: 3.6803
2025-12-08 22:18:42 - root - INFO - [FINAL TEST DEBUG] Processing batch 913
2025-12-08 22:18:42 - root - INFO - [FINAL TEST DEBUG] Batch 913: unique predictions: [ 2  4  6  7  9 10 11 12]
2025-12-08 22:18:42 - root - INFO - [FINAL TEST DEBUG] Batch 913: unique labels: [-100   10   11   13]
2025-12-08 22:18:42 - root - INFO - [FINAL TEST DEBUG] Batch 913: loss: 2.9953
2025-12-08 22:18:42 - root - INFO - [FINAL TEST DEBUG] Processing batch 914
2025-12-08 22:18:43 - root - INFO - [FINAL TEST DEBUG] Batch 914: unique predictions: [ 2  4  5  8 11 12]
2025-12-08 22:18:43 - root - INFO - [FINAL TEST DEBUG] Batch 914: unique labels: [-100    8   13]
2025-12-08 22:18:43 - root - INFO - [FINAL TEST DEBUG] Batch 914: loss: 4.3600
2025-12-08 22:18:43 - root - INFO - [FINAL TEST DEBUG] Processing batch 915
2025-12-08 22:18:43 - root - INFO - [FINAL TEST DEBUG] Batch 915: unique predictions: [ 2  4  5  8 10 11 12]
2025-12-08 22:18:43 - root - INFO - [FINAL TEST DEBUG] Batch 915: unique labels: [-100    8   11]
2025-12-08 22:18:43 - root - INFO - [FINAL TEST DEBUG] Batch 915: loss: 3.0402
2025-12-08 22:18:43 - root - INFO - [FINAL TEST DEBUG] Processing batch 916
2025-12-08 22:18:43 - root - INFO - [FINAL TEST DEBUG] Batch 916: unique predictions: [ 2  4  5  6  8 10 11 12]
2025-12-08 22:18:43 - root - INFO - [FINAL TEST DEBUG] Batch 916: unique labels: [-100    8]
2025-12-08 22:18:43 - root - INFO - [FINAL TEST DEBUG] Batch 916: loss: 3.2059
2025-12-08 22:18:43 - root - INFO - [FINAL TEST DEBUG] Processing batch 917
2025-12-08 22:18:44 - root - INFO - [FINAL TEST DEBUG] Batch 917: unique predictions: [ 2  4  5  7  8  9 10 11 12]
2025-12-08 22:18:44 - root - INFO - [FINAL TEST DEBUG] Batch 917: unique labels: [-100    8]
2025-12-08 22:18:44 - root - INFO - [FINAL TEST DEBUG] Batch 917: loss: 2.9540
2025-12-08 22:18:44 - root - INFO - [FINAL TEST DEBUG] Processing batch 918
2025-12-08 22:18:44 - root - INFO - [FINAL TEST DEBUG] Batch 918: unique predictions: [ 2  4  5  7  8  9 10 11 12 13]
2025-12-08 22:18:44 - root - INFO - [FINAL TEST DEBUG] Batch 918: unique labels: [-100    8]
2025-12-08 22:18:44 - root - INFO - [FINAL TEST DEBUG] Batch 918: loss: 2.8884
2025-12-08 22:18:44 - root - INFO - [FINAL TEST DEBUG] Processing batch 919
2025-12-08 22:18:44 - root - INFO - [FINAL TEST DEBUG] Batch 919: unique predictions: [ 2  4  5  8  9 10 11 12]
2025-12-08 22:18:44 - root - INFO - [FINAL TEST DEBUG] Batch 919: unique labels: [-100    8]
2025-12-08 22:18:44 - root - INFO - [FINAL TEST DEBUG] Batch 919: loss: 3.3992
2025-12-08 22:18:44 - root - INFO - [FINAL TEST DEBUG] Processing batch 920
2025-12-08 22:18:45 - root - INFO - [FINAL TEST DEBUG] Batch 920: unique predictions: [ 2  4  5  6  8 10 11 12]
2025-12-08 22:18:45 - root - INFO - [FINAL TEST DEBUG] Batch 920: unique labels: [-100    8]
2025-12-08 22:18:45 - root - INFO - [FINAL TEST DEBUG] Batch 920: loss: 2.6170
2025-12-08 22:18:45 - root - INFO - [FINAL TEST DEBUG] Processing batch 921
2025-12-08 22:18:45 - root - INFO - [FINAL TEST DEBUG] Batch 921: unique predictions: [ 2  4  5  7  8  9 10 11 12]
2025-12-08 22:18:45 - root - INFO - [FINAL TEST DEBUG] Batch 921: unique labels: [-100    8   13]
2025-12-08 22:18:45 - root - INFO - [FINAL TEST DEBUG] Batch 921: loss: 2.8426
2025-12-08 22:18:45 - root - INFO - [FINAL TEST DEBUG] Processing batch 922
2025-12-08 22:18:45 - root - INFO - [FINAL TEST DEBUG] Batch 922: unique predictions: [ 2  4  5  7  8  9 10 11 12]
2025-12-08 22:18:45 - root - INFO - [FINAL TEST DEBUG] Batch 922: unique labels: [-100    7]
2025-12-08 22:18:45 - root - INFO - [FINAL TEST DEBUG] Batch 922: loss: 2.7271
2025-12-08 22:18:45 - root - INFO - [FINAL TEST DEBUG] Processing batch 923
2025-12-08 22:18:46 - root - INFO - [FINAL TEST DEBUG] Batch 923: unique predictions: [ 2  4  5  6  8  9 10 11 12 14]
2025-12-08 22:18:46 - root - INFO - [FINAL TEST DEBUG] Batch 923: unique labels: [-100    7    8]
2025-12-08 22:18:46 - root - INFO - [FINAL TEST DEBUG] Batch 923: loss: 2.9980
2025-12-08 22:18:46 - root - INFO - [FINAL TEST DEBUG] Processing batch 924
2025-12-08 22:18:46 - root - INFO - [FINAL TEST DEBUG] Batch 924: unique predictions: [ 2  4  5  6  8  9 11 12]
2025-12-08 22:18:46 - root - INFO - [FINAL TEST DEBUG] Batch 924: unique labels: [-100    7    8]
2025-12-08 22:18:46 - root - INFO - [FINAL TEST DEBUG] Batch 924: loss: 3.6697
2025-12-08 22:18:46 - root - INFO - [FINAL TEST DEBUG] Processing batch 925
2025-12-08 22:18:46 - root - INFO - [FINAL TEST DEBUG] Batch 925: unique predictions: [ 2  4  5  6  8 10 11 12]
2025-12-08 22:18:46 - root - INFO - [FINAL TEST DEBUG] Batch 925: unique labels: [-100    8   10   13]
2025-12-08 22:18:46 - root - INFO - [FINAL TEST DEBUG] Batch 925: loss: 3.2731
2025-12-08 22:18:46 - root - INFO - [FINAL TEST DEBUG] Processing batch 926
2025-12-08 22:18:46 - root - INFO - [FINAL TEST DEBUG] Batch 926: unique predictions: [ 2  4  5  8 10 11 12]
2025-12-08 22:18:46 - root - INFO - [FINAL TEST DEBUG] Batch 926: unique labels: [-100   13]
2025-12-08 22:18:46 - root - INFO - [FINAL TEST DEBUG] Batch 926: loss: 3.8704
2025-12-08 22:18:46 - root - INFO - [FINAL TEST DEBUG] Processing batch 927
2025-12-08 22:18:47 - root - INFO - [FINAL TEST DEBUG] Batch 927: unique predictions: [ 2  4  5  6  8  9 10 11 12]
2025-12-08 22:18:47 - root - INFO - [FINAL TEST DEBUG] Batch 927: unique labels: [-100   10   13]
2025-12-08 22:18:47 - root - INFO - [FINAL TEST DEBUG] Batch 927: loss: 3.4581
2025-12-08 22:18:47 - root - INFO - [FINAL TEST DEBUG] Processing batch 928
2025-12-08 22:18:47 - root - INFO - [FINAL TEST DEBUG] Batch 928: unique predictions: [ 1  2  4  5  7  8  9 10 11 12]
2025-12-08 22:18:47 - root - INFO - [FINAL TEST DEBUG] Batch 928: unique labels: [-100    6    7   11   13]
2025-12-08 22:18:47 - root - INFO - [FINAL TEST DEBUG] Batch 928: loss: 2.7877
2025-12-08 22:18:47 - root - INFO - [FINAL TEST DEBUG] Processing batch 929
2025-12-08 22:18:47 - root - INFO - [FINAL TEST DEBUG] Batch 929: unique predictions: [ 2  4  7  8  9 10 11 12]
2025-12-08 22:18:47 - root - INFO - [FINAL TEST DEBUG] Batch 929: unique labels: [-100    7   10]
2025-12-08 22:18:47 - root - INFO - [FINAL TEST DEBUG] Batch 929: loss: 3.0576
2025-12-08 22:18:47 - root - INFO - [FINAL TEST DEBUG] Processing batch 930
2025-12-08 22:18:48 - root - INFO - [FINAL TEST DEBUG] Batch 930: unique predictions: [ 2  4  5  7  8  9 10 11 12]
2025-12-08 22:18:48 - root - INFO - [FINAL TEST DEBUG] Batch 930: unique labels: [-100    7    8   10   11]
2025-12-08 22:18:48 - root - INFO - [FINAL TEST DEBUG] Batch 930: loss: 2.7636
2025-12-08 22:18:48 - root - INFO - [FINAL TEST DEBUG] Processing batch 931
2025-12-08 22:18:48 - root - INFO - [FINAL TEST DEBUG] Batch 931: unique predictions: [ 2  4  5  8  9 10 11 12]
2025-12-08 22:18:48 - root - INFO - [FINAL TEST DEBUG] Batch 931: unique labels: [-100    6   10   13]
2025-12-08 22:18:48 - root - INFO - [FINAL TEST DEBUG] Batch 931: loss: 3.1394
2025-12-08 22:18:48 - root - INFO - [FINAL TEST DEBUG] Processing batch 932
2025-12-08 22:18:48 - root - INFO - [FINAL TEST DEBUG] Batch 932: unique predictions: [ 2  4  8  9 10 11 12]
2025-12-08 22:18:48 - root - INFO - [FINAL TEST DEBUG] Batch 932: unique labels: [-100    8   11   13]
2025-12-08 22:18:48 - root - INFO - [FINAL TEST DEBUG] Batch 932: loss: 3.0807
2025-12-08 22:18:48 - root - INFO - [FINAL TEST DEBUG] Processing batch 933
2025-12-08 22:18:48 - root - INFO - [FINAL TEST DEBUG] Batch 933: unique predictions: [ 2  4  5  8  9 10 11 12]
2025-12-08 22:18:48 - root - INFO - [FINAL TEST DEBUG] Batch 933: unique labels: [-100   13]
2025-12-08 22:18:48 - root - INFO - [FINAL TEST DEBUG] Batch 933: loss: 3.3349
2025-12-08 22:18:48 - root - INFO - [FINAL TEST DEBUG] Processing batch 934
2025-12-08 22:18:49 - root - INFO - [FINAL TEST DEBUG] Batch 934: unique predictions: [ 2  4  7  8  9 10 11 12]
2025-12-08 22:18:49 - root - INFO - [FINAL TEST DEBUG] Batch 934: unique labels: [-100    6   11   13]
2025-12-08 22:18:49 - root - INFO - [FINAL TEST DEBUG] Batch 934: loss: 3.1887
2025-12-08 22:18:49 - root - INFO - [FINAL TEST DEBUG] Processing batch 935
2025-12-08 22:18:49 - root - INFO - [FINAL TEST DEBUG] Batch 935: unique predictions: [ 2  4  5  7  8 10 11 12]
2025-12-08 22:18:49 - root - INFO - [FINAL TEST DEBUG] Batch 935: unique labels: [-100   10   11   13]
2025-12-08 22:18:49 - root - INFO - [FINAL TEST DEBUG] Batch 935: loss: 3.4314
2025-12-08 22:18:49 - root - INFO - [FINAL TEST DEBUG] Processing batch 936
2025-12-08 22:18:49 - root - INFO - [FINAL TEST DEBUG] Batch 936: unique predictions: [ 2  4  6  8 10 12]
2025-12-08 22:18:49 - root - INFO - [FINAL TEST DEBUG] Batch 936: unique labels: [-100    6    7    8   11]
2025-12-08 22:18:49 - root - INFO - [FINAL TEST DEBUG] Batch 936: loss: 2.9936
2025-12-08 22:18:49 - root - INFO - [FINAL TEST DEBUG] Processing batch 937
2025-12-08 22:18:50 - root - INFO - [FINAL TEST DEBUG] Batch 937: unique predictions: [ 2  9 10 11 12]
2025-12-08 22:18:50 - root - INFO - [FINAL TEST DEBUG] Batch 937: unique labels: [-100    6    7   10]
2025-12-08 22:18:50 - root - INFO - [FINAL TEST DEBUG] Batch 937: loss: 2.5266
2025-12-08 22:18:50 - root - INFO - [FINAL TEST DEBUG] Processing batch 938
2025-12-08 22:18:50 - root - INFO - [FINAL TEST DEBUG] Batch 938: unique predictions: [ 2  4  5  8  9 10 11 12]
2025-12-08 22:18:50 - root - INFO - [FINAL TEST DEBUG] Batch 938: unique labels: [-100   10   13]
2025-12-08 22:18:50 - root - INFO - [FINAL TEST DEBUG] Batch 938: loss: 3.3318
2025-12-08 22:18:50 - root - INFO - [FINAL TEST DEBUG] Processing batch 939
2025-12-08 22:18:50 - root - INFO - [FINAL TEST DEBUG] Batch 939: unique predictions: [ 2  4  8  9 10 11 12]
2025-12-08 22:18:50 - root - INFO - [FINAL TEST DEBUG] Batch 939: unique labels: [-100    6   10   13]
2025-12-08 22:18:50 - root - INFO - [FINAL TEST DEBUG] Batch 939: loss: 3.3159
2025-12-08 22:18:50 - root - INFO - [FINAL TEST DEBUG] Processing batch 940
2025-12-08 22:18:50 - root - INFO - [FINAL TEST DEBUG] Batch 940: unique predictions: [ 2  4  7  8  9 10 11 12]
2025-12-08 22:18:50 - root - INFO - [FINAL TEST DEBUG] Batch 940: unique labels: [-100    6    7   10]
2025-12-08 22:18:50 - root - INFO - [FINAL TEST DEBUG] Batch 940: loss: 2.9727
2025-12-08 22:18:50 - root - INFO - [FINAL TEST DEBUG] Processing batch 941
2025-12-08 22:18:51 - root - INFO - [FINAL TEST DEBUG] Batch 941: unique predictions: [ 2  4  5  8  9 10 11 12]
2025-12-08 22:18:51 - root - INFO - [FINAL TEST DEBUG] Batch 941: unique labels: [-100    6    7   13]
2025-12-08 22:18:51 - root - INFO - [FINAL TEST DEBUG] Batch 941: loss: 4.2501
2025-12-08 22:18:51 - root - INFO - [FINAL TEST DEBUG] Processing batch 942
2025-12-08 22:18:51 - root - INFO - [FINAL TEST DEBUG] Batch 942: unique predictions: [ 2  4  5  8  9 10 11 12]
2025-12-08 22:18:51 - root - INFO - [FINAL TEST DEBUG] Batch 942: unique labels: [-100    7    8]
2025-12-08 22:18:51 - root - INFO - [FINAL TEST DEBUG] Batch 942: loss: 2.8583
2025-12-08 22:18:51 - root - INFO - [FINAL TEST DEBUG] Processing batch 943
2025-12-08 22:18:51 - root - INFO - [FINAL TEST DEBUG] Batch 943: unique predictions: [ 2  4  5  7  8  9 10 11 12]
2025-12-08 22:18:51 - root - INFO - [FINAL TEST DEBUG] Batch 943: unique labels: [-100    7    8   13]
2025-12-08 22:18:51 - root - INFO - [FINAL TEST DEBUG] Batch 943: loss: 2.6116
2025-12-08 22:18:51 - root - INFO - [FINAL TEST DEBUG] Processing batch 944
2025-12-08 22:18:52 - root - INFO - [FINAL TEST DEBUG] Batch 944: unique predictions: [ 2  4  5  8 10 11 12]
2025-12-08 22:18:52 - root - INFO - [FINAL TEST DEBUG] Batch 944: unique labels: [-100    8   13]
2025-12-08 22:18:52 - root - INFO - [FINAL TEST DEBUG] Batch 944: loss: 3.7707
2025-12-08 22:18:52 - root - INFO - [FINAL TEST DEBUG] Processing batch 945
2025-12-08 22:18:52 - root - INFO - [FINAL TEST DEBUG] Batch 945: unique predictions: [ 2  4  5  6  7  8  9 10 11 12]
2025-12-08 22:18:52 - root - INFO - [FINAL TEST DEBUG] Batch 945: unique labels: [-100    8   13]
2025-12-08 22:18:52 - root - INFO - [FINAL TEST DEBUG] Batch 945: loss: 3.2884
2025-12-08 22:18:52 - root - INFO - [FINAL TEST DEBUG] Processing batch 946
2025-12-08 22:18:52 - root - INFO - [FINAL TEST DEBUG] Batch 946: unique predictions: [ 2  4  5  6  8  9 10 11 12]
2025-12-08 22:18:52 - root - INFO - [FINAL TEST DEBUG] Batch 946: unique labels: [-100   13]
2025-12-08 22:18:52 - root - INFO - [FINAL TEST DEBUG] Batch 946: loss: 3.2861
2025-12-08 22:18:52 - root - INFO - [FINAL TEST DEBUG] Processing batch 947
2025-12-08 22:18:52 - root - INFO - [FINAL TEST DEBUG] Batch 947: unique predictions: [ 2  4  5  6  8  9 10 11 12]
2025-12-08 22:18:52 - root - INFO - [FINAL TEST DEBUG] Batch 947: unique labels: [-100   13]
2025-12-08 22:18:52 - root - INFO - [FINAL TEST DEBUG] Batch 947: loss: 3.2048
2025-12-08 22:18:52 - root - INFO - [FINAL TEST DEBUG] Processing batch 948
2025-12-08 22:18:53 - root - INFO - [FINAL TEST DEBUG] Batch 948: unique predictions: [ 2  4  5  7  8  9 10 11 12]
2025-12-08 22:18:53 - root - INFO - [FINAL TEST DEBUG] Batch 948: unique labels: [-100    8   13]
2025-12-08 22:18:53 - root - INFO - [FINAL TEST DEBUG] Batch 948: loss: 3.1294
2025-12-08 22:18:53 - root - INFO - [FINAL TEST DEBUG] Processing batch 949
2025-12-08 22:18:53 - root - INFO - [FINAL TEST DEBUG] Batch 949: unique predictions: [ 2  4  5  6  8  9 10 11 12]
2025-12-08 22:18:53 - root - INFO - [FINAL TEST DEBUG] Batch 949: unique labels: [-100    8]
2025-12-08 22:18:53 - root - INFO - [FINAL TEST DEBUG] Batch 949: loss: 2.9409
2025-12-08 22:18:53 - root - INFO - [FINAL TEST DEBUG] Processing batch 950
2025-12-08 22:18:54 - root - INFO - [FINAL TEST DEBUG] Batch 950: unique predictions: [ 2  4  8  9 10 11 12]
2025-12-08 22:18:54 - root - INFO - [FINAL TEST DEBUG] Batch 950: unique labels: [-100    6    8]
2025-12-08 22:18:54 - root - INFO - [FINAL TEST DEBUG] Batch 950: loss: 2.9647
2025-12-08 22:18:54 - root - INFO - [FINAL TEST DEBUG] Processing batch 951
2025-12-08 22:18:54 - root - INFO - [FINAL TEST DEBUG] Batch 951: unique predictions: [ 2  4  8  9 10 11 12]
2025-12-08 22:18:54 - root - INFO - [FINAL TEST DEBUG] Batch 951: unique labels: [-100    7    8   13]
2025-12-08 22:18:54 - root - INFO - [FINAL TEST DEBUG] Batch 951: loss: 2.9857
2025-12-08 22:18:54 - root - INFO - [FINAL TEST DEBUG] Processing batch 952
2025-12-08 22:18:54 - root - INFO - [FINAL TEST DEBUG] Batch 952: unique predictions: [ 2  4  6  8  9 10 11 12]
2025-12-08 22:18:54 - root - INFO - [FINAL TEST DEBUG] Batch 952: unique labels: [-100    8   13]
2025-12-08 22:18:54 - root - INFO - [FINAL TEST DEBUG] Batch 952: loss: 3.2022
2025-12-08 22:18:54 - root - INFO - [FINAL TEST DEBUG] Processing batch 953
2025-12-08 22:18:55 - root - INFO - [FINAL TEST DEBUG] Batch 953: unique predictions: [ 2  4  5  8 10 11 12]
2025-12-08 22:18:55 - root - INFO - [FINAL TEST DEBUG] Batch 953: unique labels: [-100    7    8]
2025-12-08 22:18:55 - root - INFO - [FINAL TEST DEBUG] Batch 953: loss: 3.0237
2025-12-08 22:18:55 - root - INFO - [FINAL TEST DEBUG] Processing batch 954
2025-12-08 22:18:55 - root - INFO - [FINAL TEST DEBUG] Batch 954: unique predictions: [ 2  4  5  8 10 11 12]
2025-12-08 22:18:55 - root - INFO - [FINAL TEST DEBUG] Batch 954: unique labels: [-100    8   13]
2025-12-08 22:18:55 - root - INFO - [FINAL TEST DEBUG] Batch 954: loss: 3.8636
2025-12-08 22:18:55 - root - INFO - [FINAL TEST DEBUG] Processing batch 955
2025-12-08 22:18:55 - root - INFO - [FINAL TEST DEBUG] Batch 955: unique predictions: [ 2  4  5  6  7  8 10 11 12]
2025-12-08 22:18:55 - root - INFO - [FINAL TEST DEBUG] Batch 955: unique labels: [-100    7    8   13]
2025-12-08 22:18:55 - root - INFO - [FINAL TEST DEBUG] Batch 955: loss: 2.9533
2025-12-08 22:18:55 - root - INFO - [FINAL TEST DEBUG] Processing batch 956
2025-12-08 22:18:56 - root - INFO - [FINAL TEST DEBUG] Batch 956: unique predictions: [ 2  4  5  7  8  9 10 11 12]
2025-12-08 22:18:56 - root - INFO - [FINAL TEST DEBUG] Batch 956: unique labels: [-100    7   13]
2025-12-08 22:18:56 - root - INFO - [FINAL TEST DEBUG] Batch 956: loss: 2.9972
2025-12-08 22:18:56 - root - INFO - [FINAL TEST DEBUG] Processing batch 957
2025-12-08 22:18:56 - root - INFO - [FINAL TEST DEBUG] Batch 957: unique predictions: [ 2  4  7  8  9 10 11 12 14]
2025-12-08 22:18:56 - root - INFO - [FINAL TEST DEBUG] Batch 957: unique labels: [-100    7    8   13]
2025-12-08 22:18:56 - root - INFO - [FINAL TEST DEBUG] Batch 957: loss: 3.2928
2025-12-08 22:18:56 - root - INFO - [FINAL TEST DEBUG] Processing batch 958
2025-12-08 22:18:56 - root - INFO - [FINAL TEST DEBUG] Batch 958: unique predictions: [ 2  4  5  6  7  8 10 11 12]
2025-12-08 22:18:56 - root - INFO - [FINAL TEST DEBUG] Batch 958: unique labels: [-100    7    8   13]
2025-12-08 22:18:56 - root - INFO - [FINAL TEST DEBUG] Batch 958: loss: 3.3384
2025-12-08 22:18:56 - root - INFO - [FINAL TEST DEBUG] Processing batch 959
2025-12-08 22:18:57 - root - INFO - [FINAL TEST DEBUG] Batch 959: unique predictions: [ 2  4  5  6  8 10 11 12]
2025-12-08 22:18:57 - root - INFO - [FINAL TEST DEBUG] Batch 959: unique labels: [-100    7    8   13]
2025-12-08 22:18:57 - root - INFO - [FINAL TEST DEBUG] Batch 959: loss: 4.2983
2025-12-08 22:18:57 - root - INFO - [FINAL TEST DEBUG] Processing batch 960
2025-12-08 22:18:57 - root - INFO - [FINAL TEST DEBUG] Batch 960: unique predictions: [ 2  4  5  7  8  9 10 11 12]
2025-12-08 22:18:57 - root - INFO - [FINAL TEST DEBUG] Batch 960: unique labels: [-100    8   13]
2025-12-08 22:18:57 - root - INFO - [FINAL TEST DEBUG] Batch 960: loss: 3.4325
2025-12-08 22:18:57 - root - INFO - [FINAL TEST DEBUG] Processing batch 961
2025-12-08 22:18:57 - root - INFO - [FINAL TEST DEBUG] Batch 961: unique predictions: [ 2  4  5  9 10 11 12]
2025-12-08 22:18:57 - root - INFO - [FINAL TEST DEBUG] Batch 961: unique labels: [-100    7    8   13]
2025-12-08 22:18:57 - root - INFO - [FINAL TEST DEBUG] Batch 961: loss: 3.1007
2025-12-08 22:18:57 - root - INFO - [FINAL TEST DEBUG] Processing batch 962
2025-12-08 22:18:58 - root - INFO - [FINAL TEST DEBUG] Batch 962: unique predictions: [ 2  4  5  6  7  8 10 11 12 13]
2025-12-08 22:18:58 - root - INFO - [FINAL TEST DEBUG] Batch 962: unique labels: [-100    6   11]
2025-12-08 22:18:58 - root - INFO - [FINAL TEST DEBUG] Batch 962: loss: 3.5958
2025-12-08 22:18:58 - root - INFO - [FINAL TEST DEBUG] Processing batch 963
2025-12-08 22:18:58 - root - INFO - [FINAL TEST DEBUG] Batch 963: unique predictions: [ 2  4  5  7  8  9 10 11 12]
2025-12-08 22:18:58 - root - INFO - [FINAL TEST DEBUG] Batch 963: unique labels: [-100    6   10   11]
2025-12-08 22:18:58 - root - INFO - [FINAL TEST DEBUG] Batch 963: loss: 3.1829
2025-12-08 22:18:58 - root - INFO - [FINAL TEST DEBUG] Processing batch 964
2025-12-08 22:18:58 - root - INFO - [FINAL TEST DEBUG] Batch 964: unique predictions: [ 2  4  5  6  8  9 10 11 12]
2025-12-08 22:18:58 - root - INFO - [FINAL TEST DEBUG] Batch 964: unique labels: [-100    8]
2025-12-08 22:18:58 - root - INFO - [FINAL TEST DEBUG] Batch 964: loss: 3.1743
2025-12-08 22:18:58 - root - INFO - [FINAL TEST DEBUG] Processing batch 965
2025-12-08 22:18:58 - root - INFO - [FINAL TEST DEBUG] Batch 965: unique predictions: [ 2  4  5  7  8  9 10 11 12]
2025-12-08 22:18:58 - root - INFO - [FINAL TEST DEBUG] Batch 965: unique labels: [-100    6    7    8   13]
2025-12-08 22:18:58 - root - INFO - [FINAL TEST DEBUG] Batch 965: loss: 3.9049
2025-12-08 22:18:58 - root - INFO - [FINAL TEST DEBUG] Processing batch 966
2025-12-08 22:18:59 - root - INFO - [FINAL TEST DEBUG] Batch 966: unique predictions: [ 2  4  5  7  8  9 10 11 12]
2025-12-08 22:18:59 - root - INFO - [FINAL TEST DEBUG] Batch 966: unique labels: [-100    8   11]
2025-12-08 22:18:59 - root - INFO - [FINAL TEST DEBUG] Batch 966: loss: 2.8229
2025-12-08 22:18:59 - root - INFO - [FINAL TEST DEBUG] Processing batch 967
2025-12-08 22:18:59 - root - INFO - [FINAL TEST DEBUG] Batch 967: unique predictions: [ 2  4  5  6  8 11 12]
2025-12-08 22:18:59 - root - INFO - [FINAL TEST DEBUG] Batch 967: unique labels: [-100   11]
2025-12-08 22:18:59 - root - INFO - [FINAL TEST DEBUG] Batch 967: loss: 2.8824
2025-12-08 22:18:59 - root - INFO - [FINAL TEST DEBUG] Processing batch 968
2025-12-08 22:18:59 - root - INFO - [FINAL TEST DEBUG] Batch 968: unique predictions: [ 2  4  5  8  9 10 11 12 14]
2025-12-08 22:18:59 - root - INFO - [FINAL TEST DEBUG] Batch 968: unique labels: [-100    6    8   10   11]
2025-12-08 22:18:59 - root - INFO - [FINAL TEST DEBUG] Batch 968: loss: 3.2592
2025-12-08 22:18:59 - root - INFO - [FINAL TEST DEBUG] Processing batch 969
2025-12-08 22:18:59 - root - INFO - [FINAL TEST DEBUG] Batch 969: unique predictions: [ 2  4  5  6  7  8  9 10 11 12]
2025-12-08 22:18:59 - root - INFO - [FINAL TEST DEBUG] Batch 969: unique labels: [-100    7   10   11]
2025-12-08 22:18:59 - root - INFO - [FINAL TEST DEBUG] Batch 969: loss: 2.7179
2025-12-08 22:18:59 - root - INFO - [FINAL TEST DEBUG] Processing batch 970
2025-12-08 22:19:00 - root - INFO - [FINAL TEST DEBUG] Batch 970: unique predictions: [ 2  4  5  7  8  9 10 11 12]
2025-12-08 22:19:00 - root - INFO - [FINAL TEST DEBUG] Batch 970: unique labels: [-100    6    8   11]
2025-12-08 22:19:00 - root - INFO - [FINAL TEST DEBUG] Batch 970: loss: 4.2231
2025-12-08 22:19:00 - root - INFO - [FINAL TEST DEBUG] Processing batch 971
2025-12-08 22:19:00 - root - INFO - [FINAL TEST DEBUG] Batch 971: unique predictions: [ 2  4  5  7  8  9 10 11 12]
2025-12-08 22:19:00 - root - INFO - [FINAL TEST DEBUG] Batch 971: unique labels: [-100    6   10   13]
2025-12-08 22:19:00 - root - INFO - [FINAL TEST DEBUG] Batch 971: loss: 2.9416
2025-12-08 22:19:00 - root - INFO - [FINAL TEST DEBUG] Processing batch 972
2025-12-08 22:19:00 - root - INFO - [FINAL TEST DEBUG] Batch 972: unique predictions: [ 2  4  5  8  9 10 11 12]
2025-12-08 22:19:00 - root - INFO - [FINAL TEST DEBUG] Batch 972: unique labels: [-100    7    8   10   11]
2025-12-08 22:19:00 - root - INFO - [FINAL TEST DEBUG] Batch 972: loss: 3.7008
2025-12-08 22:19:00 - root - INFO - [FINAL TEST DEBUG] Processing batch 973
2025-12-08 22:19:00 - root - INFO - [FINAL TEST DEBUG] Batch 973: unique predictions: [ 2  4  5  7  8  9 10 11 12]
2025-12-08 22:19:00 - root - INFO - [FINAL TEST DEBUG] Batch 973: unique labels: [-100    6    7    8]
2025-12-08 22:19:00 - root - INFO - [FINAL TEST DEBUG] Batch 973: loss: 3.9529
2025-12-08 22:19:00 - root - INFO - [FINAL TEST DEBUG] Processing batch 974
2025-12-08 22:19:01 - root - INFO - [FINAL TEST DEBUG] Batch 974: unique predictions: [ 2  4  5  8 10 11 12]
2025-12-08 22:19:01 - root - INFO - [FINAL TEST DEBUG] Batch 974: unique labels: [-100    8   10   11   13]
2025-12-08 22:19:01 - root - INFO - [FINAL TEST DEBUG] Batch 974: loss: 3.2591
2025-12-08 22:19:01 - root - INFO - [FINAL TEST DEBUG] Processing batch 975
2025-12-08 22:19:01 - root - INFO - [FINAL TEST DEBUG] Batch 975: unique predictions: [ 2  4  5  8  9 10 11 12]
2025-12-08 22:19:01 - root - INFO - [FINAL TEST DEBUG] Batch 975: unique labels: [-100   10   11   13]
2025-12-08 22:19:01 - root - INFO - [FINAL TEST DEBUG] Batch 975: loss: 4.1741
2025-12-08 22:19:01 - root - INFO - [FINAL TEST DEBUG] Processing batch 976
2025-12-08 22:19:01 - root - INFO - [FINAL TEST DEBUG] Batch 976: unique predictions: [ 2  4  5  6  7  8  9 10 11 12]
2025-12-08 22:19:01 - root - INFO - [FINAL TEST DEBUG] Batch 976: unique labels: [-100    6   13]
2025-12-08 22:19:01 - root - INFO - [FINAL TEST DEBUG] Batch 976: loss: 3.8504
2025-12-08 22:19:01 - root - INFO - [FINAL TEST DEBUG] Processing batch 977
2025-12-08 22:19:01 - root - INFO - [FINAL TEST DEBUG] Batch 977: unique predictions: [ 2  8  9 10 11 12]
2025-12-08 22:19:01 - root - INFO - [FINAL TEST DEBUG] Batch 977: unique labels: [-100   10   11]
2025-12-08 22:19:01 - root - INFO - [FINAL TEST DEBUG] Batch 977: loss: 2.7153
2025-12-08 22:19:03 - root - INFO - [FINAL TEST] Using speaker_id_list from test dataset: ['FEO070', 'FEO072', 'MEE071', 'MEE073']
2025-12-08 22:19:03 - root - INFO - [FINAL TEST DEBUG] Recording EN2002a:
2025-12-08 22:19:03 - root - INFO -   - Unique predictions: [ 2  4  5  6  7  8  9 10 11 12 13 14]
2025-12-08 22:19:03 - root - INFO -   - Unique labels: [ 1  2  3  4  6  7  8 10 11 13]
2025-12-08 22:19:03 - root - INFO -   - Prediction distribution: [     0      0  48327      0 194645    300    153    498   1855    380
   1540   4370 105943      6     12]
2025-12-08 22:19:03 - root - INFO -   - Label distribution: [    0 91701 55913 53168 63977     0 12873 16823 19672     0 11270 14390
     0 18242]
2025-12-08 22:19:03 - root - INFO - [FINAL TEST DEBUG] Recording EN2002b:
2025-12-08 22:19:03 - root - INFO -   - Unique predictions: [ 2  4  5  6  7  8  9 10 11 12 13 14]
2025-12-08 22:19:03 - root - INFO -   - Unique labels: [ 1  2  3  4  6  7  8 10 11 13]
2025-12-08 22:19:03 - root - INFO -   - Prediction distribution: [     0      0  27533      0 125057    168     95    305    987    218
    717   2443  50562      1      7]
2025-12-08 22:19:03 - root - INFO -   - Label distribution: [    0 39842 24998 34358 64565     0  5620  5248 10206     0  4725  8779
     0  9752]
2025-12-08 22:19:03 - root - INFO - [DER DEBUG] Frame 0: label=3, pred=4, true_indices={2}, pred_indices={3}
2025-12-08 22:19:03 - root - INFO - [DER DEBUG] Frame 1: label=3, pred=4, true_indices={2}, pred_indices={3}
2025-12-08 22:19:03 - root - INFO - [DER DEBUG] Frame 2: label=3, pred=4, true_indices={2}, pred_indices={3}
2025-12-08 22:19:03 - root - INFO - [DER DEBUG] Frame 3: label=3, pred=4, true_indices={2}, pred_indices={3}
2025-12-08 22:19:03 - root - INFO - [DER DEBUG] Frame 4: label=3, pred=4, true_indices={2}, pred_indices={3}
2025-12-08 22:19:03 - root - INFO - [DER DEBUG] Frame 5: label=3, pred=4, true_indices={2}, pred_indices={3}
2025-12-08 22:19:03 - root - INFO - [DER DEBUG] Frame 6: label=3, pred=4, true_indices={2}, pred_indices={3}
2025-12-08 22:19:03 - root - INFO - [DER DEBUG] Frame 7: label=3, pred=4, true_indices={2}, pred_indices={3}
2025-12-08 22:19:03 - root - INFO - [DER DEBUG] Frame 8: label=3, pred=4, true_indices={2}, pred_indices={3}
2025-12-08 22:19:03 - root - INFO - [DER DEBUG] Frame 9: label=3, pred=4, true_indices={2}, pred_indices={3}
2025-12-08 22:19:07 - root - INFO - [DER DEBUG] Power set encoder max_speakers: 5
2025-12-08 22:19:07 - root - INFO - [DER DEBUG] Valid speaker indices: 0 to 4
2025-12-08 22:19:07 - root - INFO - [DER DEBUG] Unique pred values: {2, 4, 5, 6, 7, 8, 9, 10, 11, 12, 13, 14}
2025-12-08 22:19:07 - root - INFO - [DER DEBUG] Active speakers per frame (labels): min=1, max=2, mean=1.26
2025-12-08 22:19:07 - root - INFO - [DER DEBUG] Active speakers per frame (preds): min=1, max=2, mean=1.32
2025-12-08 22:19:07 - root - INFO - [DER DEBUG] Reference segments (first 10): [(<Segment(0, 0.01)>, 0, 'speaker_MEE071'), (<Segment(0.01, 0.02)>, 0, 'speaker_MEE071'), (<Segment(0.02, 0.03)>, 0, 'speaker_MEE071'), (<Segment(0.03, 0.04)>, 0, 'speaker_MEE071'), (<Segment(0.04, 0.05)>, 0, 'speaker_MEE071'), (<Segment(0.05, 0.06)>, 0, 'speaker_MEE071'), (<Segment(0.06, 0.07)>, 0, 'speaker_MEE071'), (<Segment(0.07, 0.08)>, 0, 'speaker_MEE071'), (<Segment(0.08, 0.09)>, 0, 'speaker_MEE071'), (<Segment(0.09, 0.1)>, 0, 'speaker_MEE071')]
2025-12-08 22:19:08 - root - INFO - [DER DEBUG] Hypothesis segments (first 10): [(<Segment(0, 0.01)>, 0, 'speaker_MEE073'), (<Segment(0.01, 0.02)>, 0, 'speaker_MEE073'), (<Segment(0.02, 0.03)>, 0, 'speaker_MEE073'), (<Segment(0.03, 0.04)>, 0, 'speaker_MEE073'), (<Segment(0.04, 0.05)>, 0, 'speaker_MEE073'), (<Segment(0.05, 0.06)>, 0, 'speaker_MEE073'), (<Segment(0.06, 0.07)>, 0, 'speaker_MEE073'), (<Segment(0.07, 0.08)>, 0, 'speaker_MEE073'), (<Segment(0.08, 0.09)>, 0, 'speaker_MEE073'), (<Segment(0.09, 0.1)>, 0, 'speaker_MEE073')]
2025-12-08 22:19:08 - root - INFO - [DER DEBUG] Frame shift: 0.01s, Total duration: 3580.29s
/Users/khumachbayramova/anaconda3/lib/python3.11/site-packages/pyannote/metrics/utils.py:200: UserWarning: 'uem' was approximated by the union of 'reference' and 'hypothesis' extents.
  warnings.warn(
2025-12-09 03:16:34 - root - INFO - [DER DEBUG] DER calculation: valid frames used = 358029, DER = 0.6632986113419257
2025-12-09 03:16:34 - root - INFO - [DER DEBUG] Frame 0: label=1, pred=4, true_indices={0}, pred_indices={3}
2025-12-09 03:16:34 - root - INFO - [DER DEBUG] Frame 1: label=1, pred=4, true_indices={0}, pred_indices={3}
2025-12-09 03:16:34 - root - INFO - [DER DEBUG] Frame 2: label=1, pred=4, true_indices={0}, pred_indices={3}
2025-12-09 03:16:34 - root - INFO - [DER DEBUG] Frame 3: label=1, pred=4, true_indices={0}, pred_indices={3}
2025-12-09 03:16:34 - root - INFO - [DER DEBUG] Frame 4: label=1, pred=4, true_indices={0}, pred_indices={3}
2025-12-09 03:16:34 - root - INFO - [DER DEBUG] Frame 5: label=1, pred=2, true_indices={0}, pred_indices={1}
2025-12-09 03:16:34 - root - INFO - [DER DEBUG] Frame 6: label=1, pred=2, true_indices={0}, pred_indices={1}
2025-12-09 03:16:34 - root - INFO - [DER DEBUG] Frame 7: label=1, pred=2, true_indices={0}, pred_indices={1}
2025-12-09 03:16:34 - root - INFO - [DER DEBUG] Frame 8: label=1, pred=2, true_indices={0}, pred_indices={1}
2025-12-09 03:16:34 - root - INFO - [DER DEBUG] Frame 9: label=1, pred=2, true_indices={0}, pred_indices={1}
2025-12-09 03:16:36 - root - INFO - [DER DEBUG] Power set encoder max_speakers: 5
2025-12-09 03:16:36 - root - INFO - [DER DEBUG] Valid speaker indices: 0 to 4
2025-12-09 03:16:36 - root - INFO - [DER DEBUG] Unique pred values: {2, 4, 5, 6, 7, 8, 9, 10, 11, 12, 13, 14}
2025-12-09 03:16:36 - root - INFO - [DER DEBUG] Active speakers per frame (labels): min=1, max=2, mean=1.21
2025-12-09 03:16:36 - root - INFO - [DER DEBUG] Active speakers per frame (preds): min=1, max=2, mean=1.27
2025-12-09 03:16:36 - root - INFO - [DER DEBUG] Reference segments (first 10): [(<Segment(0, 0.01)>, 0, 'speaker_FEO070'), (<Segment(0.01, 0.02)>, 0, 'speaker_FEO070'), (<Segment(0.02, 0.03)>, 0, 'speaker_FEO070'), (<Segment(0.03, 0.04)>, 0, 'speaker_FEO070'), (<Segment(0.04, 0.05)>, 0, 'speaker_FEO070'), (<Segment(0.05, 0.06)>, 0, 'speaker_FEO070'), (<Segment(0.06, 0.07)>, 0, 'speaker_FEO070'), (<Segment(0.07, 0.08)>, 0, 'speaker_FEO070'), (<Segment(0.08, 0.09)>, 0, 'speaker_FEO070'), (<Segment(0.09, 0.1)>, 0, 'speaker_FEO070')]
2025-12-09 03:16:36 - root - INFO - [DER DEBUG] Hypothesis segments (first 10): [(<Segment(0, 0.01)>, 0, 'speaker_MEE073'), (<Segment(0.01, 0.02)>, 0, 'speaker_MEE073'), (<Segment(0.02, 0.03)>, 0, 'speaker_MEE073'), (<Segment(0.03, 0.04)>, 0, 'speaker_MEE073'), (<Segment(0.04, 0.05)>, 0, 'speaker_MEE073'), (<Segment(0.05, 0.06)>, 0, 'speaker_FEO072'), (<Segment(0.06, 0.07)>, 0, 'speaker_FEO072'), (<Segment(0.07, 0.08)>, 0, 'speaker_FEO072'), (<Segment(0.08, 0.09)>, 0, 'speaker_FEO072'), (<Segment(0.09, 0.1)>, 0, 'speaker_FEO072')]
2025-12-09 03:16:36 - root - INFO - [DER DEBUG] Frame shift: 0.01s, Total duration: 2080.93s
2025-12-09 04:57:10 - root - INFO - [DER DEBUG] DER calculation: valid frames used = 208093, DER = 0.5882506744631013
2025-12-09 04:57:10 - root - INFO - Test recordings processed: 2
2025-12-09 04:57:10 - root - INFO - DER per recording: {'EN2002a': 0.6632986113419257, 'EN2002b': 0.5882506744631013}
2025-12-09 04:57:10 - root - INFO - Average DER: 0.6257746429025135
2025-12-09 04:57:10 - root - INFO - 
==================== TESTING FINISHED ====================

2025-12-09 04:57:10 - root - INFO - Final Test Loss: 3.1177
2025-12-09 04:57:10 - root - INFO - Final Test DER: 0.6258
2025-12-09 04:57:10 - root - INFO - Final Validation Loss: 3.7672
2025-12-09 04:57:10 - root - INFO - Final Validation DER: nan
2025-12-09 04:57:10 - root - INFO - Total Execution Time: 30587.67 seconds (8.50 hours)
2025-12-09 04:57:10 - root - INFO - 
===== EXPORTING DIARIZATION RESULTS =====
2025-12-09 04:57:10 - diarization_export - INFO - Created RTTM file: experiments/centralized_out_artifacts/diarization_export/exp_5000size_1epochs_centralized_2025-12-08-20-31/EN2002a.rttm with 35130 segments
2025-12-09 04:57:10 - diarization_export - INFO - Created RTTM file: experiments/centralized_out_artifacts/diarization_export/exp_5000size_1epochs_centralized_2025-12-08-20-31/EN2002b.rttm with 17623 segments
2025-12-09 04:57:10 - diarization_export - INFO - Created CTM file: experiments/centralized_out_artifacts/diarization_export/exp_5000size_1epochs_centralized_2025-12-08-20-31/EN2002a.ctm with 35130 segments
2025-12-09 04:57:10 - diarization_export - INFO - Created CTM file: experiments/centralized_out_artifacts/diarization_export/exp_5000size_1epochs_centralized_2025-12-08-20-31/EN2002b.ctm with 17623 segments
2025-12-09 09:53:04 - root - INFO - [DER DEBUG] DER calculation: valid frames used = 358029, DER = 0.6632986113419257
2025-12-09 11:33:44 - root - INFO - [DER DEBUG] DER calculation: valid frames used = 208093, DER = 0.5882506744631013
2025-12-09 11:33:44 - root - INFO - Diarization results export completed:
2025-12-09 11:33:44 - root - INFO -   RTTM: 2 files
2025-12-09 11:33:44 - root - INFO -     - experiments/centralized_out_artifacts/diarization_export/exp_5000size_1epochs_centralized_2025-12-08-20-31/EN2002a.rttm
2025-12-09 11:33:44 - root - INFO -     - experiments/centralized_out_artifacts/diarization_export/exp_5000size_1epochs_centralized_2025-12-08-20-31/EN2002b.rttm
2025-12-09 11:33:44 - root - INFO -   CTM: 2 files
2025-12-09 11:33:44 - root - INFO -     - experiments/centralized_out_artifacts/diarization_export/exp_5000size_1epochs_centralized_2025-12-08-20-31/EN2002a.ctm
2025-12-09 11:33:44 - root - INFO -     - experiments/centralized_out_artifacts/diarization_export/exp_5000size_1epochs_centralized_2025-12-08-20-31/EN2002b.ctm
2025-12-09 11:33:44 - root - INFO -   SUMMARY: 1 files
2025-12-09 11:33:44 - root - INFO -     - experiments/centralized_out_artifacts/diarization_export/exp_5000size_1epochs_centralized_2025-12-08-20-31/diarization_summary.txt
2025-12-09 11:33:44 - root - INFO -   METRICS: 1 files
2025-12-09 11:33:44 - root - INFO -     - experiments/centralized_out_artifacts/diarization_export/exp_5000size_1epochs_centralized_2025-12-08-20-31/diarization_metrics.txt
2025-12-09 11:33:44 - root - INFO - 
 STATS: ========================================== FINAL RESULTS ==========================================
2025-12-09 11:33:44 - root - INFO - Final DER: 0.6258
2025-12-09 11:33:44 - root - INFO - Best DER: 0.6258
2025-12-09 11:33:44 - root - INFO - Total experiment time: 54381.43 seconds
2025-12-09 11:33:44 - root - INFO - 
===== SAVING FINAL RESULTS TO FILE =====
2025-12-09 11:33:44 - root - INFO - Results will be saved to: experiments/centralized_out_artifacts/logs/exp_5000size_1epochs_centralized_2025-12-08-20-31/experiment.txt
2025-12-09 11:33:44 - root - INFO - Experiment: exp_5000size_1epochs_centralized_2025-12-08-20-31
2025-12-09 11:33:44 - root - INFO - Dataset size: 5000 records
2025-12-09 11:33:44 - root - INFO - Train records: 5000
2025-12-09 11:33:44 - root - INFO - Validation records: 2143
2025-12-09 11:33:44 - root - INFO - Test records: 2143
2025-12-09 11:33:44 - root - INFO - Max epochs: 1
2025-12-09 11:33:44 - root - INFO - Actual epochs trained: 1
2025-12-09 11:33:44 - root - INFO - Early stopping patience: 5
2025-12-09 11:33:44 - root - INFO - Early stopping min delta: 0.001
2025-12-09 11:33:44 - root - INFO - Early stopping triggered: No
2025-12-09 11:33:44 - root - INFO - Training type: Centralized
2025-12-09 11:33:44 - root - INFO - Datetime: 20251208_203106
2025-12-09 11:33:44 - root - INFO - 
2025-12-09 11:33:44 - root - INFO - === TRAINING DATA STATISTICS ===
2025-12-09 11:33:44 - root - INFO - Total training samples: 7146
2025-12-09 11:33:44 - root - INFO - Total validation samples: 3349
2025-12-09 11:33:44 - root - INFO - Total test samples: 3910
2025-12-09 11:33:44 - root - INFO - Total training frames: 17236152
2025-12-09 11:33:44 - root - INFO - 
2025-12-09 11:33:44 - root - INFO - === FINAL RESULTS ===
2025-12-09 11:33:44 - root - INFO - Final Test Loss: 3.1177
2025-12-09 11:33:44 - root - INFO - Final Test DER: 0.6258
2025-12-09 11:33:44 - root - INFO - Final Validation Loss: 3.7672
2025-12-09 11:33:44 - root - INFO - Final Validation DER: nan
2025-12-09 11:33:44 - root - INFO - Best Validation Loss: 3.767212487277097
2025-12-09 11:33:44 - root - INFO - Model Status: TRAINED with centralized learning
2025-12-09 11:33:44 - root - INFO - Training Epochs: 1
2025-12-09 11:33:44 - root - INFO - Total Execution Time: 54381.43 seconds (906.36 minutes)
2025-12-09 11:33:44 - root - INFO - Results saved to experiments/centralized_out_artifacts/logs/exp_5000size_1epochs_centralized_2025-12-08-20-31/experiment.txt
2025-12-09 11:33:45 - root - INFO - Training metrics plots saved to experiments/centralized_out_artifacts/plots/exp_5000size_1epochs_centralized_2025-12-08-20-31
2025-12-09 11:33:45 - root - INFO - 
===== SAVING METRICS TO CSV FILES =====
2025-12-09 11:33:45 - root - INFO - Detailed metrics saved to: experiments/centralized_out_artifacts/logs/exp_5000size_1epochs_centralized_2025-12-08-20-31/detailed_metrics.csv
2025-12-09 11:33:45 - root - INFO - Shape: (1, 4)
2025-12-09 11:33:45 - root - INFO - Columns: ['epoch', 'train_loss', 'der', 'acc']
2025-12-09 11:33:45 - root - INFO - Final results saved to: experiments/centralized_out_artifacts/logs/exp_5000size_1epochs_centralized_2025-12-08-20-31/experiment_results.csv
2025-12-09 11:33:45 - root - INFO - All CSV files saved successfully!
2025-12-09 11:33:45 - root - INFO - 
===== CREATING EPOCH PROGRESS ANALYSIS =====
2025-12-09 11:33:45 - root - INFO - Epoch progress analysis saved to: experiments/centralized_out_artifacts/logs/exp_5000size_1epochs_centralized_2025-12-08-20-31/epoch_progress.csv
2025-12-09 11:33:45 - root - INFO - Shape: (1, 5)
2025-12-09 11:33:45 - root - INFO - Cleaning up DataLoader workers...
2025-12-09 11:33:45 - root - INFO - DataLoader workers cleanup completed.
2025-12-09 11:33:45 - root - INFO - Process completed.
