2025-12-07 17:16:20 - numexpr.utils - INFO - NumExpr defaulting to 8 threads.
2025-12-07 17:16:22 - speechbrain.utils.checkpoints - DEBUG - Registered checkpoint save hook for _speechbrain_save
2025-12-07 17:16:22 - speechbrain.utils.checkpoints - DEBUG - Registered checkpoint load hook for _speechbrain_load
2025-12-07 17:16:22 - speechbrain.utils.checkpoints - DEBUG - Registered checkpoint save hook for save
2025-12-07 17:16:22 - speechbrain.utils.checkpoints - DEBUG - Registered checkpoint load hook for load
2025-12-07 17:16:22 - speechbrain.utils.quirks - INFO - Applied quirks (see `speechbrain.utils.quirks`): [allow_tf32, disable_jit_profiling]
2025-12-07 17:16:22 - speechbrain.utils.quirks - INFO - Excluded quirks specified by the `SB_DISABLE_QUIRKS` environment (comma-separated list): []
2025-12-07 17:16:22 - speechbrain.utils.checkpoints - DEBUG - Registered checkpoint save hook for _save
2025-12-07 17:16:22 - speechbrain.utils.checkpoints - DEBUG - Registered checkpoint load hook for _recover
2025-12-07 17:16:22 - root - INFO - Using device: cpu
2025-12-07 17:16:22 - __main__ - INFO - ================================================================================
2025-12-07 17:16:22 - __main__ - INFO - MAIN STARTED
2025-12-07 17:16:22 - __main__ - INFO - MAIN: Starting main()
2025-12-07 17:16:22 - root - INFO - MAIN: Using device: cpu
2025-12-07 17:16:22 - root - INFO - MAIN: CUDA available: False - Using CPU
2025-12-07 17:16:22 - root - INFO - MAIN: Initializing speaker encoder...
2025-12-07 17:16:22 - speechbrain.utils.fetching - INFO - Fetch hyperparams.yaml: Using symlink found at '/Users/khumachbayramova/Science/FL-SEND-diarization/FL-SEND/pretrained_models/spkrec-ecapa/hyperparams.yaml'
2025-12-07 17:16:22 - speechbrain.utils.fetching - INFO - Fetch custom.py: Fetching from HuggingFace Hub 'speechbrain/spkrec-ecapa-voxceleb' if not cached
2025-12-07 17:16:23 - speechbrain.utils.checkpoints - DEBUG - Registered checkpoint save hook for _save
2025-12-07 17:16:23 - speechbrain.utils.checkpoints - DEBUG - Registered checkpoint load hook for _load
2025-12-07 17:16:23 - speechbrain.utils.checkpoints - DEBUG - Registered parameter transfer hook for _load
2025-12-07 17:16:23 - speechbrain.utils.checkpoints - DEBUG - Registered checkpoint save hook for save
2025-12-07 17:16:23 - speechbrain.utils.checkpoints - DEBUG - Registered checkpoint load hook for load_if_possible
2025-12-07 17:16:23 - speechbrain.utils.parameter_transfer - DEBUG - Collecting files (or symlinks) for pretraining in pretrained_models/spkrec-ecapa.
2025-12-07 17:16:23 - speechbrain.utils.fetching - INFO - Fetch embedding_model.ckpt: Using symlink found at '/Users/khumachbayramova/Science/FL-SEND-diarization/FL-SEND/pretrained_models/spkrec-ecapa/embedding_model.ckpt'
2025-12-07 17:16:23 - speechbrain.utils.parameter_transfer - DEBUG - Set local path in self.paths["embedding_model"] = /Users/khumachbayramova/Science/FL-SEND-diarization/FL-SEND/pretrained_models/spkrec-ecapa/embedding_model.ckpt
2025-12-07 17:16:23 - speechbrain.utils.fetching - INFO - Fetch mean_var_norm_emb.ckpt: Using symlink found at '/Users/khumachbayramova/Science/FL-SEND-diarization/FL-SEND/pretrained_models/spkrec-ecapa/mean_var_norm_emb.ckpt'
2025-12-07 17:16:23 - speechbrain.utils.parameter_transfer - DEBUG - Set local path in self.paths["mean_var_norm_emb"] = /Users/khumachbayramova/Science/FL-SEND-diarization/FL-SEND/pretrained_models/spkrec-ecapa/mean_var_norm_emb.ckpt
2025-12-07 17:16:23 - speechbrain.utils.fetching - INFO - Fetch classifier.ckpt: Using symlink found at '/Users/khumachbayramova/Science/FL-SEND-diarization/FL-SEND/pretrained_models/spkrec-ecapa/classifier.ckpt'
2025-12-07 17:16:23 - speechbrain.utils.parameter_transfer - DEBUG - Set local path in self.paths["classifier"] = /Users/khumachbayramova/Science/FL-SEND-diarization/FL-SEND/pretrained_models/spkrec-ecapa/classifier.ckpt
2025-12-07 17:16:23 - speechbrain.utils.fetching - INFO - Fetch label_encoder.txt: Using symlink found at '/Users/khumachbayramova/Science/FL-SEND-diarization/FL-SEND/pretrained_models/spkrec-ecapa/label_encoder.ckpt'
2025-12-07 17:16:23 - speechbrain.utils.parameter_transfer - DEBUG - Set local path in self.paths["label_encoder"] = /Users/khumachbayramova/Science/FL-SEND-diarization/FL-SEND/pretrained_models/spkrec-ecapa/label_encoder.ckpt
2025-12-07 17:16:23 - speechbrain.utils.parameter_transfer - INFO - Loading pretrained files for: embedding_model, mean_var_norm_emb, classifier, label_encoder
2025-12-07 17:16:23 - speechbrain.utils.parameter_transfer - DEBUG - Redirecting (loading from local path): embedding_model -> /Users/khumachbayramova/Science/FL-SEND-diarization/FL-SEND/pretrained_models/spkrec-ecapa/embedding_model.ckpt
2025-12-07 17:16:23 - speechbrain.utils.parameter_transfer - DEBUG - Redirecting (loading from local path): mean_var_norm_emb -> /Users/khumachbayramova/Science/FL-SEND-diarization/FL-SEND/pretrained_models/spkrec-ecapa/mean_var_norm_emb.ckpt
2025-12-07 17:16:23 - speechbrain.utils.parameter_transfer - DEBUG - Redirecting (loading from local path): classifier -> /Users/khumachbayramova/Science/FL-SEND-diarization/FL-SEND/pretrained_models/spkrec-ecapa/classifier.ckpt
2025-12-07 17:16:23 - speechbrain.utils.parameter_transfer - DEBUG - Redirecting (loading from local path): label_encoder -> /Users/khumachbayramova/Science/FL-SEND-diarization/FL-SEND/pretrained_models/spkrec-ecapa/label_encoder.ckpt
2025-12-07 17:16:23 - speechbrain.dataio.encoder - DEBUG - Loaded categorical encoding from /Users/khumachbayramova/Science/FL-SEND-diarization/FL-SEND/pretrained_models/spkrec-ecapa/label_encoder.ckpt
2025-12-07 17:16:23 - root - INFO - MAIN: Speaker encoder initialized successfully
2025-12-07 17:16:23 - root - INFO -  STATS: ========================================== DATASET LOADING ==========================================
2025-12-07 17:16:23 - root - INFO -  STATS: Loading dataset: AMI
2025-12-07 17:16:23 - root - INFO -  STATS: Dataset loaded successfully
2025-12-07 17:16:25 - datasets.builder - WARNING - Found cached dataset ami (/Users/khumachbayramova/.cache/huggingface/datasets/edinburghcstr___ami/ihm/0.0.0/0d128d0aa8145d0f16f3d5b4da86c5d5759dbe9e8f947fda04b25edb56442bd5)
  0%|          | 0/3 [00:00<?, ?it/s] 33%|███▎      | 1/3 [00:00<00:00,  7.25it/s]100%|██████████| 3/3 [00:00<00:00, 18.11it/s]
2025-12-07 17:16:25 - root - INFO - MAIN: Dataset loaded successfully
2025-12-07 17:16:25 - root - INFO - MAIN: Using ALL data - Train: 108502, Val: 13098, Test: 12643
2025-12-07 17:16:25 - root - INFO -  STATS: Dataset: AMI
2025-12-07 17:16:25 - root - INFO -  STATS: Total samples: 108502
2025-12-07 17:16:25 - root - INFO -  STATS: Using subset of 108502 samples for testing
2025-12-07 17:16:25 - root - INFO - MAIN: Grouping data by meeting ID...
2025-12-07 17:16:25 - root - INFO -     $30compare_op.6 = $22unary_negative.4 <= x0 ['$22unary_negative.4', '$30compare_op.6', 'x0']
2025-12-07 17:16:25 - root - INFO -     bool36 = global(bool: <class 'bool'>)    ['bool36']
2025-12-07 17:16:25 - root - INFO -     $phi38.0 = x0                            ['$phi38.0', 'x0']
2025-12-07 17:16:25 - root - INFO -     $40compare_op.2 = $phi38.0 <= threshold  ['$40compare_op.2', '$phi38.0', 'threshold']
2025-12-07 17:16:25 - root - INFO -     bool46 = global(bool: <class 'bool'>)    ['bool46']
2025-12-07 17:16:25 - root - INFO -     $84compare_op.6 = $76unary_negative.4 <= x1 ['$76unary_negative.4', '$84compare_op.6', 'x1']
2025-12-07 17:16:25 - root - INFO -     bool90 = global(bool: <class 'bool'>)    ['bool90']
2025-12-07 17:16:25 - root - INFO -     $phi92.0 = x1                            ['$phi92.0', 'x1']
2025-12-07 17:16:25 - root - INFO -     $94compare_op.2 = $phi92.0 <= threshold  ['$94compare_op.2', '$phi92.0', 'threshold']
2025-12-07 17:16:25 - root - INFO -     bool100 = global(bool: <class 'bool'>)   ['bool100']
2025-12-07 17:16:25 - root - INFO -     bool114 = global(bool: <class 'bool'>)   ['bool114']
2025-12-07 17:16:25 - root - INFO -     $116load_global.0 = global(np: <module 'numpy' from '/Users/khumachbayramova/anaconda3/lib/python3.11/site-packages/numpy/__init__.py'>) ['$116load_global.0']
2025-12-07 17:16:25 - root - INFO -     $128load_attr.2 = getattr(value=$116load_global.0, attr=signbit) ['$116load_global.0', '$128load_attr.2']
2025-12-07 17:16:25 - root - INFO -     $154load_global.5 = global(np: <module 'numpy' from '/Users/khumachbayramova/anaconda3/lib/python3.11/site-packages/numpy/__init__.py'>) ['$154load_global.5']
2025-12-07 17:16:25 - root - INFO -     $166load_attr.7 = getattr(value=$154load_global.5, attr=signbit) ['$154load_global.5', '$166load_attr.7']
2025-12-07 17:16:25 - root - INFO -     $192compare_op.10 = $144call.4 != $182call.9 ['$144call.4', '$182call.9', '$192compare_op.10']
2025-12-07 17:16:25 - root - INFO -     $198return_value.11 = cast(value=$192compare_op.10) ['$192compare_op.10', '$198return_value.11']
2025-12-07 17:16:25 - root - INFO -     $200load_global.0 = global(np: <module 'numpy' from '/Users/khumachbayramova/anaconda3/lib/python3.11/site-packages/numpy/__init__.py'>) ['$200load_global.0']
2025-12-07 17:16:25 - root - INFO -     $212load_attr.2 = getattr(value=$200load_global.0, attr=sign) ['$200load_global.0', '$212load_attr.2']
2025-12-07 17:16:25 - root - INFO -     $238load_global.5 = global(np: <module 'numpy' from '/Users/khumachbayramova/anaconda3/lib/python3.11/site-packages/numpy/__init__.py'>) ['$238load_global.5']
2025-12-07 17:16:25 - root - INFO -     $250load_attr.7 = getattr(value=$238load_global.5, attr=sign) ['$238load_global.5', '$250load_attr.7']
2025-12-07 17:16:25 - root - INFO -     $276compare_op.10 = $228call.4 != $266call.9 ['$228call.4', '$266call.9', '$276compare_op.10']
2025-12-07 17:16:25 - root - INFO -     $282return_value.11 = cast(value=$276compare_op.10) ['$276compare_op.10', '$282return_value.11']
2025-12-07 17:16:26 - root - INFO -     $32compare_op.6 = $8binary_subscr.2 > $22binary_subscr.5 ['$22binary_subscr.5', '$32compare_op.6', '$8binary_subscr.2']
2025-12-07 17:16:26 - root - INFO -     $66compare_op.13 = $42binary_subscr.9 >= $56binary_subscr.12 ['$42binary_subscr.9', '$56binary_subscr.12', '$66compare_op.13']
2025-12-07 17:16:26 - root - INFO -     $binop_and_72.14 = $32compare_op.6 & $66compare_op.13 ['$32compare_op.6', '$66compare_op.13', '$binop_and_72.14']
2025-12-07 17:16:26 - root - INFO -     $76return_value.15 = cast(value=$binop_and_72.14) ['$76return_value.15', '$binop_and_72.14']
2025-12-07 17:16:26 - root - INFO -     $32compare_op.6 = $8binary_subscr.2 < $22binary_subscr.5 ['$22binary_subscr.5', '$32compare_op.6', '$8binary_subscr.2']
2025-12-07 17:16:26 - root - INFO -     $66compare_op.13 = $42binary_subscr.9 <= $56binary_subscr.12 ['$42binary_subscr.9', '$56binary_subscr.12', '$66compare_op.13']
2025-12-07 17:16:26 - root - INFO -     $binop_and_72.14 = $32compare_op.6 & $66compare_op.13 ['$32compare_op.6', '$66compare_op.13', '$binop_and_72.14']
2025-12-07 17:16:26 - root - INFO -     $76return_value.15 = cast(value=$binop_and_72.14) ['$76return_value.15', '$binop_and_72.14']
2025-12-07 17:18:22 - root - INFO -  STATS: ========================================== DATA GROUPING ==========================================
2025-12-07 17:18:22 - root - INFO -  STATS: Grouped 137 meetings from training set
2025-12-07 17:18:22 - root - INFO -  STATS: Grouped 18 meetings from validation set
2025-12-07 17:18:22 - root - INFO -  STATS: Grouped 16 meetings from test set
2025-12-07 17:18:22 - root - INFO - 
 STATS: ========================================== MEETING STATISTICS ==========================================
2025-12-07 17:18:22 - root - INFO - 
 STATS: Training set meetings:
2025-12-07 17:18:22 - root - INFO -   Meeting EN2001a: 1675 audio segments, 694 overlapping segments, max 3 concurrent speakers
2025-12-07 17:18:22 - root - INFO -     First 5 overlapping segments:
2025-12-07 17:18:22 - root - INFO -       1. Speakers MEE068 & MEO069: 5.60s - 5.94s (duration: 0.34s)
2025-12-07 17:18:22 - root - INFO -       2. Speakers MEO069 & MEE067: 17.07s - 18.05s (duration: 0.98s)
2025-12-07 17:18:22 - root - INFO -       3. Speakers MEE067 & MEE068: 18.95s - 19.26s (duration: 0.31s)
2025-12-07 17:18:22 - root - INFO -       4. Speakers MEE067 & MEO069: 19.01s - 19.61s (duration: 0.60s)
2025-12-07 17:18:22 - root - INFO -       5. Speakers MEE068 & MEO069: 19.01s - 19.26s (duration: 0.25s)
2025-12-07 17:18:22 - root - INFO -   Meeting EN2001b: 986 audio segments, 386 overlapping segments, max 3 concurrent speakers
2025-12-07 17:18:22 - root - INFO -     First 5 overlapping segments:
2025-12-07 17:18:22 - root - INFO -       1. Speakers FEO066 & MEO069: 32.19s - 32.86s (duration: 0.67s)
2025-12-07 17:18:22 - root - INFO -       2. Speakers MEO069 & FEO065: 81.54s - 82.44s (duration: 0.90s)
2025-12-07 17:18:22 - root - INFO -       3. Speakers FEO065 & MEO069: 84.49s - 86.03s (duration: 1.54s)
2025-12-07 17:18:22 - root - INFO -       4. Speakers MEO069 & FEO065: 86.03s - 86.33s (duration: 0.30s)
2025-12-07 17:18:22 - root - INFO -       5. Speakers MEO069 & MEE068: 86.40s - 88.33s (duration: 1.93s)
2025-12-07 17:18:22 - root - INFO -   Meeting EN2001d: 1111 audio segments, 504 overlapping segments, max 4 concurrent speakers
2025-12-07 17:18:22 - root - INFO -     First 5 overlapping segments:
2025-12-07 17:18:22 - root - INFO -       1. Speakers MEO069 & MEE068: 48.99s - 49.17s (duration: 0.18s)
2025-12-07 17:18:22 - root - INFO -       2. Speakers MEE067 & MEO069: 62.78s - 63.21s (duration: 0.43s)
2025-12-07 17:18:22 - root - INFO -       3. Speakers MEO069 & MEE067: 89.78s - 89.98s (duration: 0.20s)
2025-12-07 17:18:22 - root - INFO -       4. Speakers MEE067 & MEO069: 92.40s - 92.89s (duration: 0.49s)
2025-12-07 17:18:22 - root - INFO -       5. Speakers MEO069 & MEE067: 99.19s - 100.21s (duration: 1.02s)
2025-12-07 17:18:22 - root - INFO -   Meeting EN2001e: 1303 audio segments, 638 overlapping segments, max 3 concurrent speakers
2025-12-07 17:18:22 - root - INFO -     First 5 overlapping segments:
2025-12-07 17:18:22 - root - INFO -       1. Speakers MEO069 & FEO066: 33.79s - 33.89s (duration: 0.10s)
2025-12-07 17:18:22 - root - INFO -       2. Speakers FEO066 & MEO069: 33.89s - 34.76s (duration: 0.87s)
2025-12-07 17:18:22 - root - INFO -       3. Speakers MEE067 & FEO066: 162.44s - 162.83s (duration: 0.39s)
2025-12-07 17:18:22 - root - INFO -       4. Speakers MEO069 & MEE067: 169.54s - 169.87s (duration: 0.33s)
2025-12-07 17:18:22 - root - INFO -       5. Speakers MEO069 & MEE067: 174.88s - 175.61s (duration: 0.73s)
2025-12-07 17:18:22 - root - INFO -   Meeting EN2003a: 799 audio segments, 352 overlapping segments, max 3 concurrent speakers
2025-12-07 17:18:22 - root - INFO -     First 5 overlapping segments:
2025-12-07 17:18:22 - root - INFO -       1. Speakers MEE075 & MEO074: 21.32s - 21.61s (duration: 0.29s)
2025-12-07 17:18:22 - root - INFO -       2. Speakers MEE075 & MEO074: 42.70s - 43.04s (duration: 0.34s)
2025-12-07 17:18:22 - root - INFO -       3. Speakers MEE075 & MEO074: 54.46s - 54.65s (duration: 0.19s)
2025-12-07 17:18:22 - root - INFO -       4. Speakers MEO074 & MEE076: 64.00s - 64.12s (duration: 0.12s)
2025-12-07 17:18:22 - root - INFO -       5. Speakers MEO074 & MEE075: 78.16s - 79.06s (duration: 0.90s)
2025-12-07 17:18:22 - root - INFO -   Meeting EN2004a: 1415 audio segments, 1049 overlapping segments, max 4 concurrent speakers
2025-12-07 17:18:22 - root - INFO -     First 5 overlapping segments:
2025-12-07 17:18:22 - root - INFO -       1. Speakers FEE078 & FEE080: 19.23s - 19.48s (duration: 0.25s)
2025-12-07 17:18:22 - root - INFO -       2. Speakers FEE078 & FEE081: 30.39s - 30.74s (duration: 0.35s)
2025-12-07 17:18:22 - root - INFO -       3. Speakers FEE078 & FEE080: 73.16s - 73.40s (duration: 0.24s)
2025-12-07 17:18:22 - root - INFO -       4. Speakers FEE078 & FEE080: 98.02s - 98.23s (duration: 0.21s)
2025-12-07 17:18:22 - root - INFO -       5. Speakers FEE078 & FEE081: 135.93s - 136.38s (duration: 0.45s)
2025-12-07 17:18:22 - root - INFO -   Meeting EN2005a: 1614 audio segments, 879 overlapping segments, max 3 concurrent speakers
2025-12-07 17:18:22 - root - INFO -     First 5 overlapping segments:
2025-12-07 17:18:22 - root - INFO -       1. Speakers FEE083 & MEO082: 3.72s - 5.92s (duration: 2.20s)
2025-12-07 17:18:22 - root - INFO -       2. Speakers FEE083 & MEO082: 5.92s - 5.98s (duration: 0.06s)
2025-12-07 17:18:22 - root - INFO -       3. Speakers MEO082 & FEE083: 5.98s - 6.55s (duration: 0.57s)
2025-12-07 17:18:22 - root - INFO -       4. Speakers FEE083 & FEE085: 21.89s - 22.22s (duration: 0.33s)
2025-12-07 17:18:22 - root - INFO -       5. Speakers FEE083 & FEE085: 34.15s - 35.31s (duration: 1.16s)
2025-12-07 17:18:22 - root - INFO -   Meeting EN2006a: 1590 audio segments, 853 overlapping segments, max 4 concurrent speakers
2025-12-07 17:18:22 - root - INFO -     First 5 overlapping segments:
2025-12-07 17:18:22 - root - INFO -       1. Speakers FEE087 & MEE089: 20.35s - 20.46s (duration: 0.11s)
2025-12-07 17:18:22 - root - INFO -       2. Speakers FEE087 & MEE089: 23.22s - 23.41s (duration: 0.19s)
2025-12-07 17:18:22 - root - INFO -       3. Speakers FEE087 & FEE088: 23.50s - 24.88s (duration: 1.38s)
2025-12-07 17:18:22 - root - INFO -       4. Speakers FEE087 & MEO086: 24.09s - 24.39s (duration: 0.30s)
2025-12-07 17:18:22 - root - INFO -       5. Speakers FEE088 & MEO086: 24.09s - 24.39s (duration: 0.30s)
2025-12-07 17:18:22 - root - INFO -   Meeting EN2006b: 1445 audio segments, 815 overlapping segments, max 4 concurrent speakers
2025-12-07 17:18:22 - root - INFO -     First 5 overlapping segments:
2025-12-07 17:18:22 - root - INFO -       1. Speakers FEE087 & MEE089: 5.22s - 6.40s (duration: 1.18s)
2025-12-07 17:18:22 - root - INFO -       2. Speakers FEE087 & FEE088: 5.49s - 8.33s (duration: 2.84s)
2025-12-07 17:18:22 - root - INFO -       3. Speakers FEE087 & MEE089: 6.40s - 6.60s (duration: 0.20s)
2025-12-07 17:18:22 - root - INFO -       4. Speakers FEE087 & MEO086: 7.05s - 7.45s (duration: 0.40s)
2025-12-07 17:18:22 - root - INFO -       5. Speakers MEE089 & FEE088: 5.49s - 6.40s (duration: 0.91s)
2025-12-07 17:18:22 - root - INFO -   Meeting EN2009b: 1010 audio segments, 681 overlapping segments, max 3 concurrent speakers
2025-12-07 17:18:22 - root - INFO -     First 5 overlapping segments:
2025-12-07 17:18:22 - root - INFO -       1. Speakers MEE094 & FEE083: 1.99s - 3.24s (duration: 1.25s)
2025-12-07 17:18:22 - root - INFO -       2. Speakers FEE083 & MEE094: 3.24s - 3.32s (duration: 0.08s)
2025-12-07 17:18:22 - root - INFO -       3. Speakers MEE094 & FEE083: 3.32s - 4.19s (duration: 0.87s)
2025-12-07 17:18:22 - root - INFO -       4. Speakers MEE094 & FEE083: 4.19s - 5.99s (duration: 1.80s)
2025-12-07 17:18:22 - root - INFO -       5. Speakers FEE083 & MEE094: 14.22s - 16.25s (duration: 2.03s)
2025-12-07 17:18:22 - root - INFO -   Meeting EN2009c: 1262 audio segments, 696 overlapping segments, max 3 concurrent speakers
2025-12-07 17:18:22 - root - INFO -     First 5 overlapping segments:
2025-12-07 17:18:22 - root - INFO -       1. Speakers FEE083 & MEE094: 0.65s - 1.32s (duration: 0.67s)
2025-12-07 17:18:22 - root - INFO -       2. Speakers FEE083 & MEE095: 4.40s - 4.84s (duration: 0.44s)
2025-12-07 17:18:22 - root - INFO -       3. Speakers FEE083 & MEE095: 11.12s - 11.22s (duration: 0.10s)
2025-12-07 17:18:22 - root - INFO -       4. Speakers MEE095 & FEE083: 19.02s - 19.62s (duration: 0.60s)
2025-12-07 17:18:22 - root - INFO -       5. Speakers MEE095 & MEE094: 19.57s - 20.29s (duration: 0.72s)
2025-12-07 17:18:22 - root - INFO -   Meeting EN2009d: 2419 audio segments, 1638 overlapping segments, max 4 concurrent speakers
2025-12-07 17:18:22 - root - INFO -     First 5 overlapping segments:
2025-12-07 17:18:22 - root - INFO -       1. Speakers FEE096 & FEE083: 1.56s - 1.81s (duration: 0.25s)
2025-12-07 17:18:22 - root - INFO -       2. Speakers FEE083 & FEE096: 5.33s - 5.64s (duration: 0.31s)
2025-12-07 17:18:22 - root - INFO -       3. Speakers FEE083 & FEE096: 38.50s - 40.27s (duration: 1.77s)
2025-12-07 17:18:22 - root - INFO -       4. Speakers FEE083 & FEE096: 40.27s - 40.36s (duration: 0.09s)
2025-12-07 17:18:22 - root - INFO -       5. Speakers FEE096 & FEE083: 40.36s - 41.71s (duration: 1.35s)
2025-12-07 17:18:22 - root - INFO -   Meeting ES2002a: 387 audio segments, 174 overlapping segments, max 4 concurrent speakers
2025-12-07 17:18:22 - root - INFO -     First 5 overlapping segments:
2025-12-07 17:18:22 - root - INFO -       1. Speakers FEE005 & MEE008: 67.20s - 67.45s (duration: 0.25s)
2025-12-07 17:18:22 - root - INFO -       2. Speakers FEE005 & MEE008: 74.89s - 75.23s (duration: 0.34s)
2025-12-07 17:18:22 - root - INFO -       3. Speakers MEE006 & FEE005: 80.81s - 80.87s (duration: 0.06s)
2025-12-07 17:18:22 - root - INFO -       4. Speakers MEE007 & MEE008: 86.07s - 86.50s (duration: 0.43s)
2025-12-07 17:18:22 - root - INFO -       5. Speakers MEE006 & FEE005: 135.08s - 135.44s (duration: 0.36s)
2025-12-07 17:18:22 - root - INFO -   Meeting ES2002b: 826 audio segments, 530 overlapping segments, max 3 concurrent speakers
2025-12-07 17:18:22 - root - INFO -     First 5 overlapping segments:
2025-12-07 17:18:22 - root - INFO -       1. Speakers FEE005 & MEE008: 27.38s - 28.53s (duration: 1.15s)
2025-12-07 17:18:22 - root - INFO -       2. Speakers FEE005 & MEE008: 30.49s - 33.32s (duration: 2.83s)
2025-12-07 17:18:22 - root - INFO -       3. Speakers FEE005 & MEE008: 33.32s - 34.09s (duration: 0.77s)
2025-12-07 17:18:22 - root - INFO -       4. Speakers FEE005 & MEE008: 36.45s - 36.97s (duration: 0.52s)
2025-12-07 17:18:22 - root - INFO -       5. Speakers MEE008 & FEE005: 36.97s - 38.34s (duration: 1.37s)
2025-12-07 17:18:22 - root - INFO -   Meeting ES2002c: 807 audio segments, 438 overlapping segments, max 3 concurrent speakers
2025-12-07 17:18:22 - root - INFO -     First 5 overlapping segments:
2025-12-07 17:18:22 - root - INFO -       1. Speakers MEE006 & MEE008: 0.64s - 0.91s (duration: 0.27s)
2025-12-07 17:18:22 - root - INFO -       2. Speakers MEE006 & FEE005: 4.42s - 5.16s (duration: 0.74s)
2025-12-07 17:18:22 - root - INFO -       3. Speakers MEE006 & MEE008: 5.03s - 6.95s (duration: 1.92s)
2025-12-07 17:18:22 - root - INFO -       4. Speakers MEE006 & FEE005: 6.49s - 7.71s (duration: 1.22s)
2025-12-07 17:18:22 - root - INFO -       5. Speakers MEE006 & MEE008: 6.95s - 8.77s (duration: 1.82s)
2025-12-07 17:18:22 - root - INFO -   Meeting ES2002d: 1057 audio segments, 635 overlapping segments, max 3 concurrent speakers
2025-12-07 17:18:22 - root - INFO -     First 5 overlapping segments:
2025-12-07 17:18:22 - root - INFO -       1. Speakers FEE005 & MEE006: 59.26s - 59.39s (duration: 0.13s)
2025-12-07 17:18:22 - root - INFO -       2. Speakers MEE007 & MEE006: 71.75s - 73.91s (duration: 2.16s)
2025-12-07 17:18:22 - root - INFO -       3. Speakers MEE007 & FEE005: 76.93s - 77.45s (duration: 0.52s)
2025-12-07 17:18:22 - root - INFO -       4. Speakers MEE007 & FEE005: 79.56s - 80.19s (duration: 0.63s)
2025-12-07 17:18:22 - root - INFO -       5. Speakers MEE007 & FEE005: 84.93s - 85.19s (duration: 0.26s)
2025-12-07 17:18:22 - root - INFO -   Meeting ES2003a: 215 audio segments, 45 overlapping segments, max 3 concurrent speakers
2025-12-07 17:18:22 - root - INFO -     First 5 overlapping segments:
2025-12-07 17:18:22 - root - INFO -       1. Speakers MEE009 & MEE012: 23.09s - 23.70s (duration: 0.61s)
2025-12-07 17:18:22 - root - INFO -       2. Speakers MEE009 & MEE011: 54.24s - 55.07s (duration: 0.83s)
2025-12-07 17:18:22 - root - INFO -       3. Speakers MEE011 & MEE009: 55.07s - 55.62s (duration: 0.55s)
2025-12-07 17:18:22 - root - INFO -       4. Speakers MEE011 & MEE009: 55.62s - 56.06s (duration: 0.44s)
2025-12-07 17:18:22 - root - INFO -       5. Speakers MEE009 & MEE012: 244.72s - 244.76s (duration: 0.04s)
2025-12-07 17:18:22 - root - INFO -   Meeting ES2003b: 583 audio segments, 200 overlapping segments, max 3 concurrent speakers
2025-12-07 17:18:22 - root - INFO -     First 5 overlapping segments:
2025-12-07 17:18:22 - root - INFO -       1. Speakers MEE009 & MEE012: 16.39s - 17.48s (duration: 1.09s)
2025-12-07 17:18:22 - root - INFO -       2. Speakers MEE012 & MEE009: 17.48s - 17.52s (duration: 0.04s)
2025-12-07 17:18:22 - root - INFO -       3. Speakers MEE012 & MEE009: 39.61s - 40.28s (duration: 0.67s)
2025-12-07 17:18:22 - root - INFO -       4. Speakers MEE009 & MEE012: 41.82s - 42.21s (duration: 0.39s)
2025-12-07 17:18:22 - root - INFO -       5. Speakers MEE009 & MEE011: 121.21s - 121.63s (duration: 0.42s)
2025-12-07 17:18:22 - root - INFO -   Meeting ES2003c: 637 audio segments, 203 overlapping segments, max 3 concurrent speakers
2025-12-07 17:18:22 - root - INFO -     First 5 overlapping segments:
2025-12-07 17:18:22 - root - INFO -       1. Speakers MEE009 & MEE010: 79.20s - 79.76s (duration: 0.56s)
2025-12-07 17:18:22 - root - INFO -       2. Speakers MEE010 & MEE009: 79.76s - 81.28s (duration: 1.52s)
2025-12-07 17:18:22 - root - INFO -       3. Speakers MEE009 & MEE010: 81.28s - 82.99s (duration: 1.71s)
2025-12-07 17:18:22 - root - INFO -       4. Speakers MEE010 & MEE009: 111.35s - 113.27s (duration: 1.92s)
2025-12-07 17:18:22 - root - INFO -       5. Speakers MEE009 & MEE010: 120.33s - 120.62s (duration: 0.29s)
2025-12-07 17:18:22 - root - INFO -   Meeting ES2003d: 760 audio segments, 260 overlapping segments, max 4 concurrent speakers
2025-12-07 17:18:22 - root - INFO -     First 5 overlapping segments:
2025-12-07 17:18:22 - root - INFO -       1. Speakers MEE009 & MEE011: 87.07s - 87.21s (duration: 0.14s)
2025-12-07 17:18:22 - root - INFO -       2. Speakers MEE009 & MEE011: 90.65s - 92.41s (duration: 1.76s)
2025-12-07 17:18:22 - root - INFO -       3. Speakers MEE011 & MEE009: 140.65s - 140.86s (duration: 0.21s)
2025-12-07 17:18:22 - root - INFO -       4. Speakers MEE009 & MEE011: 181.26s - 181.79s (duration: 0.53s)
2025-12-07 17:18:22 - root - INFO -       5. Speakers MEE011 & MEE009: 181.79s - 181.81s (duration: 0.02s)
2025-12-07 17:18:22 - root - INFO -   Meeting ES2005a: 113 audio segments, 74 overlapping segments, max 3 concurrent speakers
2025-12-07 17:18:22 - root - INFO -     First 5 overlapping segments:
2025-12-07 17:18:22 - root - INFO -       1. Speakers MEE017 & MEE018: 0.75s - 1.61s (duration: 0.86s)
2025-12-07 17:18:22 - root - INFO -       2. Speakers MEE017 & FEE019: 4.08s - 4.59s (duration: 0.51s)
2025-12-07 17:18:22 - root - INFO -       3. Speakers MEE017 & MEE018: 5.43s - 5.96s (duration: 0.53s)
2025-12-07 17:18:22 - root - INFO -       4. Speakers MEE017 & MEE018: 6.79s - 8.73s (duration: 1.94s)
2025-12-07 17:18:22 - root - INFO -       5. Speakers MEE018 & MEE017: 10.96s - 11.75s (duration: 0.79s)
2025-12-07 17:18:22 - root - INFO -   Meeting ES2005b: 771 audio segments, 423 overlapping segments, max 3 concurrent speakers
2025-12-07 17:18:22 - root - INFO -     First 5 overlapping segments:
2025-12-07 17:18:22 - root - INFO -       1. Speakers MEE017 & FEE019: 17.03s - 17.73s (duration: 0.70s)
2025-12-07 17:18:22 - root - INFO -       2. Speakers MEE017 & FEE019: 28.17s - 28.54s (duration: 0.37s)
2025-12-07 17:18:22 - root - INFO -       3. Speakers MEE017 & FEE019: 31.56s - 31.94s (duration: 0.38s)
2025-12-07 17:18:22 - root - INFO -       4. Speakers MEE017 & MEO020: 50.86s - 51.99s (duration: 1.13s)
2025-12-07 17:18:22 - root - INFO -       5. Speakers MEE017 & MEO020: 51.99s - 52.16s (duration: 0.17s)
2025-12-07 17:18:22 - root - INFO -   Meeting ES2005c: 949 audio segments, 622 overlapping segments, max 4 concurrent speakers
2025-12-07 17:18:22 - root - INFO -     First 5 overlapping segments:
2025-12-07 17:18:22 - root - INFO -       1. Speakers MEE017 & FEE019: 39.92s - 40.29s (duration: 0.37s)
2025-12-07 17:18:22 - root - INFO -       2. Speakers MEE017 & FEE019: 51.36s - 51.97s (duration: 0.61s)
2025-12-07 17:18:22 - root - INFO -       3. Speakers MEE017 & FEE019: 51.97s - 52.77s (duration: 0.80s)
2025-12-07 17:18:22 - root - INFO -       4. Speakers FEE019 & MEE017: 63.62s - 64.13s (duration: 0.51s)
2025-12-07 17:18:22 - root - INFO -       5. Speakers FEE019 & MEE017: 66.05s - 66.08s (duration: 0.03s)
2025-12-07 17:18:22 - root - INFO -   Meeting ES2005d: 637 audio segments, 362 overlapping segments, max 4 concurrent speakers
2025-12-07 17:18:22 - root - INFO -     First 5 overlapping segments:
2025-12-07 17:18:22 - root - INFO -       1. Speakers FEE019 & MEE018: 41.74s - 42.39s (duration: 0.65s)
2025-12-07 17:18:22 - root - INFO -       2. Speakers FEE019 & MEE018: 51.06s - 51.73s (duration: 0.67s)
2025-12-07 17:18:22 - root - INFO -       3. Speakers MEE017 & MEE018: 60.45s - 61.01s (duration: 0.56s)
2025-12-07 17:18:22 - root - INFO -       4. Speakers MEE017 & MEO020: 61.34s - 61.65s (duration: 0.31s)
2025-12-07 17:18:22 - root - INFO -       5. Speakers MEE017 & MEO020: 66.73s - 68.01s (duration: 1.28s)
2025-12-07 17:18:22 - root - INFO -   Meeting ES2006a: 322 audio segments, 137 overlapping segments, max 3 concurrent speakers
2025-12-07 17:18:22 - root - INFO -     First 5 overlapping segments:
2025-12-07 17:18:22 - root - INFO -       1. Speakers FEO023 & FEE021: 29.66s - 29.94s (duration: 0.28s)
2025-12-07 17:18:22 - root - INFO -       2. Speakers FEE021 & FEO023: 29.94s - 30.27s (duration: 0.33s)
2025-12-07 17:18:22 - root - INFO -       3. Speakers FEO023 & FEE021: 30.27s - 31.16s (duration: 0.89s)
2025-12-07 17:18:22 - root - INFO -       4. Speakers FEE021 & MEO022: 49.38s - 49.66s (duration: 0.28s)
2025-12-07 17:18:22 - root - INFO -       5. Speakers MEO022 & FEE021: 85.17s - 86.98s (duration: 1.81s)
2025-12-07 17:18:22 - root - INFO -   Meeting ES2006b: 679 audio segments, 411 overlapping segments, max 3 concurrent speakers
2025-12-07 17:18:22 - root - INFO -     First 5 overlapping segments:
2025-12-07 17:18:22 - root - INFO -       1. Speakers FEE021 & FEO023: 41.15s - 41.78s (duration: 0.63s)
2025-12-07 17:18:22 - root - INFO -       2. Speakers FEE021 & MEO022: 41.46s - 41.78s (duration: 0.32s)
2025-12-07 17:18:22 - root - INFO -       3. Speakers FEO023 & MEO022: 41.46s - 41.78s (duration: 0.32s)
2025-12-07 17:18:22 - root - INFO -       4. Speakers MEO022 & FEE021: 41.78s - 42.72s (duration: 0.94s)
2025-12-07 17:18:22 - root - INFO -       5. Speakers FEE021 & FEO023: 54.48s - 54.49s (duration: 0.01s)
2025-12-07 17:18:22 - root - INFO -   Meeting ES2006c: 759 audio segments, 512 overlapping segments, max 4 concurrent speakers
2025-12-07 17:18:22 - root - INFO -     First 5 overlapping segments:
2025-12-07 17:18:22 - root - INFO -       1. Speakers MEO022 & FEE021: 51.80s - 52.11s (duration: 0.31s)
2025-12-07 17:18:22 - root - INFO -       2. Speakers FEE021 & MEO022: 53.65s - 54.34s (duration: 0.69s)
2025-12-07 17:18:22 - root - INFO -       3. Speakers FEE021 & MEO022: 55.62s - 56.88s (duration: 1.26s)
2025-12-07 17:18:22 - root - INFO -       4. Speakers MEO022 & FEE021: 59.55s - 61.83s (duration: 2.28s)
2025-12-07 17:18:22 - root - INFO -       5. Speakers MEO022 & FEE021: 63.33s - 64.08s (duration: 0.75s)
2025-12-07 17:18:22 - root - INFO -   Meeting ES2006d: 932 audio segments, 718 overlapping segments, max 4 concurrent speakers
2025-12-07 17:18:22 - root - INFO -     First 5 overlapping segments:
2025-12-07 17:18:22 - root - INFO -       1. Speakers FEE021 & FEO023: 23.52s - 23.84s (duration: 0.32s)
2025-12-07 17:18:22 - root - INFO -       2. Speakers FEE021 & FEE024: 27.50s - 27.88s (duration: 0.38s)
2025-12-07 17:18:22 - root - INFO -       3. Speakers FEE024 & FEE021: 28.96s - 29.00s (duration: 0.04s)
2025-12-07 17:18:22 - root - INFO -       4. Speakers FEE021 & FEE024: 68.61s - 68.73s (duration: 0.12s)
2025-12-07 17:18:22 - root - INFO -       5. Speakers FEE024 & FEE021: 68.73s - 68.87s (duration: 0.14s)
2025-12-07 17:18:22 - root - INFO -   Meeting ES2007a: 400 audio segments, 161 overlapping segments, max 3 concurrent speakers
2025-12-07 17:18:22 - root - INFO -     First 5 overlapping segments:
2025-12-07 17:18:22 - root - INFO -       1. Speakers FEE028 & MEE025: 90.06s - 90.07s (duration: 0.01s)
2025-12-07 17:18:22 - root - INFO -       2. Speakers MEE025 & FEO026: 112.84s - 113.80s (duration: 0.96s)
2025-12-07 17:18:22 - root - INFO -       3. Speakers MEE025 & FEE028: 193.63s - 194.22s (duration: 0.59s)
2025-12-07 17:18:22 - root - INFO -       4. Speakers MEE025 & FEO026: 230.52s - 231.02s (duration: 0.50s)
2025-12-07 17:18:22 - root - INFO -       5. Speakers FEE028 & FEO026: 240.09s - 240.36s (duration: 0.27s)
2025-12-07 17:18:22 - root - INFO -   Meeting ES2007b: 510 audio segments, 236 overlapping segments, max 3 concurrent speakers
2025-12-07 17:18:22 - root - INFO -     First 5 overlapping segments:
2025-12-07 17:18:22 - root - INFO -       1. Speakers MEE027 & FEO026: 9.71s - 10.16s (duration: 0.45s)
2025-12-07 17:18:22 - root - INFO -       2. Speakers MEE027 & FEO026: 14.07s - 14.27s (duration: 0.20s)
2025-12-07 17:18:22 - root - INFO -       3. Speakers FEO026 & MEE027: 17.64s - 17.88s (duration: 0.24s)
2025-12-07 17:18:22 - root - INFO -       4. Speakers MEE027 & FEO026: 22.96s - 23.52s (duration: 0.56s)
2025-12-07 17:18:22 - root - INFO -       5. Speakers MEE027 & FEO026: 25.73s - 26.17s (duration: 0.44s)
2025-12-07 17:18:22 - root - INFO -   Meeting ES2007c: 739 audio segments, 338 overlapping segments, max 3 concurrent speakers
2025-12-07 17:18:22 - root - INFO -     First 5 overlapping segments:
2025-12-07 17:18:22 - root - INFO -       1. Speakers MEE025 & MEE027: 78.63s - 79.01s (duration: 0.38s)
2025-12-07 17:18:22 - root - INFO -       2. Speakers MEE025 & MEE027: 87.19s - 87.40s (duration: 0.21s)
2025-12-07 17:18:22 - root - INFO -       3. Speakers MEE025 & FEE028: 88.90s - 89.55s (duration: 0.65s)
2025-12-07 17:18:22 - root - INFO -       4. Speakers MEE025 & FEO026: 89.08s - 89.91s (duration: 0.83s)
2025-12-07 17:18:22 - root - INFO -       5. Speakers FEE028 & FEO026: 89.08s - 89.55s (duration: 0.47s)
2025-12-07 17:18:22 - root - INFO -   Meeting ES2007d: 515 audio segments, 249 overlapping segments, max 4 concurrent speakers
2025-12-07 17:18:22 - root - INFO -     First 5 overlapping segments:
2025-12-07 17:18:22 - root - INFO -       1. Speakers MEE025 & FEE028: 7.91s - 8.16s (duration: 0.25s)
2025-12-07 17:18:22 - root - INFO -       2. Speakers FEE028 & FEO026: 8.85s - 9.66s (duration: 0.81s)
2025-12-07 17:18:22 - root - INFO -       3. Speakers FEE028 & MEE027: 8.91s - 9.66s (duration: 0.75s)
2025-12-07 17:18:22 - root - INFO -       4. Speakers FEO026 & MEE027: 8.91s - 9.97s (duration: 1.06s)
2025-12-07 17:18:22 - root - INFO -       5. Speakers MEE027 & MEE025: 11.68s - 12.08s (duration: 0.40s)
2025-12-07 17:18:22 - root - INFO -   Meeting ES2008a: 291 audio segments, 83 overlapping segments, max 3 concurrent speakers
2025-12-07 17:18:22 - root - INFO -     First 5 overlapping segments:
2025-12-07 17:18:22 - root - INFO -       1. Speakers FEE029 & FEE030: 109.98s - 110.38s (duration: 0.40s)
2025-12-07 17:18:22 - root - INFO -       2. Speakers FEE029 & FEE030: 153.08s - 153.81s (duration: 0.73s)
2025-12-07 17:18:22 - root - INFO -       3. Speakers FEE030 & FEE029: 200.49s - 200.90s (duration: 0.41s)
2025-12-07 17:18:22 - root - INFO -       4. Speakers MEE031 & FEE029: 222.53s - 222.73s (duration: 0.20s)
2025-12-07 17:18:22 - root - INFO -       5. Speakers FEE030 & MEE031: 239.09s - 242.29s (duration: 3.20s)
2025-12-07 17:18:22 - root - INFO -   Meeting ES2008b: 688 audio segments, 256 overlapping segments, max 4 concurrent speakers
2025-12-07 17:18:22 - root - INFO -     First 5 overlapping segments:
2025-12-07 17:18:22 - root - INFO -       1. Speakers FEE029 & MEE031: 89.55s - 90.06s (duration: 0.51s)
2025-12-07 17:18:22 - root - INFO -       2. Speakers FEE029 & FEE030: 91.75s - 92.08s (duration: 0.33s)
2025-12-07 17:18:22 - root - INFO -       3. Speakers FEE030 & FEE029: 149.74s - 150.51s (duration: 0.77s)
2025-12-07 17:18:22 - root - INFO -       4. Speakers MEE031 & FEE032: 169.48s - 170.18s (duration: 0.70s)
2025-12-07 17:18:22 - root - INFO -       5. Speakers MEE031 & FEE032: 170.18s - 170.51s (duration: 0.33s)
2025-12-07 17:18:22 - root - INFO -   Meeting ES2008c: 656 audio segments, 333 overlapping segments, max 4 concurrent speakers
2025-12-07 17:18:22 - root - INFO -     First 5 overlapping segments:
2025-12-07 17:18:22 - root - INFO -       1. Speakers FEE030 & FEE029: 91.68s - 91.92s (duration: 0.24s)
2025-12-07 17:18:22 - root - INFO -       2. Speakers FEE029 & FEE030: 134.19s - 134.96s (duration: 0.77s)
2025-12-07 17:18:22 - root - INFO -       3. Speakers FEE029 & MEE031: 138.56s - 138.79s (duration: 0.23s)
2025-12-07 17:18:22 - root - INFO -       4. Speakers FEE030 & FEE029: 257.70s - 258.49s (duration: 0.79s)
2025-12-07 17:18:22 - root - INFO -       5. Speakers FEE030 & FEE029: 302.13s - 302.54s (duration: 0.41s)
2025-12-07 17:18:22 - root - INFO -   Meeting ES2008d: 994 audio segments, 480 overlapping segments, max 4 concurrent speakers
2025-12-07 17:18:22 - root - INFO -     First 5 overlapping segments:
2025-12-07 17:18:22 - root - INFO -       1. Speakers FEE030 & FEE029: 187.43s - 189.04s (duration: 1.61s)
2025-12-07 17:18:22 - root - INFO -       2. Speakers FEE030 & MEE031: 188.54s - 189.34s (duration: 0.80s)
2025-12-07 17:18:22 - root - INFO -       3. Speakers FEE029 & MEE031: 188.54s - 189.04s (duration: 0.50s)
2025-12-07 17:18:22 - root - INFO -       4. Speakers MEE031 & FEE029: 189.89s - 190.36s (duration: 0.47s)
2025-12-07 17:18:22 - root - INFO -       5. Speakers FEE029 & MEE031: 191.06s - 191.48s (duration: 0.42s)
2025-12-07 17:18:22 - root - INFO -   Meeting ES2009a: 575 audio segments, 327 overlapping segments, max 4 concurrent speakers
2025-12-07 17:18:22 - root - INFO -     First 5 overlapping segments:
2025-12-07 17:18:22 - root - INFO -       1. Speakers FEE036 & MEE035: 8.27s - 8.36s (duration: 0.09s)
2025-12-07 17:18:22 - root - INFO -       2. Speakers MEE035 & FEE036: 8.36s - 8.90s (duration: 0.54s)
2025-12-07 17:18:22 - root - INFO -       3. Speakers MEE035 & FEE036: 11.17s - 11.69s (duration: 0.52s)
2025-12-07 17:18:22 - root - INFO -       4. Speakers MEE034 & MEE035: 25.92s - 26.16s (duration: 0.24s)
2025-12-07 17:18:22 - root - INFO -       5. Speakers MEE033 & MEE034: 51.62s - 51.89s (duration: 0.27s)
2025-12-07 17:18:22 - root - INFO -   Meeting ES2009b: 453 audio segments, 205 overlapping segments, max 4 concurrent speakers
2025-12-07 17:18:22 - root - INFO -     First 5 overlapping segments:
2025-12-07 17:18:22 - root - INFO -       1. Speakers MEE033 & FEE036: 29.32s - 29.78s (duration: 0.46s)
2025-12-07 17:18:22 - root - INFO -       2. Speakers MEE033 & MEE034: 85.48s - 86.14s (duration: 0.66s)
2025-12-07 17:18:22 - root - INFO -       3. Speakers MEE034 & FEE036: 88.21s - 89.24s (duration: 1.03s)
2025-12-07 17:18:22 - root - INFO -       4. Speakers MEE034 & MEE033: 88.27s - 89.00s (duration: 0.73s)
2025-12-07 17:18:22 - root - INFO -       5. Speakers FEE036 & MEE033: 88.27s - 89.00s (duration: 0.73s)
2025-12-07 17:18:22 - root - INFO -   Meeting ES2009c: 605 audio segments, 283 overlapping segments, max 4 concurrent speakers
2025-12-07 17:18:22 - root - INFO -     First 5 overlapping segments:
2025-12-07 17:18:22 - root - INFO -       1. Speakers MEE034 & MEE033: 11.94s - 12.56s (duration: 0.62s)
2025-12-07 17:18:22 - root - INFO -       2. Speakers MEE034 & FEE036: 13.67s - 14.09s (duration: 0.42s)
2025-12-07 17:18:22 - root - INFO -       3. Speakers MEE034 & MEE033: 14.49s - 14.77s (duration: 0.28s)
2025-12-07 17:18:22 - root - INFO -       4. Speakers MEE033 & MEE034: 98.74s - 99.38s (duration: 0.64s)
2025-12-07 17:18:22 - root - INFO -       5. Speakers MEE033 & FEE036: 99.28s - 99.40s (duration: 0.12s)
2025-12-07 17:18:22 - root - INFO -   Meeting ES2009d: 782 audio segments, 469 overlapping segments, max 4 concurrent speakers
2025-12-07 17:18:22 - root - INFO -     First 5 overlapping segments:
2025-12-07 17:18:22 - root - INFO -       1. Speakers FEE036 & MEE035: 38.39s - 38.76s (duration: 0.37s)
2025-12-07 17:18:22 - root - INFO -       2. Speakers MEE033 & MEE034: 54.54s - 56.59s (duration: 2.05s)
2025-12-07 17:18:22 - root - INFO -       3. Speakers MEE033 & MEE034: 78.76s - 78.94s (duration: 0.18s)
2025-12-07 17:18:22 - root - INFO -       4. Speakers MEE034 & MEE033: 79.86s - 79.98s (duration: 0.12s)
2025-12-07 17:18:22 - root - INFO -       5. Speakers MEE033 & FEE036: 80.53s - 80.93s (duration: 0.40s)
2025-12-07 17:18:22 - root - INFO -   Meeting ES2010a: 221 audio segments, 87 overlapping segments, max 4 concurrent speakers
2025-12-07 17:18:22 - root - INFO -     First 5 overlapping segments:
2025-12-07 17:18:22 - root - INFO -       1. Speakers FEE037 & FEE040: 31.73s - 31.95s (duration: 0.22s)
2025-12-07 17:18:22 - root - INFO -       2. Speakers FEE037 & FEE038: 35.42s - 35.53s (duration: 0.11s)
2025-12-07 17:18:22 - root - INFO -       3. Speakers FEE038 & FEE037: 35.53s - 36.11s (duration: 0.58s)
2025-12-07 17:18:22 - root - INFO -       4. Speakers FEE038 & FEE040: 137.09s - 137.40s (duration: 0.31s)
2025-12-07 17:18:22 - root - INFO -       5. Speakers FEE038 & FEE040: 138.41s - 138.44s (duration: 0.03s)
2025-12-07 17:18:22 - root - INFO -   Meeting ES2010b: 582 audio segments, 226 overlapping segments, max 4 concurrent speakers
2025-12-07 17:18:22 - root - INFO -     First 5 overlapping segments:
2025-12-07 17:18:22 - root - INFO -       1. Speakers FEE039 & FEE037: 190.30s - 190.56s (duration: 0.26s)
2025-12-07 17:18:22 - root - INFO -       2. Speakers FEE037 & FEE039: 194.88s - 194.89s (duration: 0.01s)
2025-12-07 17:18:22 - root - INFO -       3. Speakers FEE039 & FEE037: 196.58s - 196.91s (duration: 0.33s)
2025-12-07 17:18:22 - root - INFO -       4. Speakers FEE039 & FEE040: 196.88s - 197.20s (duration: 0.32s)
2025-12-07 17:18:22 - root - INFO -       5. Speakers FEE037 & FEE040: 196.88s - 196.91s (duration: 0.03s)
2025-12-07 17:18:22 - root - INFO -   Meeting ES2010c: 671 audio segments, 350 overlapping segments, max 4 concurrent speakers
2025-12-07 17:18:22 - root - INFO -     First 5 overlapping segments:
2025-12-07 17:18:22 - root - INFO -       1. Speakers FEE037 & FEE040: 83.11s - 83.75s (duration: 0.64s)
2025-12-07 17:18:22 - root - INFO -       2. Speakers FEE040 & FEE037: 83.75s - 84.12s (duration: 0.37s)
2025-12-07 17:18:22 - root - INFO -       3. Speakers FEE040 & FEE038: 142.11s - 143.19s (duration: 1.08s)
2025-12-07 17:18:22 - root - INFO -       4. Speakers FEE038 & FEE040: 143.52s - 144.53s (duration: 1.01s)
2025-12-07 17:18:22 - root - INFO -       5. Speakers FEE038 & FEE040: 144.53s - 144.61s (duration: 0.08s)
2025-12-07 17:18:22 - root - INFO -   Meeting ES2010d: 493 audio segments, 338 overlapping segments, max 4 concurrent speakers
2025-12-07 17:18:22 - root - INFO -     First 5 overlapping segments:
2025-12-07 17:18:22 - root - INFO -       1. Speakers FEE040 & FEE037: 9.84s - 9.85s (duration: 0.01s)
2025-12-07 17:18:22 - root - INFO -       2. Speakers FEE037 & FEE040: 19.64s - 19.97s (duration: 0.33s)
2025-12-07 17:18:22 - root - INFO -       3. Speakers FEE038 & FEE039: 49.82s - 50.12s (duration: 0.30s)
2025-12-07 17:18:22 - root - INFO -       4. Speakers FEE038 & FEE039: 56.09s - 56.58s (duration: 0.49s)
2025-12-07 17:18:22 - root - INFO -       5. Speakers FEE039 & FEE038: 58.22s - 58.97s (duration: 0.75s)
2025-12-07 17:18:22 - root - INFO -   Meeting ES2012a: 217 audio segments, 83 overlapping segments, max 3 concurrent speakers
2025-12-07 17:18:22 - root - INFO -     First 5 overlapping segments:
2025-12-07 17:18:22 - root - INFO -       1. Speakers MEE045 & MEE048: 76.26s - 76.33s (duration: 0.07s)
2025-12-07 17:18:22 - root - INFO -       2. Speakers MEE045 & FEE047: 191.40s - 191.96s (duration: 0.56s)
2025-12-07 17:18:22 - root - INFO -       3. Speakers MEE045 & FEE047: 211.39s - 213.08s (duration: 1.69s)
2025-12-07 17:18:22 - root - INFO -       4. Speakers FEE047 & FEE046: 214.99s - 215.40s (duration: 0.41s)
2025-12-07 17:18:22 - root - INFO -       5. Speakers FEE046 & MEE045: 215.53s - 216.68s (duration: 1.15s)
2025-12-07 17:18:22 - root - INFO -   Meeting ES2012b: 565 audio segments, 229 overlapping segments, max 4 concurrent speakers
2025-12-07 17:18:22 - root - INFO -     First 5 overlapping segments:
2025-12-07 17:18:22 - root - INFO -       1. Speakers MEE045 & FEE047: 75.73s - 75.97s (duration: 0.24s)
2025-12-07 17:18:22 - root - INFO -       2. Speakers MEE048 & MEE045: 389.67s - 390.09s (duration: 0.42s)
2025-12-07 17:18:22 - root - INFO -       3. Speakers MEE045 & MEE048: 450.78s - 451.19s (duration: 0.41s)
2025-12-07 17:18:22 - root - INFO -       4. Speakers MEE048 & MEE045: 451.19s - 451.44s (duration: 0.25s)
2025-12-07 17:18:22 - root - INFO -       5. Speakers MEE048 & MEE045: 614.04s - 614.36s (duration: 0.32s)
2025-12-07 17:18:22 - root - INFO -   Meeting ES2012c: 677 audio segments, 423 overlapping segments, max 4 concurrent speakers
2025-12-07 17:18:22 - root - INFO -     First 5 overlapping segments:
2025-12-07 17:18:22 - root - INFO -       1. Speakers MEE045 & FEE046: 283.46s - 284.75s (duration: 1.29s)
2025-12-07 17:18:22 - root - INFO -       2. Speakers FEE046 & MEE045: 285.44s - 286.01s (duration: 0.57s)
2025-12-07 17:18:22 - root - INFO -       3. Speakers MEE045 & FEE046: 290.08s - 291.93s (duration: 1.85s)
2025-12-07 17:18:22 - root - INFO -       4. Speakers FEE046 & MEE045: 499.68s - 499.80s (duration: 0.12s)
2025-12-07 17:18:22 - root - INFO -       5. Speakers MEE045 & FEE046: 502.62s - 503.03s (duration: 0.41s)
2025-12-07 17:18:22 - root - INFO -   Meeting ES2012d: 315 audio segments, 215 overlapping segments, max 4 concurrent speakers
2025-12-07 17:18:22 - root - INFO -     First 5 overlapping segments:
2025-12-07 17:18:22 - root - INFO -       1. Speakers FEE046 & MEE045: 89.25s - 89.27s (duration: 0.02s)
2025-12-07 17:18:22 - root - INFO -       2. Speakers FEE046 & MEE045: 97.95s - 98.28s (duration: 0.33s)
2025-12-07 17:18:22 - root - INFO -       3. Speakers MEE045 & FEE046: 98.28s - 100.84s (duration: 2.56s)
2025-12-07 17:18:22 - root - INFO -       4. Speakers FEE046 & MEE045: 104.30s - 105.63s (duration: 1.33s)
2025-12-07 17:18:22 - root - INFO -       5. Speakers FEE046 & MEE045: 105.63s - 107.12s (duration: 1.49s)
2025-12-07 17:18:22 - root - INFO -   Meeting ES2013a: 208 audio segments, 64 overlapping segments, max 3 concurrent speakers
2025-12-07 17:18:22 - root - INFO -     First 5 overlapping segments:
2025-12-07 17:18:22 - root - INFO -       1. Speakers FEE049 & FEE050: 188.01s - 190.79s (duration: 2.78s)
2025-12-07 17:18:22 - root - INFO -       2. Speakers FEE050 & FEE049: 217.81s - 221.76s (duration: 3.95s)
2025-12-07 17:18:22 - root - INFO -       3. Speakers FEE051 & FEE050: 232.38s - 232.44s (duration: 0.06s)
2025-12-07 17:18:22 - root - INFO -       4. Speakers FEE050 & FEE052: 232.66s - 233.15s (duration: 0.49s)
2025-12-07 17:18:22 - root - INFO -       5. Speakers FEE050 & FEE049: 232.76s - 236.87s (duration: 4.11s)
2025-12-07 17:18:22 - root - INFO -   Meeting ES2013b: 574 audio segments, 235 overlapping segments, max 3 concurrent speakers
2025-12-07 17:18:22 - root - INFO -     First 5 overlapping segments:
2025-12-07 17:18:22 - root - INFO -       1. Speakers FEE049 & FEE051: 78.66s - 79.09s (duration: 0.43s)
2025-12-07 17:18:22 - root - INFO -       2. Speakers FEE049 & FEE050: 78.95s - 79.38s (duration: 0.43s)
2025-12-07 17:18:22 - root - INFO -       3. Speakers FEE051 & FEE050: 78.95s - 79.09s (duration: 0.14s)
2025-12-07 17:18:22 - root - INFO -       4. Speakers FEE050 & FEE049: 166.45s - 167.26s (duration: 0.81s)
2025-12-07 17:18:22 - root - INFO -       5. Speakers FEE050 & FEE052: 171.67s - 171.92s (duration: 0.25s)
2025-12-07 17:18:22 - root - INFO -   Meeting ES2013c: 620 audio segments, 233 overlapping segments, max 3 concurrent speakers
2025-12-07 17:18:22 - root - INFO -     First 5 overlapping segments:
2025-12-07 17:18:22 - root - INFO -       1. Speakers FEE049 & FEE050: 57.20s - 57.44s (duration: 0.24s)
2025-12-07 17:18:22 - root - INFO -       2. Speakers FEE050 & FEE049: 57.44s - 59.49s (duration: 2.05s)
2025-12-07 17:18:22 - root - INFO -       3. Speakers FEE049 & FEE051: 259.24s - 259.47s (duration: 0.23s)
2025-12-07 17:18:22 - root - INFO -       4. Speakers FEE049 & FEE051: 295.58s - 295.83s (duration: 0.25s)
2025-12-07 17:18:22 - root - INFO -       5. Speakers FEE049 & FEE050: 295.89s - 296.20s (duration: 0.31s)
2025-12-07 17:18:23 - root - INFO -   Meeting ES2013d: 575 audio segments, 230 overlapping segments, max 3 concurrent speakers
2025-12-07 17:18:23 - root - INFO -     First 5 overlapping segments:
2025-12-07 17:18:23 - root - INFO -       1. Speakers FEE049 & FEE052: 186.63s - 186.87s (duration: 0.24s)
2025-12-07 17:18:23 - root - INFO -       2. Speakers FEE049 & FEE051: 332.90s - 333.15s (duration: 0.25s)
2025-12-07 17:18:23 - root - INFO -       3. Speakers FEE049 & FEE050: 333.30s - 333.57s (duration: 0.27s)
2025-12-07 17:18:23 - root - INFO -       4. Speakers FEE050 & FEE051: 345.20s - 345.64s (duration: 0.44s)
2025-12-07 17:18:23 - root - INFO -       5. Speakers FEE050 & FEE049: 345.72s - 346.24s (duration: 0.52s)
2025-12-07 17:18:23 - root - INFO -   Meeting ES2014a: 290 audio segments, 86 overlapping segments, max 3 concurrent speakers
2025-12-07 17:18:23 - root - INFO -     First 5 overlapping segments:
2025-12-07 17:18:23 - root - INFO -       1. Speakers MEE053 & MEE056: 76.13s - 76.40s (duration: 0.27s)
2025-12-07 17:18:23 - root - INFO -       2. Speakers MEE053 & MEE054: 91.88s - 92.33s (duration: 0.45s)
2025-12-07 17:18:23 - root - INFO -       3. Speakers MEE053 & MEE056: 102.98s - 103.47s (duration: 0.49s)
2025-12-07 17:18:23 - root - INFO -       4. Speakers MEE054 & FEE055: 137.09s - 137.38s (duration: 0.29s)
2025-12-07 17:18:23 - root - INFO -       5. Speakers MEE053 & MEE054: 191.27s - 193.14s (duration: 1.87s)
2025-12-07 17:18:23 - root - INFO -   Meeting ES2014b: 719 audio segments, 329 overlapping segments, max 4 concurrent speakers
2025-12-07 17:18:23 - root - INFO -     First 5 overlapping segments:
2025-12-07 17:18:23 - root - INFO -       1. Speakers MEE054 & FEE055: 134.08s - 134.22s (duration: 0.14s)
2025-12-07 17:18:23 - root - INFO -       2. Speakers MEE054 & MEE056: 134.19s - 134.41s (duration: 0.22s)
2025-12-07 17:18:23 - root - INFO -       3. Speakers FEE055 & MEE056: 134.19s - 134.22s (duration: 0.03s)
2025-12-07 17:18:23 - root - INFO -       4. Speakers MEE056 & MEE053: 134.79s - 135.54s (duration: 0.75s)
2025-12-07 17:18:23 - root - INFO -       5. Speakers MEE053 & MEE054: 158.58s - 159.05s (duration: 0.47s)
2025-12-07 17:18:23 - root - INFO -   Meeting ES2014c: 755 audio segments, 397 overlapping segments, max 4 concurrent speakers
2025-12-07 17:18:23 - root - INFO -     First 5 overlapping segments:
2025-12-07 17:18:23 - root - INFO -       1. Speakers MEE054 & MEE053: 233.87s - 234.23s (duration: 0.36s)
2025-12-07 17:18:23 - root - INFO -       2. Speakers MEE054 & MEE056: 234.29s - 234.48s (duration: 0.19s)
2025-12-07 17:18:23 - root - INFO -       3. Speakers MEE053 & MEE054: 235.79s - 237.38s (duration: 1.59s)
2025-12-07 17:18:23 - root - INFO -       4. Speakers MEE054 & MEE053: 237.38s - 240.07s (duration: 2.69s)
2025-12-07 17:18:23 - root - INFO -       5. Speakers MEE054 & MEE056: 239.78s - 240.01s (duration: 0.23s)
2025-12-07 17:18:23 - root - INFO -   Meeting ES2014d: 1047 audio segments, 511 overlapping segments, max 3 concurrent speakers
2025-12-07 17:18:23 - root - INFO -     First 5 overlapping segments:
2025-12-07 17:18:23 - root - INFO -       1. Speakers MEE053 & MEE056: 21.83s - 21.88s (duration: 0.05s)
2025-12-07 17:18:23 - root - INFO -       2. Speakers MEE056 & FEE055: 82.18s - 82.67s (duration: 0.49s)
2025-12-07 17:18:23 - root - INFO -       3. Speakers FEE055 & MEE056: 84.68s - 85.28s (duration: 0.60s)
2025-12-07 17:18:23 - root - INFO -       4. Speakers FEE055 & MEE056: 91.79s - 92.08s (duration: 0.29s)
2025-12-07 17:18:23 - root - INFO -       5. Speakers FEE055 & MEE056: 99.90s - 100.27s (duration: 0.37s)
2025-12-07 17:18:23 - root - INFO -   Meeting ES2015a: 330 audio segments, 152 overlapping segments, max 4 concurrent speakers
2025-12-07 17:18:23 - root - INFO -     First 5 overlapping segments:
2025-12-07 17:18:23 - root - INFO -       1. Speakers FEE060 & FEE057: 86.81s - 87.42s (duration: 0.61s)
2025-12-07 17:18:23 - root - INFO -       2. Speakers FEE057 & FEE060: 87.42s - 87.68s (duration: 0.26s)
2025-12-07 17:18:23 - root - INFO -       3. Speakers FEE060 & FEE057: 87.68s - 88.15s (duration: 0.47s)
2025-12-07 17:18:23 - root - INFO -       4. Speakers FEE057 & FEE058: 94.66s - 96.62s (duration: 1.96s)
2025-12-07 17:18:23 - root - INFO -       5. Speakers FEE057 & FEE058: 124.71s - 126.32s (duration: 1.61s)
2025-12-07 17:18:23 - root - INFO -   Meeting ES2015b: 952 audio segments, 616 overlapping segments, max 4 concurrent speakers
2025-12-07 17:18:23 - root - INFO -     First 5 overlapping segments:
2025-12-07 17:18:23 - root - INFO -       1. Speakers FEE058 & FEE057: 100.85s - 101.85s (duration: 1.00s)
2025-12-07 17:18:23 - root - INFO -       2. Speakers FEE058 & FEE057: 101.85s - 102.51s (duration: 0.66s)
2025-12-07 17:18:23 - root - INFO -       3. Speakers FEE059 & FEE058: 105.29s - 105.91s (duration: 0.62s)
2025-12-07 17:18:23 - root - INFO -       4. Speakers FEE058 & FEE057: 109.19s - 109.57s (duration: 0.38s)
2025-12-07 17:18:23 - root - INFO -       5. Speakers FEE058 & FEE057: 136.58s - 137.28s (duration: 0.70s)
2025-12-07 17:18:23 - root - INFO -   Meeting ES2015c: 912 audio segments, 577 overlapping segments, max 4 concurrent speakers
2025-12-07 17:18:23 - root - INFO -     First 5 overlapping segments:
2025-12-07 17:18:23 - root - INFO -       1. Speakers FEE057 & FEE058: 40.47s - 41.72s (duration: 1.25s)
2025-12-07 17:18:23 - root - INFO -       2. Speakers FEE057 & FEE060: 40.55s - 41.60s (duration: 1.05s)
2025-12-07 17:18:23 - root - INFO -       3. Speakers FEE057 & FEE059: 41.05s - 41.44s (duration: 0.39s)
2025-12-07 17:18:23 - root - INFO -       4. Speakers FEE058 & FEE060: 40.55s - 41.60s (duration: 1.05s)
2025-12-07 17:18:23 - root - INFO -       5. Speakers FEE058 & FEE059: 41.05s - 41.44s (duration: 0.39s)
2025-12-07 17:18:23 - root - INFO -   Meeting ES2015d: 1078 audio segments, 905 overlapping segments, max 4 concurrent speakers
2025-12-07 17:18:23 - root - INFO -     First 5 overlapping segments:
2025-12-07 17:18:23 - root - INFO -       1. Speakers FEE057 & FEE058: 103.54s - 104.06s (duration: 0.52s)
2025-12-07 17:18:23 - root - INFO -       2. Speakers FEE058 & FEE057: 104.06s - 104.11s (duration: 0.05s)
2025-12-07 17:18:23 - root - INFO -       3. Speakers FEE057 & FEE058: 110.77s - 111.33s (duration: 0.56s)
2025-12-07 17:18:23 - root - INFO -       4. Speakers FEE058 & FEE057: 112.83s - 113.26s (duration: 0.43s)
2025-12-07 17:18:23 - root - INFO -       5. Speakers FEE059 & FEE058: 123.36s - 125.25s (duration: 1.89s)
2025-12-07 17:18:23 - root - INFO -   Meeting ES2016a: 360 audio segments, 123 overlapping segments, max 3 concurrent speakers
2025-12-07 17:18:23 - root - INFO -     First 5 overlapping segments:
2025-12-07 17:18:23 - root - INFO -       1. Speakers MEE061 & FEE064: 63.80s - 64.54s (duration: 0.74s)
2025-12-07 17:18:23 - root - INFO -       2. Speakers MEO062 & MEE063: 202.18s - 202.58s (duration: 0.40s)
2025-12-07 17:18:23 - root - INFO -       3. Speakers MEO062 & MEE061: 221.21s - 221.77s (duration: 0.56s)
2025-12-07 17:18:23 - root - INFO -       4. Speakers MEE063 & MEE061: 348.59s - 348.81s (duration: 0.22s)
2025-12-07 17:18:23 - root - INFO -       5. Speakers MEE063 & FEE064: 356.11s - 356.32s (duration: 0.21s)
2025-12-07 17:18:23 - root - INFO -   Meeting ES2016b: 661 audio segments, 171 overlapping segments, max 3 concurrent speakers
2025-12-07 17:18:23 - root - INFO -     First 5 overlapping segments:
2025-12-07 17:18:23 - root - INFO -       1. Speakers MEE061 & FEE064: 50.65s - 51.02s (duration: 0.37s)
2025-12-07 17:18:23 - root - INFO -       2. Speakers MEE063 & MEE061: 68.61s - 69.28s (duration: 0.67s)
2025-12-07 17:18:23 - root - INFO -       3. Speakers MEE061 & MEE063: 69.28s - 70.43s (duration: 1.15s)
2025-12-07 17:18:23 - root - INFO -       4. Speakers MEE061 & FEE064: 218.64s - 219.06s (duration: 0.42s)
2025-12-07 17:18:23 - root - INFO -       5. Speakers MEO062 & FEE064: 231.83s - 231.86s (duration: 0.03s)
2025-12-07 17:18:23 - root - INFO -   Meeting ES2016c: 562 audio segments, 162 overlapping segments, max 4 concurrent speakers
2025-12-07 17:18:23 - root - INFO -     First 5 overlapping segments:
2025-12-07 17:18:23 - root - INFO -       1. Speakers MEE061 & FEE064: 74.13s - 76.29s (duration: 2.16s)
2025-12-07 17:18:23 - root - INFO -       2. Speakers MEE061 & MEE063: 75.73s - 75.98s (duration: 0.25s)
2025-12-07 17:18:23 - root - INFO -       3. Speakers FEE064 & MEE063: 75.73s - 75.98s (duration: 0.25s)
2025-12-07 17:18:23 - root - INFO -       4. Speakers FEE064 & MEE061: 76.29s - 77.20s (duration: 0.91s)
2025-12-07 17:18:23 - root - INFO -       5. Speakers MEE061 & FEE064: 356.75s - 357.28s (duration: 0.53s)
2025-12-07 17:18:23 - root - INFO -   Meeting ES2016d: 623 audio segments, 267 overlapping segments, max 4 concurrent speakers
2025-12-07 17:18:23 - root - INFO -     First 5 overlapping segments:
2025-12-07 17:18:23 - root - INFO -       1. Speakers MEO062 & MEE063: 185.89s - 187.82s (duration: 1.93s)
2025-12-07 17:18:23 - root - INFO -       2. Speakers MEE063 & MEE061: 225.01s - 225.62s (duration: 0.61s)
2025-12-07 17:18:23 - root - INFO -       3. Speakers MEE063 & MEO062: 264.70s - 265.20s (duration: 0.50s)
2025-12-07 17:18:23 - root - INFO -       4. Speakers MEO062 & MEE063: 281.95s - 282.37s (duration: 0.42s)
2025-12-07 17:18:23 - root - INFO -       5. Speakers MEO062 & MEE063: 282.37s - 283.75s (duration: 1.38s)
2025-12-07 17:18:23 - root - INFO -   Meeting IB4005: 866 audio segments, 492 overlapping segments, max 4 concurrent speakers
2025-12-07 17:18:23 - root - INFO -     First 5 overlapping segments:
2025-12-07 17:18:23 - root - INFO -       1. Speakers FIE038 & MIE032: 9.86s - 9.97s (duration: 0.11s)
2025-12-07 17:18:23 - root - INFO -       2. Speakers MIE032 & FIE038: 9.97s - 10.23s (duration: 0.26s)
2025-12-07 17:18:23 - root - INFO -       3. Speakers FIE038 & MIE032: 27.16s - 27.45s (duration: 0.29s)
2025-12-07 17:18:23 - root - INFO -       4. Speakers MIE032 & FIE038: 27.45s - 27.59s (duration: 0.14s)
2025-12-07 17:18:23 - root - INFO -       5. Speakers FIE038 & MIE032: 78.44s - 78.56s (duration: 0.12s)
2025-12-07 17:18:23 - root - INFO -   Meeting IN1001: 1311 audio segments, 951 overlapping segments, max 3 concurrent speakers
2025-12-07 17:18:23 - root - INFO -     First 5 overlapping segments:
2025-12-07 17:18:23 - root - INFO -       1. Speakers MIO024 & MIO016: 94.94s - 95.23s (duration: 0.29s)
2025-12-07 17:18:23 - root - INFO -       2. Speakers MIO024 & MIO066: 106.79s - 106.97s (duration: 0.18s)
2025-12-07 17:18:23 - root - INFO -       3. Speakers MIO024 & MIO016: 115.14s - 115.49s (duration: 0.35s)
2025-12-07 17:18:23 - root - INFO -       4. Speakers MIO024 & MIO016: 117.15s - 119.13s (duration: 1.98s)
2025-12-07 17:18:23 - root - INFO -       5. Speakers MIO016 & MIO024: 119.13s - 120.49s (duration: 1.36s)
2025-12-07 17:18:23 - root - INFO -   Meeting IN1002: 941 audio segments, 665 overlapping segments, max 4 concurrent speakers
2025-12-07 17:18:23 - root - INFO -     First 5 overlapping segments:
2025-12-07 17:18:23 - root - INFO -       1. Speakers MIO078 & MIO022: 38.72s - 38.90s (duration: 0.18s)
2025-12-07 17:18:23 - root - INFO -       2. Speakers MIO022 & MIO050: 49.23s - 49.44s (duration: 0.21s)
2025-12-07 17:18:23 - root - INFO -       3. Speakers MIO022 & MIO078: 75.00s - 77.03s (duration: 2.03s)
2025-12-07 17:18:23 - root - INFO -       4. Speakers MIO022 & MIO076: 76.61s - 77.20s (duration: 0.59s)
2025-12-07 17:18:23 - root - INFO -       5. Speakers MIO078 & MIO076: 76.61s - 77.03s (duration: 0.42s)
2025-12-07 17:18:23 - root - INFO -   Meeting IN1005: 858 audio segments, 547 overlapping segments, max 4 concurrent speakers
2025-12-07 17:18:23 - root - INFO -     First 5 overlapping segments:
2025-12-07 17:18:23 - root - INFO -       1. Speakers MIE080 & MIO023: 38.88s - 39.11s (duration: 0.23s)
2025-12-07 17:18:23 - root - INFO -       2. Speakers MIE080 & MIO023: 41.24s - 41.72s (duration: 0.48s)
2025-12-07 17:18:23 - root - INFO -       3. Speakers MIO023 & MIO043: 41.87s - 42.12s (duration: 0.25s)
2025-12-07 17:18:23 - root - INFO -       4. Speakers MIO023 & MIE080: 43.57s - 44.19s (duration: 0.62s)
2025-12-07 17:18:23 - root - INFO -       5. Speakers MIE080 & MIO043: 53.35s - 53.87s (duration: 0.52s)
2025-12-07 17:18:23 - root - INFO -   Meeting IN1007: 1242 audio segments, 991 overlapping segments, max 4 concurrent speakers
2025-12-07 17:18:23 - root - INFO -     First 5 overlapping segments:
2025-12-07 17:18:23 - root - INFO -       1. Speakers MIO098 & MIO077: 27.94s - 29.75s (duration: 1.81s)
2025-12-07 17:18:23 - root - INFO -       2. Speakers MIO098 & MIO097: 31.08s - 33.04s (duration: 1.96s)
2025-12-07 17:18:23 - root - INFO -       3. Speakers MIO098 & MIO106: 32.75s - 33.04s (duration: 0.29s)
2025-12-07 17:18:23 - root - INFO -       4. Speakers MIO097 & MIO106: 32.75s - 34.01s (duration: 1.26s)
2025-12-07 17:18:23 - root - INFO -       5. Speakers MIO097 & MIO098: 33.04s - 34.40s (duration: 1.36s)
2025-12-07 17:18:23 - root - INFO -   Meeting IN1008: 1275 audio segments, 676 overlapping segments, max 4 concurrent speakers
2025-12-07 17:18:23 - root - INFO -     First 5 overlapping segments:
2025-12-07 17:18:23 - root - INFO -       1. Speakers MIO101 & MIO018: 52.42s - 52.82s (duration: 0.40s)
2025-12-07 17:18:23 - root - INFO -       2. Speakers MIO101 & MIO018: 57.65s - 57.90s (duration: 0.25s)
2025-12-07 17:18:23 - root - INFO -       3. Speakers MIO101 & MIO018: 64.51s - 64.81s (duration: 0.30s)
2025-12-07 17:18:23 - root - INFO -       4. Speakers MIO101 & MIO018: 68.56s - 68.89s (duration: 0.33s)
2025-12-07 17:18:23 - root - INFO -       5. Speakers MIO101 & MIO018: 70.55s - 70.87s (duration: 0.32s)
2025-12-07 17:18:23 - root - INFO -   Meeting IN1009: 400 audio segments, 240 overlapping segments, max 4 concurrent speakers
2025-12-07 17:18:23 - root - INFO -     First 5 overlapping segments:
2025-12-07 17:18:23 - root - INFO -       1. Speakers MIO101 & MIO018: 35.67s - 35.97s (duration: 0.30s)
2025-12-07 17:18:23 - root - INFO -       2. Speakers MIO018 & MIO101: 38.04s - 38.53s (duration: 0.49s)
2025-12-07 17:18:23 - root - INFO -       3. Speakers MIO018 & MIO099: 38.34s - 38.58s (duration: 0.24s)
2025-12-07 17:18:23 - root - INFO -       4. Speakers MIO101 & MIO099: 38.34s - 38.53s (duration: 0.19s)
2025-12-07 17:18:23 - root - INFO -       5. Speakers MIO099 & MIO018: 38.58s - 38.59s (duration: 0.01s)
2025-12-07 17:18:23 - root - INFO -   Meeting IN1012: 1340 audio segments, 1263 overlapping segments, max 4 concurrent speakers
2025-12-07 17:18:23 - root - INFO -     First 5 overlapping segments:
2025-12-07 17:18:23 - root - INFO -       1. Speakers MIO077 & MIO018: 38.51s - 42.06s (duration: 3.55s)
2025-12-07 17:18:23 - root - INFO -       2. Speakers MIO097 & MIO078: 47.65s - 48.07s (duration: 0.42s)
2025-12-07 17:18:23 - root - INFO -       3. Speakers MIO097 & MIO078: 57.92s - 58.71s (duration: 0.79s)
2025-12-07 17:18:23 - root - INFO -       4. Speakers MIO097 & MIO077: 58.24s - 58.62s (duration: 0.38s)
2025-12-07 17:18:23 - root - INFO -       5. Speakers MIO078 & MIO077: 58.24s - 58.62s (duration: 0.38s)
2025-12-07 17:18:23 - root - INFO -   Meeting IN1013: 1656 audio segments, 1460 overlapping segments, max 4 concurrent speakers
2025-12-07 17:18:23 - root - INFO -     First 5 overlapping segments:
2025-12-07 17:18:23 - root - INFO -       1. Speakers MIE034 & MIO097: 36.40s - 36.97s (duration: 0.57s)
2025-12-07 17:18:23 - root - INFO -       2. Speakers MIO097 & MIE034: 36.97s - 37.63s (duration: 0.66s)
2025-12-07 17:18:23 - root - INFO -       3. Speakers MIE034 & MIO097: 54.72s - 56.26s (duration: 1.54s)
2025-12-07 17:18:23 - root - INFO -       4. Speakers MIE034 & MIO097: 56.90s - 57.79s (duration: 0.89s)
2025-12-07 17:18:23 - root - INFO -       5. Speakers MIO097 & MIE034: 57.79s - 58.62s (duration: 0.83s)
2025-12-07 17:18:23 - root - INFO -   Meeting IN1014: 1342 audio segments, 756 overlapping segments, max 4 concurrent speakers
2025-12-07 17:18:23 - root - INFO -     First 5 overlapping segments:
2025-12-07 17:18:23 - root - INFO -       1. Speakers MIO016 & MIO020: 54.64s - 55.83s (duration: 1.19s)
2025-12-07 17:18:23 - root - INFO -       2. Speakers MIO016 & MIO020: 63.20s - 63.45s (duration: 0.25s)
2025-12-07 17:18:23 - root - INFO -       3. Speakers MIO016 & MIO020: 84.96s - 85.23s (duration: 0.27s)
2025-12-07 17:18:23 - root - INFO -       4. Speakers MIO016 & MIO031: 106.20s - 106.52s (duration: 0.32s)
2025-12-07 17:18:23 - root - INFO -       5. Speakers MIO016 & MIO020: 107.43s - 108.38s (duration: 0.95s)
2025-12-07 17:18:23 - root - INFO -   Meeting IN1016: 1533 audio segments, 1193 overlapping segments, max 4 concurrent speakers
2025-12-07 17:18:23 - root - INFO -     First 5 overlapping segments:
2025-12-07 17:18:23 - root - INFO -       1. Speakers MIO031 & MIO104: 39.96s - 40.40s (duration: 0.44s)
2025-12-07 17:18:23 - root - INFO -       2. Speakers MIO031 & MIO104: 43.17s - 43.78s (duration: 0.61s)
2025-12-07 17:18:23 - root - INFO -       3. Speakers MIO031 & MIE034: 43.41s - 45.41s (duration: 2.00s)
2025-12-07 17:18:23 - root - INFO -       4. Speakers MIO104 & MIE034: 43.41s - 43.78s (duration: 0.37s)
2025-12-07 17:18:23 - root - INFO -       5. Speakers MIO031 & MIO104: 50.85s - 51.08s (duration: 0.23s)
2025-12-07 17:18:23 - root - INFO -   Meeting IS1000a: 544 audio segments, 255 overlapping segments, max 3 concurrent speakers
2025-12-07 17:18:23 - root - INFO -     First 5 overlapping segments:
2025-12-07 17:18:23 - root - INFO -       1. Speakers MIO082 & MIO050: 96.02s - 97.48s (duration: 1.46s)
2025-12-07 17:18:23 - root - INFO -       2. Speakers MIO016 & MIO050: 114.49s - 114.73s (duration: 0.24s)
2025-12-07 17:18:23 - root - INFO -       3. Speakers MIO082 & MIO050: 126.40s - 126.88s (duration: 0.48s)
2025-12-07 17:18:23 - root - INFO -       4. Speakers MIO082 & MIO016: 133.07s - 133.43s (duration: 0.36s)
2025-12-07 17:18:23 - root - INFO -       5. Speakers MIO016 & MIO050: 133.51s - 134.12s (duration: 0.61s)
2025-12-07 17:18:23 - root - INFO -   Meeting IS1000b: 719 audio segments, 411 overlapping segments, max 3 concurrent speakers
2025-12-07 17:18:23 - root - INFO -     First 5 overlapping segments:
2025-12-07 17:18:23 - root - INFO -       1. Speakers MIO050 & MIO082: 202.93s - 203.91s (duration: 0.98s)
2025-12-07 17:18:23 - root - INFO -       2. Speakers FIE081 & MIO016: 205.68s - 205.88s (duration: 0.20s)
2025-12-07 17:18:23 - root - INFO -       3. Speakers MIO016 & MIO082: 206.35s - 207.37s (duration: 1.02s)
2025-12-07 17:18:23 - root - INFO -       4. Speakers MIO050 & FIE081: 210.40s - 210.84s (duration: 0.44s)
2025-12-07 17:18:23 - root - INFO -       5. Speakers MIO082 & FIE081: 217.35s - 217.39s (duration: 0.04s)
2025-12-07 17:18:23 - root - INFO -   Meeting IS1000c: 623 audio segments, 383 overlapping segments, max 4 concurrent speakers
2025-12-07 17:18:23 - root - INFO -     First 5 overlapping segments:
2025-12-07 17:18:23 - root - INFO -       1. Speakers MIO016 & FIE081: 61.50s - 62.27s (duration: 0.77s)
2025-12-07 17:18:23 - root - INFO -       2. Speakers MIO016 & MIO082: 62.68s - 63.53s (duration: 0.85s)
2025-12-07 17:18:23 - root - INFO -       3. Speakers MIO082 & FIE081: 97.33s - 97.64s (duration: 0.31s)
2025-12-07 17:18:23 - root - INFO -       4. Speakers MIO082 & MIO016: 98.51s - 98.95s (duration: 0.44s)
2025-12-07 17:18:23 - root - INFO -       5. Speakers MIO082 & FIE081: 117.24s - 117.44s (duration: 0.20s)
2025-12-07 17:18:23 - root - INFO -   Meeting IS1000d: 1201 audio segments, 718 overlapping segments, max 4 concurrent speakers
2025-12-07 17:18:23 - root - INFO -     First 5 overlapping segments:
2025-12-07 17:18:23 - root - INFO -       1. Speakers MIO016 & FIE081: 42.64s - 43.31s (duration: 0.67s)
2025-12-07 17:18:23 - root - INFO -       2. Speakers MIO016 & FIE081: 56.99s - 57.87s (duration: 0.88s)
2025-12-07 17:18:23 - root - INFO -       3. Speakers MIO016 & MIO082: 58.68s - 59.04s (duration: 0.36s)
2025-12-07 17:18:23 - root - INFO -       4. Speakers MIO082 & FIE081: 59.17s - 59.80s (duration: 0.63s)
2025-12-07 17:18:23 - root - INFO -       5. Speakers MIO082 & FIE081: 59.80s - 61.35s (duration: 1.55s)
2025-12-07 17:18:23 - root - INFO -   Meeting IS1001a: 261 audio segments, 123 overlapping segments, max 4 concurrent speakers
2025-12-07 17:18:23 - root - INFO -     First 5 overlapping segments:
2025-12-07 17:18:23 - root - INFO -       1. Speakers MIO043 & MIO012: 138.51s - 138.76s (duration: 0.25s)
2025-12-07 17:18:23 - root - INFO -       2. Speakers MIO043 & MIO012: 149.03s - 149.31s (duration: 0.28s)
2025-12-07 17:18:23 - root - INFO -       3. Speakers MIO043 & MIO020: 248.33s - 248.99s (duration: 0.66s)
2025-12-07 17:18:23 - root - INFO -       4. Speakers MIO020 & MIO043: 248.99s - 249.12s (duration: 0.13s)
2025-12-07 17:18:23 - root - INFO -       5. Speakers MIO043 & MIO012: 250.06s - 250.80s (duration: 0.74s)
2025-12-07 17:18:23 - root - INFO -   Meeting IS1001b: 713 audio segments, 332 overlapping segments, max 3 concurrent speakers
2025-12-07 17:18:23 - root - INFO -     First 5 overlapping segments:
2025-12-07 17:18:23 - root - INFO -       1. Speakers MIO012 & MIO043: 122.04s - 122.51s (duration: 0.47s)
2025-12-07 17:18:23 - root - INFO -       2. Speakers MIO012 & MIO043: 128.53s - 130.35s (duration: 1.82s)
2025-12-07 17:18:23 - root - INFO -       3. Speakers MIO043 & MIO012: 130.35s - 131.16s (duration: 0.81s)
2025-12-07 17:18:23 - root - INFO -       4. Speakers MIO012 & MIO043: 133.94s - 135.34s (duration: 1.40s)
2025-12-07 17:18:23 - root - INFO -       5. Speakers MIO043 & MIO012: 135.34s - 135.65s (duration: 0.31s)
2025-12-07 17:18:23 - root - INFO -   Meeting IS1001c: 479 audio segments, 206 overlapping segments, max 4 concurrent speakers
2025-12-07 17:18:23 - root - INFO -     First 5 overlapping segments:
2025-12-07 17:18:23 - root - INFO -       1. Speakers MIO043 & MIO012: 145.32s - 147.69s (duration: 2.37s)
2025-12-07 17:18:23 - root - INFO -       2. Speakers MIO043 & MIO020: 174.25s - 174.53s (duration: 0.28s)
2025-12-07 17:18:23 - root - INFO -       3. Speakers MIO043 & MIO020: 175.38s - 175.58s (duration: 0.20s)
2025-12-07 17:18:23 - root - INFO -       4. Speakers MIO020 & MIO043: 185.22s - 185.44s (duration: 0.22s)
2025-12-07 17:18:23 - root - INFO -       5. Speakers MIO020 & MIO043: 221.29s - 221.34s (duration: 0.05s)
2025-12-07 17:18:23 - root - INFO -   Meeting IS1001d: 321 audio segments, 179 overlapping segments, max 3 concurrent speakers
2025-12-07 17:18:23 - root - INFO -     First 5 overlapping segments:
2025-12-07 17:18:23 - root - INFO -       1. Speakers MIO043 & MIO012: 26.82s - 28.22s (duration: 1.40s)
2025-12-07 17:18:23 - root - INFO -       2. Speakers FIO074 & MIO043: 47.81s - 49.21s (duration: 1.40s)
2025-12-07 17:18:23 - root - INFO -       3. Speakers MIO043 & MIO012: 49.46s - 50.25s (duration: 0.79s)
2025-12-07 17:18:23 - root - INFO -       4. Speakers MIO043 & MIO020: 53.14s - 53.46s (duration: 0.32s)
2025-12-07 17:18:23 - root - INFO -       5. Speakers MIO012 & MIO043: 59.86s - 60.25s (duration: 0.39s)
2025-12-07 17:18:23 - root - INFO -   Meeting IS1002b: 737 audio segments, 331 overlapping segments, max 4 concurrent speakers
2025-12-07 17:18:23 - root - INFO -     First 5 overlapping segments:
2025-12-07 17:18:23 - root - INFO -       1. Speakers MIE029 & MIE083: 151.36s - 151.63s (duration: 0.27s)
2025-12-07 17:18:23 - root - INFO -       2. Speakers MIE083 & MIE080: 161.57s - 161.87s (duration: 0.30s)
2025-12-07 17:18:23 - root - INFO -       3. Speakers MIE083 & MIE080: 167.06s - 167.20s (duration: 0.14s)
2025-12-07 17:18:23 - root - INFO -       4. Speakers MIE083 & MIE080: 172.04s - 172.34s (duration: 0.30s)
2025-12-07 17:18:23 - root - INFO -       5. Speakers MIE080 & MIE083: 172.34s - 172.39s (duration: 0.05s)
2025-12-07 17:18:23 - root - INFO -   Meeting IS1002c: 710 audio segments, 320 overlapping segments, max 4 concurrent speakers
2025-12-07 17:18:23 - root - INFO -     First 5 overlapping segments:
2025-12-07 17:18:23 - root - INFO -       1. Speakers MIO026 & MIE080: 27.14s - 27.57s (duration: 0.43s)
2025-12-07 17:18:23 - root - INFO -       2. Speakers MIO026 & MIE083: 27.25s - 27.57s (duration: 0.32s)
2025-12-07 17:18:23 - root - INFO -       3. Speakers MIE080 & MIE083: 27.25s - 27.60s (duration: 0.35s)
2025-12-07 17:18:23 - root - INFO -       4. Speakers MIE083 & MIE080: 29.76s - 29.80s (duration: 0.04s)
2025-12-07 17:18:23 - root - INFO -       5. Speakers MIE080 & MIO026: 29.89s - 30.75s (duration: 0.86s)
2025-12-07 17:18:23 - root - INFO -   Meeting IS1002d: 432 audio segments, 190 overlapping segments, max 3 concurrent speakers
2025-12-07 17:18:23 - root - INFO -     First 5 overlapping segments:
2025-12-07 17:18:23 - root - INFO -       1. Speakers MIE083 & MIE029: 11.56s - 11.73s (duration: 0.17s)
2025-12-07 17:18:23 - root - INFO -       2. Speakers MIE083 & MIE080: 25.41s - 25.56s (duration: 0.15s)
2025-12-07 17:18:23 - root - INFO -       3. Speakers MIE080 & MIE083: 51.53s - 52.75s (duration: 1.22s)
2025-12-07 17:18:23 - root - INFO -       4. Speakers MIE083 & MIE080: 52.75s - 53.75s (duration: 1.00s)
2025-12-07 17:18:23 - root - INFO -       5. Speakers MIE080 & MIO026: 58.81s - 59.09s (duration: 0.28s)
2025-12-07 17:18:23 - root - INFO -   Meeting IS1003a: 299 audio segments, 139 overlapping segments, max 3 concurrent speakers
2025-12-07 17:18:23 - root - INFO -     First 5 overlapping segments:
2025-12-07 17:18:23 - root - INFO -       1. Speakers FIO017 & MIO005: 80.26s - 80.80s (duration: 0.54s)
2025-12-07 17:18:23 - root - INFO -       2. Speakers FIO017 & MIO005: 83.96s - 84.34s (duration: 0.38s)
2025-12-07 17:18:23 - root - INFO -       3. Speakers FIO017 & MIO023: 167.90s - 168.13s (duration: 0.23s)
2025-12-07 17:18:23 - root - INFO -       4. Speakers FIO017 & MIO005: 168.14s - 168.52s (duration: 0.38s)
2025-12-07 17:18:23 - root - INFO -       5. Speakers FIO017 & MIO023: 176.80s - 177.79s (duration: 0.99s)
2025-12-07 17:18:23 - root - INFO -   Meeting IS1003b: 546 audio segments, 227 overlapping segments, max 3 concurrent speakers
2025-12-07 17:18:23 - root - INFO -     First 5 overlapping segments:
2025-12-07 17:18:23 - root - INFO -       1. Speakers FIO017 & MIO005: 89.51s - 90.22s (duration: 0.71s)
2025-12-07 17:18:23 - root - INFO -       2. Speakers FIO017 & MIO023: 95.31s - 96.24s (duration: 0.93s)
2025-12-07 17:18:23 - root - INFO -       3. Speakers FIO017 & MIO035: 95.92s - 96.10s (duration: 0.18s)
2025-12-07 17:18:23 - root - INFO -       4. Speakers MIO023 & MIO035: 95.92s - 96.10s (duration: 0.18s)
2025-12-07 17:18:23 - root - INFO -       5. Speakers FIO017 & MIO005: 131.47s - 134.54s (duration: 3.07s)
2025-12-07 17:18:23 - root - INFO -   Meeting IS1003c: 690 audio segments, 387 overlapping segments, max 4 concurrent speakers
2025-12-07 17:18:23 - root - INFO -     First 5 overlapping segments:
2025-12-07 17:18:23 - root - INFO -       1. Speakers FIO017 & MIO023: 50.91s - 51.16s (duration: 0.25s)
2025-12-07 17:18:23 - root - INFO -       2. Speakers FIO017 & MIO005: 56.25s - 56.50s (duration: 0.25s)
2025-12-07 17:18:23 - root - INFO -       3. Speakers FIO017 & MIO023: 81.40s - 81.63s (duration: 0.23s)
2025-12-07 17:18:23 - root - INFO -       4. Speakers MIO035 & FIO017: 94.05s - 94.12s (duration: 0.07s)
2025-12-07 17:18:23 - root - INFO -       5. Speakers FIO017 & MIO035: 97.66s - 98.38s (duration: 0.72s)
2025-12-07 17:18:23 - root - INFO -   Meeting IS1003d: 1091 audio segments, 865 overlapping segments, max 4 concurrent speakers
2025-12-07 17:18:23 - root - INFO -     First 5 overlapping segments:
2025-12-07 17:18:23 - root - INFO -       1. Speakers MIO023 & MIO035: 39.88s - 40.24s (duration: 0.36s)
2025-12-07 17:18:23 - root - INFO -       2. Speakers MIO023 & MIO005: 44.28s - 44.29s (duration: 0.01s)
2025-12-07 17:18:23 - root - INFO -       3. Speakers MIO005 & MIO023: 45.79s - 46.12s (duration: 0.33s)
2025-12-07 17:18:23 - root - INFO -       4. Speakers MIO005 & MIO035: 49.56s - 52.45s (duration: 2.89s)
2025-12-07 17:18:23 - root - INFO -       5. Speakers MIO005 & FIO017: 50.51s - 54.11s (duration: 3.60s)
2025-12-07 17:18:23 - root - INFO -   Meeting IS1004a: 167 audio segments, 41 overlapping segments, max 3 concurrent speakers
2025-12-07 17:18:23 - root - INFO -     First 5 overlapping segments:
2025-12-07 17:18:23 - root - INFO -       1. Speakers MIO019 & MIO022: 38.38s - 38.86s (duration: 0.48s)
2025-12-07 17:18:23 - root - INFO -       2. Speakers MIE090 & MIO019: 43.88s - 44.87s (duration: 0.99s)
2025-12-07 17:18:23 - root - INFO -       3. Speakers MIO019 & MIE090: 64.03s - 64.44s (duration: 0.41s)
2025-12-07 17:18:23 - root - INFO -       4. Speakers MIE090 & MIO019: 191.98s - 193.22s (duration: 1.24s)
2025-12-07 17:18:23 - root - INFO -       5. Speakers MIE090 & MIO019: 220.53s - 221.26s (duration: 0.73s)
2025-12-07 17:18:23 - root - INFO -   Meeting IS1004b: 632 audio segments, 263 overlapping segments, max 3 concurrent speakers
2025-12-07 17:18:23 - root - INFO -     First 5 overlapping segments:
2025-12-07 17:18:23 - root - INFO -       1. Speakers MIO019 & MIE090: 49.13s - 49.65s (duration: 0.52s)
2025-12-07 17:18:23 - root - INFO -       2. Speakers MIO019 & MIE090: 52.65s - 54.67s (duration: 2.02s)
2025-12-07 17:18:23 - root - INFO -       3. Speakers MIO019 & MIO022: 110.06s - 110.24s (duration: 0.18s)
2025-12-07 17:18:23 - root - INFO -       4. Speakers MIO019 & MIO022: 113.64s - 114.63s (duration: 0.99s)
2025-12-07 17:18:23 - root - INFO -       5. Speakers MIO019 & MIO022: 114.63s - 114.78s (duration: 0.15s)
2025-12-07 17:18:23 - root - INFO -   Meeting IS1004c: 774 audio segments, 386 overlapping segments, max 3 concurrent speakers
2025-12-07 17:18:23 - root - INFO -     First 5 overlapping segments:
2025-12-07 17:18:23 - root - INFO -       1. Speakers MIO019 & MIO022: 34.39s - 35.53s (duration: 1.14s)
2025-12-07 17:18:23 - root - INFO -       2. Speakers MIO019 & MIE090: 34.85s - 35.11s (duration: 0.26s)
2025-12-07 17:18:23 - root - INFO -       3. Speakers MIO022 & MIE090: 34.85s - 35.11s (duration: 0.26s)
2025-12-07 17:18:23 - root - INFO -       4. Speakers MIO047 & MIO019: 131.75s - 133.24s (duration: 1.49s)
2025-12-07 17:18:23 - root - INFO -       5. Speakers MIO047 & MIO019: 153.09s - 153.13s (duration: 0.04s)
2025-12-07 17:18:23 - root - INFO -   Meeting IS1004d: 870 audio segments, 461 overlapping segments, max 4 concurrent speakers
2025-12-07 17:18:23 - root - INFO -     First 5 overlapping segments:
2025-12-07 17:18:23 - root - INFO -       1. Speakers MIO022 & MIO019: 133.76s - 134.18s (duration: 0.42s)
2025-12-07 17:18:23 - root - INFO -       2. Speakers MIO022 & MIO019: 134.18s - 134.66s (duration: 0.48s)
2025-12-07 17:18:23 - root - INFO -       3. Speakers MIO019 & MIO022: 134.66s - 134.79s (duration: 0.13s)
2025-12-07 17:18:23 - root - INFO -       4. Speakers MIO019 & MIO022: 137.51s - 137.72s (duration: 0.21s)
2025-12-07 17:18:23 - root - INFO -       5. Speakers MIO019 & MIO022: 143.22s - 143.88s (duration: 0.66s)
2025-12-07 17:18:23 - root - INFO -   Meeting IS1005a: 251 audio segments, 109 overlapping segments, max 4 concurrent speakers
2025-12-07 17:18:23 - root - INFO -     First 5 overlapping segments:
2025-12-07 17:18:23 - root - INFO -       1. Speakers MIO055 & MIO077: 90.10s - 90.13s (duration: 0.03s)
2025-12-07 17:18:23 - root - INFO -       2. Speakers MIO077 & MIO055: 95.76s - 95.97s (duration: 0.21s)
2025-12-07 17:18:23 - root - INFO -       3. Speakers MIE002 & MIO055: 98.63s - 99.31s (duration: 0.68s)
2025-12-07 17:18:23 - root - INFO -       4. Speakers MIE002 & MIO055: 99.31s - 99.63s (duration: 0.32s)
2025-12-07 17:18:23 - root - INFO -       5. Speakers MIE002 & MIO077: 99.56s - 99.63s (duration: 0.07s)
2025-12-07 17:18:23 - root - INFO -   Meeting IS1005b: 628 audio segments, 332 overlapping segments, max 4 concurrent speakers
2025-12-07 17:18:23 - root - INFO -     First 5 overlapping segments:
2025-12-07 17:18:23 - root - INFO -       1. Speakers MIE002 & MIO055: 77.19s - 77.93s (duration: 0.74s)
2025-12-07 17:18:23 - root - INFO -       2. Speakers MIE002 & MIO055: 77.93s - 78.79s (duration: 0.86s)
2025-12-07 17:18:23 - root - INFO -       3. Speakers MIE002 & MIO055: 78.79s - 79.08s (duration: 0.29s)
2025-12-07 17:18:23 - root - INFO -       4. Speakers MIO055 & MIE002: 79.08s - 79.59s (duration: 0.51s)
2025-12-07 17:18:23 - root - INFO -       5. Speakers MIO055 & MIE002: 79.59s - 80.31s (duration: 0.72s)
2025-12-07 17:18:23 - root - INFO -   Meeting IS1005c: 577 audio segments, 265 overlapping segments, max 4 concurrent speakers
2025-12-07 17:18:23 - root - INFO -     First 5 overlapping segments:
2025-12-07 17:18:23 - root - INFO -       1. Speakers MIO055 & MIE002: 40.04s - 40.52s (duration: 0.48s)
2025-12-07 17:18:23 - root - INFO -       2. Speakers MIO055 & MIO077: 41.21s - 41.74s (duration: 0.53s)
2025-12-07 17:18:23 - root - INFO -       3. Speakers MIO055 & MIO076: 41.52s - 41.66s (duration: 0.14s)
2025-12-07 17:18:23 - root - INFO -       4. Speakers MIO077 & MIO076: 41.52s - 41.66s (duration: 0.14s)
2025-12-07 17:18:23 - root - INFO -       5. Speakers MIE002 & MIO055: 97.15s - 98.62s (duration: 1.47s)
2025-12-07 17:18:23 - root - INFO -   Meeting IS1006a: 352 audio segments, 274 overlapping segments, max 4 concurrent speakers
2025-12-07 17:18:23 - root - INFO -     First 5 overlapping segments:
2025-12-07 17:18:23 - root - INFO -       1. Speakers FIO041 & MIO008: 116.56s - 118.68s (duration: 2.12s)
2025-12-07 17:18:23 - root - INFO -       2. Speakers FIO041 & MIO040: 124.48s - 125.06s (duration: 0.58s)
2025-12-07 17:18:23 - root - INFO -       3. Speakers MIO008 & FIO041: 146.83s - 148.65s (duration: 1.82s)
2025-12-07 17:18:23 - root - INFO -       4. Speakers MIO078 & MIO040: 155.79s - 155.96s (duration: 0.17s)
2025-12-07 17:18:23 - root - INFO -       5. Speakers MIO040 & MIO008: 156.19s - 157.01s (duration: 0.82s)
2025-12-07 17:18:23 - root - INFO -   Meeting IS1006b: 677 audio segments, 431 overlapping segments, max 4 concurrent speakers
2025-12-07 17:18:23 - root - INFO -     First 5 overlapping segments:
2025-12-07 17:18:23 - root - INFO -       1. Speakers MIO008 & FIO041: 27.84s - 28.20s (duration: 0.36s)
2025-12-07 17:18:23 - root - INFO -       2. Speakers FIO041 & MIO008: 85.31s - 86.20s (duration: 0.89s)
2025-12-07 17:18:23 - root - INFO -       3. Speakers FIO041 & MIO008: 94.24s - 94.98s (duration: 0.74s)
2025-12-07 17:18:23 - root - INFO -       4. Speakers FIO041 & MIO008: 95.75s - 96.92s (duration: 1.17s)
2025-12-07 17:18:23 - root - INFO -       5. Speakers FIO041 & MIO008: 96.92s - 97.47s (duration: 0.55s)
2025-12-07 17:18:23 - root - INFO -   Meeting IS1006c: 686 audio segments, 475 overlapping segments, max 4 concurrent speakers
2025-12-07 17:18:23 - root - INFO -     First 5 overlapping segments:
2025-12-07 17:18:23 - root - INFO -       1. Speakers FIO041 & MIO008: 28.72s - 28.92s (duration: 0.20s)
2025-12-07 17:18:23 - root - INFO -       2. Speakers FIO041 & MIO040: 36.26s - 36.28s (duration: 0.02s)
2025-12-07 17:18:23 - root - INFO -       3. Speakers MIO040 & MIO008: 37.55s - 45.45s (duration: 7.90s)
2025-12-07 17:18:23 - root - INFO -       4. Speakers MIO040 & FIO041: 37.64s - 47.36s (duration: 9.72s)
2025-12-07 17:18:23 - root - INFO -       5. Speakers MIO040 & MIO008: 45.45s - 47.20s (duration: 1.75s)
2025-12-07 17:18:23 - root - INFO -   Meeting IS1006d: 1156 audio segments, 987 overlapping segments, max 4 concurrent speakers
2025-12-07 17:18:23 - root - INFO -     First 5 overlapping segments:
2025-12-07 17:18:23 - root - INFO -       1. Speakers MIO008 & FIO041: 33.63s - 36.22s (duration: 2.59s)
2025-12-07 17:18:23 - root - INFO -       2. Speakers FIO041 & MIO008: 64.30s - 64.62s (duration: 0.32s)
2025-12-07 17:18:23 - root - INFO -       3. Speakers FIO041 & MIO040: 64.49s - 64.62s (duration: 0.13s)
2025-12-07 17:18:23 - root - INFO -       4. Speakers MIO008 & MIO040: 64.49s - 71.28s (duration: 6.79s)
2025-12-07 17:18:23 - root - INFO -       5. Speakers MIO008 & FIO041: 64.62s - 69.40s (duration: 4.78s)
2025-12-07 17:18:23 - root - INFO -   Meeting IS1007a: 326 audio segments, 180 overlapping segments, max 4 concurrent speakers
2025-12-07 17:18:23 - root - INFO -     First 5 overlapping segments:
2025-12-07 17:18:23 - root - INFO -       1. Speakers MIO049 & MIO075: 73.88s - 74.15s (duration: 0.27s)
2025-12-07 17:18:23 - root - INFO -       2. Speakers MIO075 & MIO025: 75.15s - 77.15s (duration: 2.00s)
2025-12-07 17:18:23 - root - INFO -       3. Speakers MIO075 & MIO072: 75.16s - 75.70s (duration: 0.54s)
2025-12-07 17:18:23 - root - INFO -       4. Speakers MIO025 & MIO072: 75.16s - 75.70s (duration: 0.54s)
2025-12-07 17:18:23 - root - INFO -       5. Speakers MIO075 & MIO025: 142.78s - 143.10s (duration: 0.32s)
2025-12-07 17:18:23 - root - INFO -   Meeting IS1007b: 432 audio segments, 278 overlapping segments, max 4 concurrent speakers
2025-12-07 17:18:23 - root - INFO -     First 5 overlapping segments:
2025-12-07 17:18:23 - root - INFO -       1. Speakers MIO049 & MIO025: 62.97s - 63.43s (duration: 0.46s)
2025-12-07 17:18:23 - root - INFO -       2. Speakers MIO049 & MIO075: 69.65s - 69.79s (duration: 0.14s)
2025-12-07 17:18:23 - root - INFO -       3. Speakers MIO075 & MIO049: 69.79s - 70.02s (duration: 0.23s)
2025-12-07 17:18:23 - root - INFO -       4. Speakers MIO049 & MIO075: 82.25s - 82.51s (duration: 0.26s)
2025-12-07 17:18:23 - root - INFO -       5. Speakers MIO075 & MIO049: 117.01s - 117.71s (duration: 0.70s)
2025-12-07 17:18:23 - root - INFO -   Meeting IS1007c: 655 audio segments, 436 overlapping segments, max 4 concurrent speakers
2025-12-07 17:18:23 - root - INFO -     First 5 overlapping segments:
2025-12-07 17:18:23 - root - INFO -       1. Speakers MIO075 & MIO049: 81.59s - 82.75s (duration: 1.16s)
2025-12-07 17:18:23 - root - INFO -       2. Speakers MIO075 & MIO049: 83.73s - 85.24s (duration: 1.51s)
2025-12-07 17:18:23 - root - INFO -       3. Speakers MIO075 & MIO049: 103.06s - 103.80s (duration: 0.74s)
2025-12-07 17:18:23 - root - INFO -       4. Speakers MIO049 & MIO075: 152.68s - 153.32s (duration: 0.64s)
2025-12-07 17:18:23 - root - INFO -       5. Speakers MIO075 & MIO025: 221.01s - 221.26s (duration: 0.25s)
2025-12-07 17:18:23 - root - INFO -   Meeting IS1007d: 637 audio segments, 429 overlapping segments, max 4 concurrent speakers
2025-12-07 17:18:23 - root - INFO -     First 5 overlapping segments:
2025-12-07 17:18:23 - root - INFO -       1. Speakers MIO025 & MIO049: 58.78s - 65.80s (duration: 7.02s)
2025-12-07 17:18:23 - root - INFO -       2. Speakers MIO025 & MIO049: 65.80s - 68.27s (duration: 2.47s)
2025-12-07 17:18:23 - root - INFO -       3. Speakers MIO025 & MIO049: 68.27s - 69.53s (duration: 1.26s)
2025-12-07 17:18:23 - root - INFO -       4. Speakers MIO025 & MIO049: 71.93s - 72.65s (duration: 0.72s)
2025-12-07 17:18:23 - root - INFO -       5. Speakers MIO025 & MIO049: 76.89s - 77.89s (duration: 1.00s)
2025-12-07 17:18:23 - root - INFO -   Meeting TS3005a: 441 audio segments, 232 overlapping segments, max 4 concurrent speakers
2025-12-07 17:18:23 - root - INFO -     First 5 overlapping segments:
2025-12-07 17:18:23 - root - INFO -       1. Speakers MTD018ID & FTD019UID: 76.39s - 76.48s (duration: 0.09s)
2025-12-07 17:18:23 - root - INFO -       2. Speakers MTD017PM & FTD019UID: 156.81s - 156.91s (duration: 0.10s)
2025-12-07 17:18:23 - root - INFO -       3. Speakers FTD019UID & MTD017PM: 156.91s - 157.58s (duration: 0.67s)
2025-12-07 17:18:23 - root - INFO -       4. Speakers MTD017PM & FTD019UID: 171.11s - 171.71s (duration: 0.60s)
2025-12-07 17:18:23 - root - INFO -       5. Speakers MTD017PM & FTD019UID: 194.05s - 194.34s (duration: 0.29s)
2025-12-07 17:18:23 - root - INFO -   Meeting TS3005b: 1018 audio segments, 592 overlapping segments, max 4 concurrent speakers
2025-12-07 17:18:23 - root - INFO -     First 5 overlapping segments:
2025-12-07 17:18:23 - root - INFO -       1. Speakers FTD019UID & MTD018ID: 53.94s - 54.67s (duration: 0.73s)
2025-12-07 17:18:23 - root - INFO -       2. Speakers MTD018ID & FTD019UID: 54.67s - 55.56s (duration: 0.89s)
2025-12-07 17:18:23 - root - INFO -       3. Speakers FTD019UID & MTD018ID: 55.56s - 56.07s (duration: 0.51s)
2025-12-07 17:18:23 - root - INFO -       4. Speakers MTD017PM & MTD018ID: 78.51s - 79.25s (duration: 0.74s)
2025-12-07 17:18:23 - root - INFO -       5. Speakers MTD017PM & MTD020ME: 79.06s - 79.31s (duration: 0.25s)
2025-12-07 17:18:23 - root - INFO -   Meeting TS3005c: 904 audio segments, 546 overlapping segments, max 4 concurrent speakers
2025-12-07 17:18:23 - root - INFO -     First 5 overlapping segments:
2025-12-07 17:18:23 - root - INFO -       1. Speakers MTD017PM & MTD020ME: 266.98s - 267.45s (duration: 0.47s)
2025-12-07 17:18:23 - root - INFO -       2. Speakers MTD017PM & MTD018ID: 270.14s - 270.81s (duration: 0.67s)
2025-12-07 17:18:23 - root - INFO -       3. Speakers MTD017PM & FTD019UID: 270.77s - 271.35s (duration: 0.58s)
2025-12-07 17:18:23 - root - INFO -       4. Speakers MTD018ID & FTD019UID: 270.77s - 270.81s (duration: 0.04s)
2025-12-07 17:18:23 - root - INFO -       5. Speakers FTD019UID & MTD017PM: 271.35s - 271.39s (duration: 0.04s)
2025-12-07 17:18:23 - root - INFO -   Meeting TS3005d: 1636 audio segments, 1248 overlapping segments, max 4 concurrent speakers
2025-12-07 17:18:23 - root - INFO -     First 5 overlapping segments:
2025-12-07 17:18:23 - root - INFO -       1. Speakers FTD019UID & MTD017PM: 9.27s - 9.35s (duration: 0.08s)
2025-12-07 17:18:23 - root - INFO -       2. Speakers MTD017PM & FTD019UID: 11.69s - 11.89s (duration: 0.20s)
2025-12-07 17:18:23 - root - INFO -       3. Speakers MTD017PM & FTD019UID: 18.03s - 18.28s (duration: 0.25s)
2025-12-07 17:18:23 - root - INFO -       4. Speakers FTD019UID & MTD017PM: 32.47s - 32.70s (duration: 0.23s)
2025-12-07 17:18:23 - root - INFO -       5. Speakers MTD018ID & FTD019UID: 35.82s - 36.52s (duration: 0.70s)
2025-12-07 17:18:23 - root - INFO -   Meeting TS3006a: 594 audio segments, 379 overlapping segments, max 4 concurrent speakers
2025-12-07 17:18:23 - root - INFO -     First 5 overlapping segments:
2025-12-07 17:18:23 - root - INFO -       1. Speakers MTD024ME & MTD023UID: 43.14s - 43.34s (duration: 0.20s)
2025-12-07 17:18:23 - root - INFO -       2. Speakers MTD023UID & MTD024ME: 74.79s - 76.20s (duration: 1.41s)
2025-12-07 17:18:23 - root - INFO -       3. Speakers MTD023UID & MTD024ME: 76.20s - 77.47s (duration: 1.27s)
2025-12-07 17:18:23 - root - INFO -       4. Speakers MTD024ME & MTD021PM: 83.16s - 83.17s (duration: 0.01s)
2025-12-07 17:18:23 - root - INFO -       5. Speakers MTD023UID & MTD022ID: 93.86s - 96.10s (duration: 2.24s)
2025-12-07 17:18:24 - root - INFO -   Meeting TS3006b: 1221 audio segments, 908 overlapping segments, max 4 concurrent speakers
2025-12-07 17:18:24 - root - INFO -     First 5 overlapping segments:
2025-12-07 17:18:24 - root - INFO -       1. Speakers MTD021PM & MTD022ID: 31.51s - 32.10s (duration: 0.59s)
2025-12-07 17:18:24 - root - INFO -       2. Speakers MTD021PM & MTD024ME: 34.14s - 35.09s (duration: 0.95s)
2025-12-07 17:18:24 - root - INFO -       3. Speakers MTD024ME & MTD021PM: 36.01s - 37.01s (duration: 1.00s)
2025-12-07 17:18:24 - root - INFO -       4. Speakers MTD024ME & MTD022ID: 36.79s - 37.01s (duration: 0.22s)
2025-12-07 17:18:24 - root - INFO -       5. Speakers MTD021PM & MTD022ID: 36.79s - 37.79s (duration: 1.00s)
2025-12-07 17:18:24 - root - INFO -   Meeting TS3006c: 1335 audio segments, 968 overlapping segments, max 4 concurrent speakers
2025-12-07 17:18:24 - root - INFO -     First 5 overlapping segments:
2025-12-07 17:18:24 - root - INFO -       1. Speakers MTD022ID & MTD024ME: 90.38s - 91.64s (duration: 1.26s)
2025-12-07 17:18:24 - root - INFO -       2. Speakers MTD022ID & MTD021PM: 91.53s - 92.51s (duration: 0.98s)
2025-12-07 17:18:24 - root - INFO -       3. Speakers MTD022ID & MTD024ME: 92.86s - 93.25s (duration: 0.39s)
2025-12-07 17:18:24 - root - INFO -       4. Speakers MTD022ID & MTD021PM: 95.66s - 96.15s (duration: 0.49s)
2025-12-07 17:18:24 - root - INFO -       5. Speakers MTD022ID & MTD021PM: 98.37s - 99.04s (duration: 0.67s)
2025-12-07 17:18:24 - root - INFO -   Meeting TS3006d: 1728 audio segments, 1196 overlapping segments, max 4 concurrent speakers
2025-12-07 17:18:24 - root - INFO -     First 5 overlapping segments:
2025-12-07 17:18:24 - root - INFO -       1. Speakers MTD021PM & MTD023UID: 8.72s - 9.28s (duration: 0.56s)
2025-12-07 17:18:24 - root - INFO -       2. Speakers MTD021PM & MTD024ME: 10.36s - 11.02s (duration: 0.66s)
2025-12-07 17:18:24 - root - INFO -       3. Speakers MTD024ME & MTD021PM: 11.02s - 11.54s (duration: 0.52s)
2025-12-07 17:18:24 - root - INFO -       4. Speakers MTD022ID & MTD023UID: 14.67s - 16.09s (duration: 1.42s)
2025-12-07 17:18:24 - root - INFO -       5. Speakers MTD022ID & MTD024ME: 15.04s - 15.58s (duration: 0.54s)
2025-12-07 17:18:24 - root - INFO -   Meeting TS3007a: 593 audio segments, 220 overlapping segments, max 3 concurrent speakers
2025-12-07 17:18:24 - root - INFO -     First 5 overlapping segments:
2025-12-07 17:18:24 - root - INFO -       1. Speakers MTD027ID & MTD026UID: 42.89s - 43.27s (duration: 0.38s)
2025-12-07 17:18:24 - root - INFO -       2. Speakers MTD025PM & MTD028ME: 55.46s - 56.38s (duration: 0.92s)
2025-12-07 17:18:24 - root - INFO -       3. Speakers MTD025PM & MTD028ME: 57.62s - 58.02s (duration: 0.40s)
2025-12-07 17:18:24 - root - INFO -       4. Speakers MTD025PM & MTD028ME: 62.45s - 62.60s (duration: 0.15s)
2025-12-07 17:18:24 - root - INFO -       5. Speakers MTD028ME & MTD025PM: 62.60s - 62.66s (duration: 0.06s)
2025-12-07 17:18:24 - root - INFO -   Meeting TS3007b: 727 audio segments, 354 overlapping segments, max 4 concurrent speakers
2025-12-07 17:18:24 - root - INFO -     First 5 overlapping segments:
2025-12-07 17:18:24 - root - INFO -       1. Speakers MTD026UID & MTD027ID: 4.93s - 5.50s (duration: 0.57s)
2025-12-07 17:18:24 - root - INFO -       2. Speakers MTD026UID & MTD025PM: 5.44s - 5.91s (duration: 0.47s)
2025-12-07 17:18:24 - root - INFO -       3. Speakers MTD027ID & MTD025PM: 5.44s - 5.50s (duration: 0.06s)
2025-12-07 17:18:24 - root - INFO -       4. Speakers MTD026UID & MTD025PM: 8.34s - 8.73s (duration: 0.39s)
2025-12-07 17:18:24 - root - INFO -       5. Speakers MTD026UID & MTD025PM: 9.44s - 10.68s (duration: 1.24s)
2025-12-07 17:18:24 - root - INFO -   Meeting TS3007c: 987 audio segments, 605 overlapping segments, max 4 concurrent speakers
2025-12-07 17:18:24 - root - INFO -     First 5 overlapping segments:
2025-12-07 17:18:24 - root - INFO -       1. Speakers MTD026UID & MTD027ID: 4.90s - 5.40s (duration: 0.50s)
2025-12-07 17:18:24 - root - INFO -       2. Speakers MTD026UID & MTD028ME: 5.62s - 6.79s (duration: 1.17s)
2025-12-07 17:18:24 - root - INFO -       3. Speakers MTD027ID & MTD025PM: 8.86s - 9.30s (duration: 0.44s)
2025-12-07 17:18:24 - root - INFO -       4. Speakers MTD027ID & MTD025PM: 12.49s - 12.66s (duration: 0.17s)
2025-12-07 17:18:24 - root - INFO -       5. Speakers MTD025PM & MTD027ID: 12.66s - 13.05s (duration: 0.39s)
2025-12-07 17:18:24 - root - INFO -   Meeting TS3007d: 1387 audio segments, 981 overlapping segments, max 4 concurrent speakers
2025-12-07 17:18:24 - root - INFO -     First 5 overlapping segments:
2025-12-07 17:18:24 - root - INFO -       1. Speakers MTD025PM & MTD027ID: 115.84s - 116.17s (duration: 0.33s)
2025-12-07 17:18:24 - root - INFO -       2. Speakers MTD025PM & MTD028ME: 116.30s - 117.66s (duration: 1.36s)
2025-12-07 17:18:24 - root - INFO -       3. Speakers MTD025PM & MTD026UID: 121.20s - 121.96s (duration: 0.76s)
2025-12-07 17:18:24 - root - INFO -       4. Speakers MTD025PM & MTD028ME: 121.81s - 123.08s (duration: 1.27s)
2025-12-07 17:18:24 - root - INFO -       5. Speakers MTD025PM & MTD027ID: 121.85s - 123.42s (duration: 1.57s)
2025-12-07 17:18:24 - root - INFO -   Meeting TS3008a: 493 audio segments, 221 overlapping segments, max 3 concurrent speakers
2025-12-07 17:18:24 - root - INFO -     First 5 overlapping segments:
2025-12-07 17:18:24 - root - INFO -       1. Speakers MTD029PM & MTD032ME: 76.42s - 76.43s (duration: 0.01s)
2025-12-07 17:18:24 - root - INFO -       2. Speakers MTD032ME & MTD031UID: 110.97s - 111.34s (duration: 0.37s)
2025-12-07 17:18:24 - root - INFO -       3. Speakers MTD032ME & MTD031UID: 129.35s - 129.83s (duration: 0.48s)
2025-12-07 17:18:24 - root - INFO -       4. Speakers MTD031UID & MTD030ID: 163.27s - 163.71s (duration: 0.44s)
2025-12-07 17:18:24 - root - INFO -       5. Speakers MTD032ME & MTD031UID: 167.74s - 168.17s (duration: 0.43s)
2025-12-07 17:18:24 - root - INFO -   Meeting TS3008b: 889 audio segments, 495 overlapping segments, max 4 concurrent speakers
2025-12-07 17:18:24 - root - INFO -     First 5 overlapping segments:
2025-12-07 17:18:24 - root - INFO -       1. Speakers MTD030ID & MTD031UID: 27.61s - 28.01s (duration: 0.40s)
2025-12-07 17:18:24 - root - INFO -       2. Speakers MTD030ID & MTD032ME: 28.25s - 28.37s (duration: 0.12s)
2025-12-07 17:18:24 - root - INFO -       3. Speakers MTD032ME & MTD030ID: 28.37s - 28.57s (duration: 0.20s)
2025-12-07 17:18:24 - root - INFO -       4. Speakers MTD030ID & MTD031UID: 29.85s - 30.27s (duration: 0.42s)
2025-12-07 17:18:24 - root - INFO -       5. Speakers MTD031UID & MTD032ME: 48.80s - 48.90s (duration: 0.10s)
2025-12-07 17:18:24 - root - INFO -   Meeting TS3008c: 961 audio segments, 634 overlapping segments, max 4 concurrent speakers
2025-12-07 17:18:24 - root - INFO -     First 5 overlapping segments:
2025-12-07 17:18:24 - root - INFO -       1. Speakers MTD029PM & MTD031UID: 96.26s - 96.80s (duration: 0.54s)
2025-12-07 17:18:24 - root - INFO -       2. Speakers MTD029PM & MTD030ID: 96.31s - 96.68s (duration: 0.37s)
2025-12-07 17:18:24 - root - INFO -       3. Speakers MTD031UID & MTD030ID: 96.31s - 96.68s (duration: 0.37s)
2025-12-07 17:18:24 - root - INFO -       4. Speakers MTD029PM & MTD031UID: 117.46s - 117.99s (duration: 0.53s)
2025-12-07 17:18:24 - root - INFO -       5. Speakers MTD029PM & MTD031UID: 155.72s - 156.01s (duration: 0.29s)
2025-12-07 17:18:24 - root - INFO -   Meeting TS3008d: 1245 audio segments, 785 overlapping segments, max 4 concurrent speakers
2025-12-07 17:18:24 - root - INFO -     First 5 overlapping segments:
2025-12-07 17:18:24 - root - INFO -       1. Speakers MTD029PM & MTD030ID: 94.74s - 94.77s (duration: 0.03s)
2025-12-07 17:18:24 - root - INFO -       2. Speakers MTD030ID & MTD029PM: 94.77s - 94.93s (duration: 0.16s)
2025-12-07 17:18:24 - root - INFO -       3. Speakers MTD030ID & MTD031UID: 172.10s - 172.84s (duration: 0.74s)
2025-12-07 17:18:24 - root - INFO -       4. Speakers MTD031UID & MTD029PM: 205.52s - 206.59s (duration: 1.07s)
2025-12-07 17:18:24 - root - INFO -       5. Speakers MTD031UID & MTD032ME: 206.10s - 206.59s (duration: 0.49s)
2025-12-07 17:18:24 - root - INFO -   Meeting TS3009a: 636 audio segments, 416 overlapping segments, max 4 concurrent speakers
2025-12-07 17:18:24 - root - INFO -     First 5 overlapping segments:
2025-12-07 17:18:24 - root - INFO -       1. Speakers MTD033PM & MTD036ME: 64.95s - 65.16s (duration: 0.21s)
2025-12-07 17:18:24 - root - INFO -       2. Speakers MTD036ME & MTD033PM: 68.58s - 68.94s (duration: 0.36s)
2025-12-07 17:18:24 - root - INFO -       3. Speakers MTD033PM & MTD036ME: 94.32s - 94.49s (duration: 0.17s)
2025-12-07 17:18:24 - root - INFO -       4. Speakers MTD033PM & MTD036ME: 153.41s - 153.68s (duration: 0.27s)
2025-12-07 17:18:24 - root - INFO -       5. Speakers MTD033PM & MTD034ID: 180.91s - 181.19s (duration: 0.28s)
2025-12-07 17:18:24 - root - INFO -   Meeting TS3009b: 1190 audio segments, 858 overlapping segments, max 4 concurrent speakers
2025-12-07 17:18:24 - root - INFO -     First 5 overlapping segments:
2025-12-07 17:18:24 - root - INFO -       1. Speakers MTD033PM & MTD036ME: 67.09s - 67.67s (duration: 0.58s)
2025-12-07 17:18:24 - root - INFO -       2. Speakers MTD033PM & MTD034ID: 93.61s - 94.14s (duration: 0.53s)
2025-12-07 17:18:24 - root - INFO -       3. Speakers MTD034ID & MTD033PM: 94.14s - 94.20s (duration: 0.06s)
2025-12-07 17:18:24 - root - INFO -       4. Speakers MTD036ME & MTD033PM: 117.84s - 118.02s (duration: 0.18s)
2025-12-07 17:18:24 - root - INFO -       5. Speakers MTD033PM & MTD034ID: 119.64s - 120.18s (duration: 0.54s)
2025-12-07 17:18:24 - root - INFO -   Meeting TS3009c: 1247 audio segments, 913 overlapping segments, max 4 concurrent speakers
2025-12-07 17:18:24 - root - INFO -     First 5 overlapping segments:
2025-12-07 17:18:24 - root - INFO -       1. Speakers MTD033PM & MTD036ME: 43.59s - 44.05s (duration: 0.46s)
2025-12-07 17:18:24 - root - INFO -       2. Speakers MTD033PM & MTD036ME: 46.59s - 47.10s (duration: 0.51s)
2025-12-07 17:18:24 - root - INFO -       3. Speakers MTD033PM & MTD036ME: 51.57s - 51.95s (duration: 0.38s)
2025-12-07 17:18:24 - root - INFO -       4. Speakers MTD033PM & MTD034ID: 91.93s - 91.97s (duration: 0.04s)
2025-12-07 17:18:24 - root - INFO -       5. Speakers MTD034ID & MTD033PM: 91.97s - 92.23s (duration: 0.26s)
2025-12-07 17:18:24 - root - INFO -   Meeting TS3009d: 1186 audio segments, 871 overlapping segments, max 4 concurrent speakers
2025-12-07 17:18:24 - root - INFO -     First 5 overlapping segments:
2025-12-07 17:18:24 - root - INFO -       1. Speakers MTD034ID & MTD033PM: 39.43s - 40.52s (duration: 1.09s)
2025-12-07 17:18:24 - root - INFO -       2. Speakers MTD034ID & MTD033PM: 41.71s - 41.92s (duration: 0.21s)
2025-12-07 17:18:24 - root - INFO -       3. Speakers MTD033PM & MTD034ID: 41.92s - 43.31s (duration: 1.39s)
2025-12-07 17:18:24 - root - INFO -       4. Speakers MTD033PM & MTD035UID: 42.29s - 42.74s (duration: 0.45s)
2025-12-07 17:18:24 - root - INFO -       5. Speakers MTD034ID & MTD035UID: 42.29s - 42.74s (duration: 0.45s)
2025-12-07 17:18:24 - root - INFO -   Meeting TS3010a: 231 audio segments, 52 overlapping segments, max 3 concurrent speakers
2025-12-07 17:18:24 - root - INFO -     First 5 overlapping segments:
2025-12-07 17:18:24 - root - INFO -       1. Speakers MTD037PM & MTD040ME: 117.21s - 117.30s (duration: 0.09s)
2025-12-07 17:18:24 - root - INFO -       2. Speakers MTD037PM & MTD038ID: 130.91s - 134.04s (duration: 3.13s)
2025-12-07 17:18:24 - root - INFO -       3. Speakers MTD038ID & MTD037PM: 135.33s - 136.06s (duration: 0.73s)
2025-12-07 17:18:24 - root - INFO -       4. Speakers MTD038ID & MTD037PM: 169.36s - 172.64s (duration: 3.28s)
2025-12-07 17:18:24 - root - INFO -       5. Speakers MTD037PM & MTD040ME: 187.54s - 187.66s (duration: 0.12s)
2025-12-07 17:18:24 - root - INFO -   Meeting TS3010b: 556 audio segments, 106 overlapping segments, max 3 concurrent speakers
2025-12-07 17:18:24 - root - INFO -     First 5 overlapping segments:
2025-12-07 17:18:24 - root - INFO -       1. Speakers MTD037PM & MTD038ID: 181.83s - 182.51s (duration: 0.68s)
2025-12-07 17:18:24 - root - INFO -       2. Speakers MTD038ID & MTD037PM: 182.51s - 183.37s (duration: 0.86s)
2025-12-07 17:18:24 - root - INFO -       3. Speakers MTD038ID & MTD037PM: 255.66s - 256.68s (duration: 1.02s)
2025-12-07 17:18:24 - root - INFO -       4. Speakers MTD038ID & MTD037PM: 296.18s - 296.37s (duration: 0.19s)
2025-12-07 17:18:24 - root - INFO -       5. Speakers MTD038ID & MTD037PM: 308.95s - 309.68s (duration: 0.73s)
2025-12-07 17:18:24 - root - INFO -   Meeting TS3010c: 711 audio segments, 214 overlapping segments, max 4 concurrent speakers
2025-12-07 17:18:24 - root - INFO -     First 5 overlapping segments:
2025-12-07 17:18:24 - root - INFO -       1. Speakers MTD037PM & MTD040ME: 66.86s - 67.52s (duration: 0.66s)
2025-12-07 17:18:24 - root - INFO -       2. Speakers MTD040ME & MTD037PM: 67.52s - 67.55s (duration: 0.03s)
2025-12-07 17:18:24 - root - INFO -       3. Speakers MTD037PM & MTD040ME: 67.55s - 67.98s (duration: 0.43s)
2025-12-07 17:18:24 - root - INFO -       4. Speakers MTD037PM & MTD039UID: 67.84s - 68.04s (duration: 0.20s)
2025-12-07 17:18:24 - root - INFO -       5. Speakers MTD037PM & MTD040ME: 67.98s - 68.08s (duration: 0.10s)
2025-12-07 17:18:24 - root - INFO -   Meeting TS3010d: 655 audio segments, 164 overlapping segments, max 3 concurrent speakers
2025-12-07 17:18:24 - root - INFO -     First 5 overlapping segments:
2025-12-07 17:18:24 - root - INFO -       1. Speakers MTD039UID & MTD038ID: 37.38s - 37.75s (duration: 0.37s)
2025-12-07 17:18:24 - root - INFO -       2. Speakers MTD039UID & MTD037PM: 37.53s - 37.75s (duration: 0.22s)
2025-12-07 17:18:24 - root - INFO -       3. Speakers MTD038ID & MTD037PM: 37.53s - 37.75s (duration: 0.22s)
2025-12-07 17:18:24 - root - INFO -       4. Speakers MTD040ME & MTD037PM: 43.64s - 43.94s (duration: 0.30s)
2025-12-07 17:18:24 - root - INFO -       5. Speakers MTD037PM & MTD039UID: 44.40s - 45.17s (duration: 0.77s)
2025-12-07 17:18:24 - root - INFO -   Meeting TS3011a: 439 audio segments, 200 overlapping segments, max 4 concurrent speakers
2025-12-07 17:18:24 - root - INFO -     First 5 overlapping segments:
2025-12-07 17:18:24 - root - INFO -       1. Speakers MTD043UID & MTD041PM: 10.76s - 11.74s (duration: 0.98s)
2025-12-07 17:18:24 - root - INFO -       2. Speakers MTD041PM & MTD043UID: 29.00s - 29.35s (duration: 0.35s)
2025-12-07 17:18:24 - root - INFO -       3. Speakers MTD043UID & MTD041PM: 29.35s - 29.61s (duration: 0.26s)
2025-12-07 17:18:24 - root - INFO -       4. Speakers MTD041PM & MTD043UID: 30.76s - 31.16s (duration: 0.40s)
2025-12-07 17:18:24 - root - INFO -       5. Speakers MTD042ID & MTD041PM: 37.34s - 37.40s (duration: 0.06s)
2025-12-07 17:18:24 - root - INFO -   Meeting TS3011b: 845 audio segments, 470 overlapping segments, max 4 concurrent speakers
2025-12-07 17:18:24 - root - INFO -     First 5 overlapping segments:
2025-12-07 17:18:24 - root - INFO -       1. Speakers MTD043UID & MTD044ME: 9.27s - 9.53s (duration: 0.26s)
2025-12-07 17:18:24 - root - INFO -       2. Speakers MTD042ID & MTD043UID: 39.54s - 41.64s (duration: 2.10s)
2025-12-07 17:18:24 - root - INFO -       3. Speakers MTD042ID & MTD043UID: 41.64s - 43.04s (duration: 1.40s)
2025-12-07 17:18:24 - root - INFO -       4. Speakers MTD042ID & MTD041PM: 42.39s - 42.69s (duration: 0.30s)
2025-12-07 17:18:24 - root - INFO -       5. Speakers MTD043UID & MTD041PM: 42.39s - 42.69s (duration: 0.30s)
2025-12-07 17:18:24 - root - INFO -   Meeting TS3011c: 868 audio segments, 421 overlapping segments, max 3 concurrent speakers
2025-12-07 17:18:24 - root - INFO -     First 5 overlapping segments:
2025-12-07 17:18:24 - root - INFO -       1. Speakers MTD041PM & MTD044ME: 4.36s - 4.50s (duration: 0.14s)
2025-12-07 17:18:24 - root - INFO -       2. Speakers MTD044ME & MTD041PM: 4.50s - 4.79s (duration: 0.29s)
2025-12-07 17:18:24 - root - INFO -       3. Speakers MTD044ME & MTD041PM: 17.07s - 19.02s (duration: 1.95s)
2025-12-07 17:18:24 - root - INFO -       4. Speakers MTD044ME & MTD041PM: 19.02s - 19.73s (duration: 0.71s)
2025-12-07 17:18:24 - root - INFO -       5. Speakers MTD041PM & MTD043UID: 116.91s - 117.08s (duration: 0.17s)
2025-12-07 17:18:24 - root - INFO -   Meeting TS3011d: 788 audio segments, 367 overlapping segments, max 3 concurrent speakers
2025-12-07 17:18:24 - root - INFO -     First 5 overlapping segments:
2025-12-07 17:18:24 - root - INFO -       1. Speakers MTD043UID & MTD042ID: 240.64s - 241.19s (duration: 0.55s)
2025-12-07 17:18:24 - root - INFO -       2. Speakers MTD043UID & MTD042ID: 246.64s - 247.44s (duration: 0.80s)
2025-12-07 17:18:24 - root - INFO -       3. Speakers MTD043UID & MTD042ID: 251.70s - 252.65s (duration: 0.95s)
2025-12-07 17:18:24 - root - INFO -       4. Speakers MTD042ID & MTD041PM: 273.93s - 274.25s (duration: 0.32s)
2025-12-07 17:18:24 - root - INFO -       5. Speakers MTD042ID & MTD041PM: 290.28s - 290.90s (duration: 0.62s)
2025-12-07 17:18:24 - root - INFO -   Meeting TS3012a: 301 audio segments, 84 overlapping segments, max 3 concurrent speakers
2025-12-07 17:18:24 - root - INFO -     First 5 overlapping segments:
2025-12-07 17:18:24 - root - INFO -       1. Speakers MTD045PM & MTD047UID: 3.62s - 4.23s (duration: 0.61s)
2025-12-07 17:18:24 - root - INFO -       2. Speakers MTD045PM & MTD048ME: 4.82s - 5.22s (duration: 0.40s)
2025-12-07 17:18:24 - root - INFO -       3. Speakers MTD045PM & MTD046ID: 5.40s - 5.79s (duration: 0.39s)
2025-12-07 17:18:24 - root - INFO -       4. Speakers MTD045PM & MTD048ME: 25.46s - 25.49s (duration: 0.03s)
2025-12-07 17:18:24 - root - INFO -       5. Speakers MTD048ME & MTD045PM: 43.23s - 43.35s (duration: 0.12s)
2025-12-07 17:18:24 - root - INFO -   Meeting TS3012b: 1104 audio segments, 723 overlapping segments, max 4 concurrent speakers
2025-12-07 17:18:24 - root - INFO -     First 5 overlapping segments:
2025-12-07 17:18:24 - root - INFO -       1. Speakers MTD045PM & MTD047UID: 29.57s - 30.47s (duration: 0.90s)
2025-12-07 17:18:24 - root - INFO -       2. Speakers MTD045PM & MTD048ME: 29.88s - 30.47s (duration: 0.59s)
2025-12-07 17:18:24 - root - INFO -       3. Speakers MTD045PM & MTD046ID: 29.93s - 30.47s (duration: 0.54s)
2025-12-07 17:18:24 - root - INFO -       4. Speakers MTD047UID & MTD048ME: 29.88s - 30.50s (duration: 0.62s)
2025-12-07 17:18:24 - root - INFO -       5. Speakers MTD047UID & MTD046ID: 29.93s - 30.54s (duration: 0.61s)
2025-12-07 17:18:24 - root - INFO -   Meeting TS3012c: 1287 audio segments, 805 overlapping segments, max 4 concurrent speakers
2025-12-07 17:18:24 - root - INFO -     First 5 overlapping segments:
2025-12-07 17:18:24 - root - INFO -       1. Speakers MTD046ID & MTD048ME: 18.76s - 18.94s (duration: 0.18s)
2025-12-07 17:18:24 - root - INFO -       2. Speakers MTD048ME & MTD045PM: 24.82s - 24.88s (duration: 0.06s)
2025-12-07 17:18:24 - root - INFO -       3. Speakers MTD046ID & MTD048ME: 25.82s - 26.52s (duration: 0.70s)
2025-12-07 17:18:24 - root - INFO -       4. Speakers MTD048ME & MTD045PM: 27.21s - 28.09s (duration: 0.88s)
2025-12-07 17:18:24 - root - INFO -       5. Speakers MTD048ME & MTD045PM: 31.58s - 32.10s (duration: 0.52s)
2025-12-07 17:18:24 - root - INFO -   Meeting TS3012d: 1071 audio segments, 636 overlapping segments, max 4 concurrent speakers
2025-12-07 17:18:24 - root - INFO -     First 5 overlapping segments:
2025-12-07 17:18:24 - root - INFO -       1. Speakers MTD045PM & MTD047UID: 12.50s - 13.15s (duration: 0.65s)
2025-12-07 17:18:24 - root - INFO -       2. Speakers MTD047UID & MTD045PM: 15.07s - 15.36s (duration: 0.29s)
2025-12-07 17:18:24 - root - INFO -       3. Speakers MTD045PM & MTD048ME: 103.44s - 103.58s (duration: 0.14s)
2025-12-07 17:18:24 - root - INFO -       4. Speakers MTD046ID & MTD045PM: 134.80s - 134.94s (duration: 0.14s)
2025-12-07 17:18:24 - root - INFO -       5. Speakers MTD047UID & MTD048ME: 135.38s - 135.54s (duration: 0.16s)
2025-12-07 17:18:24 - root - INFO - 
 STATS: Validation set meetings:
2025-12-07 17:18:24 - root - INFO -   Meeting ES2011a: 364 audio segments, 192 overlapping segments, max 4 concurrent speakers
2025-12-07 17:18:24 - root - INFO -     First 5 overlapping segments:
2025-12-07 17:18:24 - root - INFO -       1. Speakers FEE044 & FEE041: 77.04s - 77.78s (duration: 0.74s)
2025-12-07 17:18:24 - root - INFO -       2. Speakers FEE041 & FEE044: 78.93s - 78.98s (duration: 0.05s)
2025-12-07 17:18:24 - root - INFO -       3. Speakers FEE044 & FEE041: 78.98s - 80.51s (duration: 1.53s)
2025-12-07 17:18:24 - root - INFO -       4. Speakers FEE041 & FEE044: 80.51s - 80.79s (duration: 0.28s)
2025-12-07 17:18:24 - root - INFO -       5. Speakers FEE041 & FEE043: 88.66s - 89.24s (duration: 0.58s)
2025-12-07 17:18:24 - root - INFO -   Meeting ES2011c: 594 audio segments, 393 overlapping segments, max 4 concurrent speakers
2025-12-07 17:18:24 - root - INFO -     First 5 overlapping segments:
2025-12-07 17:18:24 - root - INFO -       1. Speakers FEE043 & FEE044: 86.03s - 86.60s (duration: 0.57s)
2025-12-07 17:18:24 - root - INFO -       2. Speakers FEE041 & FEE042: 135.29s - 135.60s (duration: 0.31s)
2025-12-07 17:18:24 - root - INFO -       3. Speakers FEE044 & FEE043: 136.86s - 137.33s (duration: 0.47s)
2025-12-07 17:18:24 - root - INFO -       4. Speakers FEE044 & FEE041: 137.28s - 137.33s (duration: 0.05s)
2025-12-07 17:18:24 - root - INFO -       5. Speakers FEE044 & FEE042: 137.30s - 137.33s (duration: 0.03s)
2025-12-07 17:18:24 - root - INFO -   Meeting IB4001: 731 audio segments, 435 overlapping segments, max 4 concurrent speakers
2025-12-07 17:18:24 - root - INFO -     First 5 overlapping segments:
2025-12-07 17:18:24 - root - INFO -       1. Speakers FIE038 & FIO093: 140.05s - 140.24s (duration: 0.19s)
2025-12-07 17:18:24 - root - INFO -       2. Speakers FIO093 & MIO092: 204.23s - 204.53s (duration: 0.30s)
2025-12-07 17:18:24 - root - INFO -       3. Speakers FIE038 & MIO092: 227.61s - 228.32s (duration: 0.71s)
2025-12-07 17:18:24 - root - INFO -       4. Speakers FIE038 & MIO092: 232.78s - 233.13s (duration: 0.35s)
2025-12-07 17:18:24 - root - INFO -       5. Speakers FIE038 & MIO092: 235.25s - 235.55s (duration: 0.30s)
2025-12-07 17:18:24 - root - INFO -   Meeting IB4003: 735 audio segments, 434 overlapping segments, max 4 concurrent speakers
2025-12-07 17:18:24 - root - INFO -     First 5 overlapping segments:
2025-12-07 17:18:24 - root - INFO -       1. Speakers MIO036 & MIO039: 172.96s - 173.59s (duration: 0.63s)
2025-12-07 17:18:24 - root - INFO -       2. Speakers MIO039 & MIO036: 187.49s - 188.45s (duration: 0.96s)
2025-12-07 17:18:24 - root - INFO -       3. Speakers MIO036 & MIO039: 194.84s - 195.09s (duration: 0.25s)
2025-12-07 17:18:24 - root - INFO -       4. Speakers MIO036 & MIO039: 227.38s - 227.58s (duration: 0.20s)
2025-12-07 17:18:24 - root - INFO -       5. Speakers MIO036 & MIO039: 239.30s - 239.45s (duration: 0.15s)
2025-12-07 17:18:24 - root - INFO -   Meeting IB4010: 1352 audio segments, 938 overlapping segments, max 4 concurrent speakers
2025-12-07 17:18:24 - root - INFO -     First 5 overlapping segments:
2025-12-07 17:18:24 - root - INFO -       1. Speakers MIO095 & FIE038: 48.67s - 48.91s (duration: 0.24s)
2025-12-07 17:18:24 - root - INFO -       2. Speakers MIO036 & MIO046: 49.60s - 49.65s (duration: 0.05s)
2025-12-07 17:18:24 - root - INFO -       3. Speakers MIO046 & MIO095: 55.22s - 56.05s (duration: 0.83s)
2025-12-07 17:18:24 - root - INFO -       4. Speakers MIO046 & MIO095: 57.38s - 57.58s (duration: 0.20s)
2025-12-07 17:18:24 - root - INFO -       5. Speakers MIO046 & MIO095: 71.31s - 71.63s (duration: 0.32s)
2025-12-07 17:18:24 - root - INFO -   Meeting IS1008a: 228 audio segments, 75 overlapping segments, max 2 concurrent speakers
2025-12-07 17:18:24 - root - INFO -     First 5 overlapping segments:
2025-12-07 17:18:24 - root - INFO -       1. Speakers MIO086 & FIE038: 72.56s - 73.29s (duration: 0.73s)
2025-12-07 17:18:24 - root - INFO -       2. Speakers MIE085 & MIO086: 101.31s - 101.65s (duration: 0.34s)
2025-12-07 17:18:24 - root - INFO -       3. Speakers FIE073 & MIO086: 104.64s - 104.97s (duration: 0.33s)
2025-12-07 17:18:24 - root - INFO -       4. Speakers MIO086 & MIE085: 117.24s - 117.86s (duration: 0.62s)
2025-12-07 17:18:24 - root - INFO -       5. Speakers MIE085 & MIO086: 119.14s - 120.06s (duration: 0.92s)
2025-12-07 17:18:24 - root - INFO -   Meeting IS1008c: 396 audio segments, 146 overlapping segments, max 4 concurrent speakers
2025-12-07 17:18:24 - root - INFO -     First 5 overlapping segments:
2025-12-07 17:18:24 - root - INFO -       1. Speakers MIO086 & FIE073: 131.65s - 131.74s (duration: 0.09s)
2025-12-07 17:18:24 - root - INFO -       2. Speakers FIE073 & FIE038: 174.58s - 174.69s (duration: 0.11s)
2025-12-07 17:18:24 - root - INFO -       3. Speakers FIE038 & FIE073: 291.89s - 295.08s (duration: 3.19s)
2025-12-07 17:18:24 - root - INFO -       4. Speakers FIE038 & FIE073: 295.08s - 297.37s (duration: 2.29s)
2025-12-07 17:18:24 - root - INFO -       5. Speakers FIE073 & FIE038: 421.29s - 421.36s (duration: 0.07s)
2025-12-07 17:18:24 - root - INFO -   Meeting TS3004a: 458 audio segments, 247 overlapping segments, max 4 concurrent speakers
2025-12-07 17:18:24 - root - INFO -     First 5 overlapping segments:
2025-12-07 17:18:24 - root - INFO -       1. Speakers MTD014ID & MTD013PM: 11.63s - 12.47s (duration: 0.84s)
2025-12-07 17:18:24 - root - INFO -       2. Speakers MTD014ID & MTD013PM: 12.47s - 12.86s (duration: 0.39s)
2025-12-07 17:18:24 - root - INFO -       3. Speakers MTD014ID & MTD016ME: 12.97s - 13.12s (duration: 0.15s)
2025-12-07 17:18:24 - root - INFO -       4. Speakers MTD013PM & MTD016ME: 19.97s - 20.67s (duration: 0.70s)
2025-12-07 17:18:24 - root - INFO -       5. Speakers MTD016ME & MTD014ID: 21.20s - 21.50s (duration: 0.30s)
2025-12-07 17:18:24 - root - INFO -   Meeting TS3004c: 1142 audio segments, 585 overlapping segments, max 3 concurrent speakers
2025-12-07 17:18:24 - root - INFO -     First 5 overlapping segments:
2025-12-07 17:18:24 - root - INFO -       1. Speakers MTD016ME & MTD015UID: 46.07s - 46.57s (duration: 0.50s)
2025-12-07 17:18:24 - root - INFO -       2. Speakers MTD016ME & MTD015UID: 56.85s - 57.37s (duration: 0.52s)
2025-12-07 17:18:24 - root - INFO -       3. Speakers MTD015UID & MTD016ME: 64.31s - 64.53s (duration: 0.22s)
2025-12-07 17:18:24 - root - INFO -       4. Speakers MTD016ME & MTD013PM: 64.70s - 66.06s (duration: 1.36s)
2025-12-07 17:18:24 - root - INFO -       5. Speakers MTD013PM & MTD015UID: 66.45s - 66.58s (duration: 0.13s)
2025-12-07 17:18:24 - root - INFO -   Meeting ES2011b: 551 audio segments, 354 overlapping segments, max 4 concurrent speakers
2025-12-07 17:18:24 - root - INFO -     First 5 overlapping segments:
2025-12-07 17:18:24 - root - INFO -       1. Speakers FEE041 & FEE044: 83.19s - 85.28s (duration: 2.09s)
2025-12-07 17:18:24 - root - INFO -       2. Speakers FEE041 & FEE044: 85.28s - 85.48s (duration: 0.20s)
2025-12-07 17:18:24 - root - INFO -       3. Speakers FEE044 & FEE041: 88.39s - 88.58s (duration: 0.19s)
2025-12-07 17:18:24 - root - INFO -       4. Speakers FEE041 & FEE044: 90.38s - 91.73s (duration: 1.35s)
2025-12-07 17:18:24 - root - INFO -       5. Speakers FEE041 & FEE044: 91.73s - 92.04s (duration: 0.31s)
2025-12-07 17:18:24 - root - INFO -   Meeting ES2011d: 722 audio segments, 368 overlapping segments, max 4 concurrent speakers
2025-12-07 17:18:24 - root - INFO -     First 5 overlapping segments:
2025-12-07 17:18:24 - root - INFO -       1. Speakers FEE042 & FEE043: 159.62s - 162.12s (duration: 2.50s)
2025-12-07 17:18:24 - root - INFO -       2. Speakers FEE042 & FEE041: 162.11s - 163.19s (duration: 1.08s)
2025-12-07 17:18:24 - root - INFO -       3. Speakers FEE043 & FEE041: 162.11s - 162.12s (duration: 0.01s)
2025-12-07 17:18:24 - root - INFO -       4. Speakers FEE041 & FEE042: 163.19s - 165.11s (duration: 1.92s)
2025-12-07 17:18:24 - root - INFO -       5. Speakers FEE041 & FEE043: 163.29s - 164.08s (duration: 0.79s)
2025-12-07 17:18:24 - root - INFO -   Meeting IB4002: 771 audio segments, 437 overlapping segments, max 4 concurrent speakers
2025-12-07 17:18:24 - root - INFO -     First 5 overlapping segments:
2025-12-07 17:18:24 - root - INFO -       1. Speakers FIE038 & MIO092: 25.78s - 25.90s (duration: 0.12s)
2025-12-07 17:18:24 - root - INFO -       2. Speakers FIE038 & FIO093: 26.17s - 26.45s (duration: 0.28s)
2025-12-07 17:18:24 - root - INFO -       3. Speakers FIO093 & MIO091: 39.31s - 39.75s (duration: 0.44s)
2025-12-07 17:18:24 - root - INFO -       4. Speakers FIO093 & MIO091: 50.52s - 50.79s (duration: 0.27s)
2025-12-07 17:18:24 - root - INFO -       5. Speakers FIO093 & MIO091: 55.49s - 55.78s (duration: 0.29s)
2025-12-07 17:18:24 - root - INFO -   Meeting IB4004: 954 audio segments, 579 overlapping segments, max 3 concurrent speakers
2025-12-07 17:18:24 - root - INFO -     First 5 overlapping segments:
2025-12-07 17:18:24 - root - INFO -       1. Speakers MIO036 & FIE037: 107.60s - 108.15s (duration: 0.55s)
2025-12-07 17:18:24 - root - INFO -       2. Speakers MIO036 & FIE037: 119.67s - 120.18s (duration: 0.51s)
2025-12-07 17:18:24 - root - INFO -       3. Speakers FIE037 & MIO036: 121.77s - 122.19s (duration: 0.42s)
2025-12-07 17:18:24 - root - INFO -       4. Speakers MIO036 & MIO039: 160.76s - 161.83s (duration: 1.07s)
2025-12-07 17:18:24 - root - INFO -       5. Speakers MIO039 & MIO036: 165.38s - 166.18s (duration: 0.80s)
2025-12-07 17:18:24 - root - INFO -   Meeting IB4011: 1006 audio segments, 638 overlapping segments, max 4 concurrent speakers
2025-12-07 17:18:24 - root - INFO -     First 5 overlapping segments:
2025-12-07 17:18:24 - root - INFO -       1. Speakers MIO036 & MIO046: 36.18s - 36.40s (duration: 0.22s)
2025-12-07 17:18:24 - root - INFO -       2. Speakers MIO046 & FIE038: 36.70s - 36.90s (duration: 0.20s)
2025-12-07 17:18:24 - root - INFO -       3. Speakers MIO046 & FIE038: 43.64s - 44.13s (duration: 0.49s)
2025-12-07 17:18:24 - root - INFO -       4. Speakers MIO046 & MIO095: 44.77s - 45.06s (duration: 0.29s)
2025-12-07 17:18:24 - root - INFO -       5. Speakers MIO046 & MIO036: 45.46s - 46.45s (duration: 0.99s)
2025-12-07 17:18:24 - root - INFO -   Meeting IS1008b: 425 audio segments, 120 overlapping segments, max 3 concurrent speakers
2025-12-07 17:18:24 - root - INFO -     First 5 overlapping segments:
2025-12-07 17:18:24 - root - INFO -       1. Speakers MIO086 & FIE038: 36.75s - 37.50s (duration: 0.75s)
2025-12-07 17:18:24 - root - INFO -       2. Speakers MIO086 & FIE038: 37.50s - 37.92s (duration: 0.42s)
2025-12-07 17:18:24 - root - INFO -       3. Speakers FIE073 & FIE038: 186.46s - 186.84s (duration: 0.38s)
2025-12-07 17:18:24 - root - INFO -       4. Speakers FIE038 & FIE073: 196.95s - 197.14s (duration: 0.19s)
2025-12-07 17:18:24 - root - INFO -       5. Speakers FIE073 & FIE038: 311.06s - 311.25s (duration: 0.19s)
2025-12-07 17:18:24 - root - INFO -   Meeting IS1008d: 497 audio segments, 295 overlapping segments, max 4 concurrent speakers
2025-12-07 17:18:24 - root - INFO -     First 5 overlapping segments:
2025-12-07 17:18:24 - root - INFO -       1. Speakers FIE073 & MIO086: 30.73s - 31.95s (duration: 1.22s)
2025-12-07 17:18:24 - root - INFO -       2. Speakers FIE073 & MIO086: 61.56s - 61.95s (duration: 0.39s)
2025-12-07 17:18:24 - root - INFO -       3. Speakers FIE038 & MIO086: 105.00s - 106.56s (duration: 1.56s)
2025-12-07 17:18:24 - root - INFO -       4. Speakers FIE038 & FIE073: 105.78s - 106.57s (duration: 0.79s)
2025-12-07 17:18:24 - root - INFO -       5. Speakers MIO086 & FIE073: 105.78s - 106.56s (duration: 0.78s)
2025-12-07 17:18:24 - root - INFO -   Meeting TS3004b: 963 audio segments, 541 overlapping segments, max 4 concurrent speakers
2025-12-07 17:18:24 - root - INFO -     First 5 overlapping segments:
2025-12-07 17:18:24 - root - INFO -       1. Speakers MTD013PM & MTD016ME: 38.52s - 40.03s (duration: 1.51s)
2025-12-07 17:18:24 - root - INFO -       2. Speakers MTD016ME & MTD013PM: 46.45s - 46.70s (duration: 0.25s)
2025-12-07 17:18:24 - root - INFO -       3. Speakers MTD016ME & MTD013PM: 49.76s - 50.04s (duration: 0.28s)
2025-12-07 17:18:24 - root - INFO -       4. Speakers MTD013PM & MTD016ME: 62.88s - 63.77s (duration: 0.89s)
2025-12-07 17:18:24 - root - INFO -       5. Speakers MTD016ME & MTD013PM: 63.77s - 64.31s (duration: 0.54s)
2025-12-07 17:18:24 - root - INFO -   Meeting TS3004d: 1209 audio segments, 592 overlapping segments, max 4 concurrent speakers
2025-12-07 17:18:24 - root - INFO -     First 5 overlapping segments:
2025-12-07 17:18:24 - root - INFO -       1. Speakers MTD013PM & MTD015UID: 90.71s - 90.93s (duration: 0.22s)
2025-12-07 17:18:24 - root - INFO -       2. Speakers MTD013PM & MTD015UID: 94.76s - 95.28s (duration: 0.52s)
2025-12-07 17:18:24 - root - INFO -       3. Speakers MTD015UID & MTD014ID: 97.32s - 97.91s (duration: 0.59s)
2025-12-07 17:18:24 - root - INFO -       4. Speakers MTD013PM & MTD014ID: 105.40s - 106.50s (duration: 1.10s)
2025-12-07 17:18:24 - root - INFO -       5. Speakers MTD014ID & MTD015UID: 111.44s - 112.83s (duration: 1.39s)
2025-12-07 17:18:24 - root - INFO - 
 STATS: Test set meetings:
2025-12-07 17:18:24 - root - INFO -   Meeting EN2002a: 1367 audio segments, 1236 overlapping segments, max 4 concurrent speakers
2025-12-07 17:18:24 - root - INFO -     First 5 overlapping segments:
2025-12-07 17:18:24 - root - INFO -       1. Speakers MEE071 & MEE073: 0.96s - 1.74s (duration: 0.78s)
2025-12-07 17:18:24 - root - INFO -       2. Speakers MEE073 & FEO072: 3.58s - 5.38s (duration: 1.80s)
2025-12-07 17:18:24 - root - INFO -       3. Speakers MEE073 & MEE071: 3.61s - 4.68s (duration: 1.07s)
2025-12-07 17:18:24 - root - INFO -       4. Speakers MEE073 & MEE071: 4.68s - 5.40s (duration: 0.72s)
2025-12-07 17:18:24 - root - INFO -       5. Speakers MEE073 & MEE071: 5.40s - 6.65s (duration: 1.25s)
2025-12-07 17:18:24 - root - INFO -   Meeting EN2002b: 955 audio segments, 777 overlapping segments, max 4 concurrent speakers
2025-12-07 17:18:24 - root - INFO -     First 5 overlapping segments:
2025-12-07 17:18:24 - root - INFO -       1. Speakers MEE073 & FEO072: 39.76s - 39.90s (duration: 0.14s)
2025-12-07 17:18:24 - root - INFO -       2. Speakers FEO072 & MEE073: 39.90s - 39.92s (duration: 0.02s)
2025-12-07 17:18:24 - root - INFO -       3. Speakers MEE073 & FEO070: 41.99s - 42.40s (duration: 0.41s)
2025-12-07 17:18:24 - root - INFO -       4. Speakers FEO070 & MEE073: 42.40s - 42.85s (duration: 0.45s)
2025-12-07 17:18:24 - root - INFO -       5. Speakers MEE073 & FEO070: 42.85s - 43.63s (duration: 0.78s)
2025-12-07 17:18:24 - root - INFO -   Meeting EN2002c: 1469 audio segments, 1076 overlapping segments, max 3 concurrent speakers
2025-12-07 17:18:24 - root - INFO -     First 5 overlapping segments:
2025-12-07 17:18:24 - root - INFO -       1. Speakers MEE071 & MEE073: 21.49s - 21.70s (duration: 0.21s)
2025-12-07 17:18:24 - root - INFO -       2. Speakers FEO072 & MEE071: 54.96s - 56.56s (duration: 1.60s)
2025-12-07 17:18:24 - root - INFO -       3. Speakers FEO072 & MEE073: 55.60s - 55.77s (duration: 0.17s)
2025-12-07 17:18:24 - root - INFO -       4. Speakers MEE071 & MEE073: 55.60s - 55.77s (duration: 0.17s)
2025-12-07 17:18:24 - root - INFO -       5. Speakers MEE073 & MEE071: 64.31s - 65.23s (duration: 0.92s)
2025-12-07 17:18:25 - root - INFO -   Meeting EN2002d: 1332 audio segments, 1185 overlapping segments, max 4 concurrent speakers
2025-12-07 17:18:25 - root - INFO -     First 5 overlapping segments:
2025-12-07 17:18:25 - root - INFO -       1. Speakers FEO070 & FEO072: 23.12s - 25.11s (duration: 1.99s)
2025-12-07 17:18:25 - root - INFO -       2. Speakers FEO070 & MEE073: 42.01s - 43.36s (duration: 1.35s)
2025-12-07 17:18:25 - root - INFO -       3. Speakers MEE073 & FEO072: 49.96s - 52.15s (duration: 2.19s)
2025-12-07 17:18:25 - root - INFO -       4. Speakers MEE073 & FEO070: 51.40s - 52.15s (duration: 0.75s)
2025-12-07 17:18:25 - root - INFO -       5. Speakers FEO072 & FEO070: 51.40s - 52.79s (duration: 1.39s)
2025-12-07 17:18:25 - root - INFO -   Meeting ES2004a: 361 audio segments, 237 overlapping segments, max 4 concurrent speakers
2025-12-07 17:18:25 - root - INFO -     First 5 overlapping segments:
2025-12-07 17:18:25 - root - INFO -       1. Speakers FEE016 & FEE013: 25.18s - 25.60s (duration: 0.42s)
2025-12-07 17:18:25 - root - INFO -       2. Speakers FEE016 & FEE013: 29.86s - 30.48s (duration: 0.62s)
2025-12-07 17:18:25 - root - INFO -       3. Speakers FEE013 & FEE016: 31.30s - 32.29s (duration: 0.99s)
2025-12-07 17:18:25 - root - INFO -       4. Speakers FEE013 & MEO015: 80.50s - 81.66s (duration: 1.16s)
2025-12-07 17:18:25 - root - INFO -       5. Speakers FEE013 & MEO015: 83.22s - 83.82s (duration: 0.60s)
2025-12-07 17:18:25 - root - INFO -   Meeting ES2004b: 688 audio segments, 403 overlapping segments, max 3 concurrent speakers
2025-12-07 17:18:25 - root - INFO -     First 5 overlapping segments:
2025-12-07 17:18:25 - root - INFO -       1. Speakers FEE016 & FEE013: 81.27s - 81.52s (duration: 0.25s)
2025-12-07 17:18:25 - root - INFO -       2. Speakers FEE013 & MEO015: 100.70s - 100.94s (duration: 0.24s)
2025-12-07 17:18:25 - root - INFO -       3. Speakers FEE016 & FEE013: 175.03s - 175.84s (duration: 0.81s)
2025-12-07 17:18:25 - root - INFO -       4. Speakers FEE013 & MEE014: 176.50s - 177.32s (duration: 0.82s)
2025-12-07 17:18:25 - root - INFO -       5. Speakers MEE014 & FEE013: 179.07s - 179.31s (duration: 0.24s)
2025-12-07 17:18:25 - root - INFO -   Meeting ES2004c: 723 audio segments, 401 overlapping segments, max 4 concurrent speakers
2025-12-07 17:18:25 - root - INFO -     First 5 overlapping segments:
2025-12-07 17:18:25 - root - INFO -       1. Speakers FEE013 & MEO015: 54.23s - 54.43s (duration: 0.20s)
2025-12-07 17:18:25 - root - INFO -       2. Speakers FEE013 & MEO015: 82.47s - 83.27s (duration: 0.80s)
2025-12-07 17:18:25 - root - INFO -       3. Speakers FEE013 & MEO015: 89.18s - 89.94s (duration: 0.76s)
2025-12-07 17:18:25 - root - INFO -       4. Speakers FEE013 & MEE014: 96.01s - 98.26s (duration: 2.25s)
2025-12-07 17:18:25 - root - INFO -       5. Speakers FEE013 & MEO015: 96.42s - 96.63s (duration: 0.21s)
2025-12-07 17:18:25 - root - INFO -   Meeting ES2004d: 894 audio segments, 509 overlapping segments, max 3 concurrent speakers
2025-12-07 17:18:25 - root - INFO -     First 5 overlapping segments:
2025-12-07 17:18:25 - root - INFO -       1. Speakers FEE013 & FEE016: 27.86s - 28.38s (duration: 0.52s)
2025-12-07 17:18:25 - root - INFO -       2. Speakers MEE014 & FEE013: 92.60s - 92.62s (duration: 0.02s)
2025-12-07 17:18:25 - root - INFO -       3. Speakers FEE013 & MEO015: 92.85s - 93.32s (duration: 0.47s)
2025-12-07 17:18:25 - root - INFO -       4. Speakers MEE014 & MEO015: 100.76s - 100.93s (duration: 0.17s)
2025-12-07 17:18:25 - root - INFO -       5. Speakers MEO015 & MEE014: 100.93s - 101.10s (duration: 0.17s)
2025-12-07 17:18:25 - root - INFO -   Meeting IS1009a: 291 audio segments, 184 overlapping segments, max 4 concurrent speakers
2025-12-07 17:18:25 - root - INFO -     First 5 overlapping segments:
2025-12-07 17:18:25 - root - INFO -       1. Speakers FIE088 & FIO089: 55.70s - 55.86s (duration: 0.16s)
2025-12-07 17:18:25 - root - INFO -       2. Speakers FIO089 & FIE088: 55.86s - 56.03s (duration: 0.17s)
2025-12-07 17:18:25 - root - INFO -       3. Speakers FIE088 & FIO084: 56.90s - 57.04s (duration: 0.14s)
2025-12-07 17:18:25 - root - INFO -       4. Speakers FIE088 & FIO089: 57.25s - 57.69s (duration: 0.44s)
2025-12-07 17:18:25 - root - INFO -       5. Speakers FIO089 & FIE088: 57.69s - 57.70s (duration: 0.01s)
2025-12-07 17:18:25 - root - INFO -   Meeting IS1009b: 603 audio segments, 396 overlapping segments, max 4 concurrent speakers
2025-12-07 17:18:25 - root - INFO -     First 5 overlapping segments:
2025-12-07 17:18:25 - root - INFO -       1. Speakers FIE088 & FIO084: 55.21s - 55.44s (duration: 0.23s)
2025-12-07 17:18:25 - root - INFO -       2. Speakers FIE088 & FIO087: 55.71s - 56.11s (duration: 0.40s)
2025-12-07 17:18:25 - root - INFO -       3. Speakers FIO089 & FIE088: 86.28s - 86.44s (duration: 0.16s)
2025-12-07 17:18:25 - root - INFO -       4. Speakers FIE088 & FIO089: 96.82s - 97.05s (duration: 0.23s)
2025-12-07 17:18:25 - root - INFO -       5. Speakers FIO089 & FIE088: 100.96s - 101.13s (duration: 0.17s)
2025-12-07 17:18:25 - root - INFO -   Meeting IS1009c: 495 audio segments, 188 overlapping segments, max 3 concurrent speakers
2025-12-07 17:18:25 - root - INFO -     First 5 overlapping segments:
2025-12-07 17:18:25 - root - INFO -       1. Speakers FIO084 & FIO089: 43.37s - 43.42s (duration: 0.05s)
2025-12-07 17:18:25 - root - INFO -       2. Speakers FIO089 & FIO087: 43.77s - 43.80s (duration: 0.03s)
2025-12-07 17:18:25 - root - INFO -       3. Speakers FIE088 & FIO087: 55.60s - 55.97s (duration: 0.37s)
2025-12-07 17:18:25 - root - INFO -       4. Speakers FIE088 & FIO087: 213.74s - 214.88s (duration: 1.14s)
2025-12-07 17:18:25 - root - INFO -       5. Speakers FIE088 & FIO084: 284.08s - 284.29s (duration: 0.21s)
2025-12-07 17:18:25 - root - INFO -   Meeting IS1009d: 689 audio segments, 384 overlapping segments, max 4 concurrent speakers
2025-12-07 17:18:25 - root - INFO -     First 5 overlapping segments:
2025-12-07 17:18:25 - root - INFO -       1. Speakers FIE088 & FIO087: 41.27s - 41.33s (duration: 0.06s)
2025-12-07 17:18:25 - root - INFO -       2. Speakers FIE088 & FIO084: 41.31s - 41.33s (duration: 0.02s)
2025-12-07 17:18:25 - root - INFO -       3. Speakers FIO087 & FIO084: 41.31s - 41.55s (duration: 0.24s)
2025-12-07 17:18:25 - root - INFO -       4. Speakers FIE088 & FIO089: 50.89s - 51.34s (duration: 0.45s)
2025-12-07 17:18:25 - root - INFO -       5. Speakers FIO087 & FIE088: 65.67s - 66.87s (duration: 1.20s)
2025-12-07 17:18:25 - root - INFO -   Meeting TS3003a: 425 audio segments, 130 overlapping segments, max 4 concurrent speakers
2025-12-07 17:18:25 - root - INFO -     First 5 overlapping segments:
2025-12-07 17:18:25 - root - INFO -       1. Speakers MTD009PM & MTD011UID: 15.34s - 15.56s (duration: 0.22s)
2025-12-07 17:18:25 - root - INFO -       2. Speakers MTD009PM & MTD012ME: 15.37s - 15.81s (duration: 0.44s)
2025-12-07 17:18:25 - root - INFO -       3. Speakers MTD009PM & MTD0010ID: 16.42s - 16.70s (duration: 0.28s)
2025-12-07 17:18:25 - root - INFO -       4. Speakers MTD011UID & MTD012ME: 15.37s - 15.56s (duration: 0.19s)
2025-12-07 17:18:25 - root - INFO -       5. Speakers MTD009PM & MTD012ME: 19.67s - 20.03s (duration: 0.36s)
2025-12-07 17:18:25 - root - INFO -   Meeting TS3003b: 659 audio segments, 217 overlapping segments, max 4 concurrent speakers
2025-12-07 17:18:25 - root - INFO -     First 5 overlapping segments:
2025-12-07 17:18:25 - root - INFO -       1. Speakers MTD009PM & MTD012ME: 60.55s - 60.96s (duration: 0.41s)
2025-12-07 17:18:25 - root - INFO -       2. Speakers MTD009PM & MTD012ME: 132.84s - 133.18s (duration: 0.34s)
2025-12-07 17:18:25 - root - INFO -       3. Speakers MTD009PM & MTD012ME: 178.78s - 179.07s (duration: 0.29s)
2025-12-07 17:18:25 - root - INFO -       4. Speakers MTD009PM & MTD012ME: 544.20s - 544.90s (duration: 0.70s)
2025-12-07 17:18:25 - root - INFO -       5. Speakers MTD011UID & MTD009PM: 546.23s - 546.78s (duration: 0.55s)
2025-12-07 17:18:25 - root - INFO -   Meeting TS3003c: 630 audio segments, 191 overlapping segments, max 3 concurrent speakers
2025-12-07 17:18:25 - root - INFO -     First 5 overlapping segments:
2025-12-07 17:18:25 - root - INFO -       1. Speakers MTD009PM & MTD012ME: 24.09s - 24.25s (duration: 0.16s)
2025-12-07 17:18:25 - root - INFO -       2. Speakers MTD012ME & MTD009PM: 24.25s - 24.64s (duration: 0.39s)
2025-12-07 17:18:25 - root - INFO -       3. Speakers MTD009PM & MTD011UID: 109.75s - 109.97s (duration: 0.22s)
2025-12-07 17:18:25 - root - INFO -       4. Speakers MTD012ME & MTD009PM: 180.89s - 181.24s (duration: 0.35s)
2025-12-07 17:18:25 - root - INFO -       5. Speakers MTD012ME & MTD009PM: 182.67s - 183.00s (duration: 0.33s)
2025-12-07 17:18:25 - root - INFO -   Meeting TS3003d: 1062 audio segments, 485 overlapping segments, max 4 concurrent speakers
2025-12-07 17:18:25 - root - INFO -     First 5 overlapping segments:
2025-12-07 17:18:25 - root - INFO -       1. Speakers MTD012ME & MTD009PM: 26.98s - 27.56s (duration: 0.58s)
2025-12-07 17:18:25 - root - INFO -       2. Speakers MTD009PM & MTD012ME: 37.42s - 37.78s (duration: 0.36s)
2025-12-07 17:18:25 - root - INFO -       3. Speakers MTD009PM & MTD0010ID: 153.33s - 153.97s (duration: 0.64s)
2025-12-07 17:18:25 - root - INFO -       4. Speakers MTD012ME & MTD011UID: 210.86s - 211.38s (duration: 0.52s)
2025-12-07 17:18:25 - root - INFO -       5. Speakers MTD0010ID & MTD011UID: 213.99s - 214.36s (duration: 0.37s)
2025-12-07 17:18:25 - root - INFO - 
 STATS: ========================================== SUMMARY STATISTICS ==========================================
2025-12-07 17:18:25 - root - INFO - Total meetings: 171
2025-12-07 17:18:25 - root - INFO - Total audio segments: 134243
2025-12-07 17:18:25 - root - INFO - Total overlapping segments: 78037
2025-12-07 17:18:25 - root - INFO - 
 CONCURRENT SPEAKERS ANALYSIS:
2025-12-07 17:18:25 - root - INFO -   - Maximum number of concurrent speakers: 4
2025-12-07 17:18:25 - root - INFO -   - Average maximum number: 3.7
2025-12-07 17:18:25 - root - INFO -   - Median maximum number: 4
2025-12-07 17:18:25 - root - INFO -   - Distribution of maximum concurrent speakers:
2025-12-07 17:18:25 - root - INFO -     2 speakers: 1 meetings (0.6%)
2025-12-07 17:18:25 - root - INFO -     3 speakers: 57 meetings (33.3%)
2025-12-07 17:18:25 - root - INFO -     4 speakers: 113 meetings (66.1%)
2025-12-07 17:18:25 - root - INFO - 
Training set: 137 meetings, 108502 segments, 62669 overlaps (avg: 792.0 segments, 457.4 overlaps)
2025-12-07 17:18:25 - root - INFO - Validation set: 18 meetings, 13098 segments, 7369 overlaps (avg: 727.7 segments, 409.4 overlaps)
2025-12-07 17:18:25 - root - INFO - Test set: 16 meetings, 12643 segments, 7999 overlaps (avg: 790.2 segments, 499.9 overlaps)
2025-12-07 17:18:25 - root - INFO - MAIN: Initializing Power Set Encoder with max_speakers=5, max_overlap=4
2025-12-07 17:18:25 - root - INFO - MAIN: PSE Configuration: N=5 (max speakers per recording), K=4 (max overlap)
2025-12-07 17:18:25 - root - INFO - MAIN: Number of classes using C(K,N) = Σ(k=0 to 4) C(5,k) = 31
2025-12-07 17:18:25 - root - INFO - 
 STATS: ========================================== POWER SET ENCODER EXAMPLES ==========================================
2025-12-07 17:18:25 - root - INFO -  STATS: STARTING FUNCTION: print_power_set_encoder_examples
2025-12-07 17:18:25 - root - INFO -  STATS: PowerSetEncoder Configuration:
2025-12-07 17:18:25 - root - INFO -  STATS:   - Max speakers: 5
2025-12-07 17:18:25 - root - INFO -  STATS:   - Max overlap: 4
2025-12-07 17:18:25 - root - INFO -  STATS:   - Number of classes: 31
2025-12-07 17:18:25 - root - INFO -  STATS:   - Formula: C(K,N) = Σ(k=0 to 4) C(5,k)
2025-12-07 17:18:25 - root - INFO - 
 STATS: Encoding/Decoding Examples:
2025-12-07 17:18:25 - root - INFO -  STATS: Speaker IDs     Encoded  Decoded         Match
2025-12-07 17:18:25 - root - INFO -  STATS: --------------- -------- --------------- -----
2025-12-07 17:18:25 - root - INFO -  STATS: []              0        []              ✓    
2025-12-07 17:18:25 - root - INFO -  STATS: [0]             1        [0]             ✓    
2025-12-07 17:18:25 - root - INFO -  STATS: [1]             2        [1]             ✓    
2025-12-07 17:18:25 - root - INFO -  STATS: [0, 1]          6        [0, 1]          ✓    
2025-12-07 17:18:25 - root - INFO -  STATS: [0, 2]          7        [0, 2]          ✓    
2025-12-07 17:18:25 - root - INFO -  STATS: [1, 2]          10       [1, 2]          ✓    
2025-12-07 17:18:25 - root - INFO -  STATS: [0, 1, 2]       16       [0, 1, 2]       ✓    
2025-12-07 17:18:25 - root - INFO -  STATS: [0, 1, 2, 3]    26       [0, 1, 2, 3]    ✓    
2025-12-07 17:18:25 - root - INFO - 
 STATS: All Possible Speaker Combinations:
2025-12-07 17:18:25 - root - INFO -  STATS: Combination     Encoded  Description              
2025-12-07 17:18:25 - root - INFO -  STATS: --------------- -------- -------------------------
2025-12-07 17:18:25 - root - INFO -  STATS: []              0        No speakers              
2025-12-07 17:18:25 - root - INFO -  STATS: [0]             1        Speaker 0 only           
2025-12-07 17:18:25 - root - INFO -  STATS: [1]             2        Speaker 1 only           
2025-12-07 17:18:25 - root - INFO -  STATS: [2]             3        Speaker 2 only           
2025-12-07 17:18:25 - root - INFO -  STATS: [3]             4        Speaker 3 only           
2025-12-07 17:18:25 - root - INFO -  STATS: [4]             5        Speaker 4 only           
2025-12-07 17:18:25 - root - INFO -  STATS: [0, 1]          6        2 speakers: [0, 1]       
2025-12-07 17:18:25 - root - INFO -  STATS: [0, 2]          7        2 speakers: [0, 2]       
2025-12-07 17:18:25 - root - INFO -  STATS: [0, 3]          8        2 speakers: [0, 3]       
2025-12-07 17:18:25 - root - INFO -  STATS: [0, 4]          9        2 speakers: [0, 4]       
2025-12-07 17:18:25 - root - INFO -  STATS: [1, 2]          10       2 speakers: [1, 2]       
2025-12-07 17:18:25 - root - INFO -  STATS: [1, 3]          11       2 speakers: [1, 3]       
2025-12-07 17:18:25 - root - INFO -  STATS: [1, 4]          12       2 speakers: [1, 4]       
2025-12-07 17:18:25 - root - INFO -  STATS: [2, 3]          13       2 speakers: [2, 3]       
2025-12-07 17:18:25 - root - INFO -  STATS: [2, 4]          14       2 speakers: [2, 4]       
2025-12-07 17:18:25 - root - INFO -  STATS: [3, 4]          15       2 speakers: [3, 4]       
2025-12-07 17:18:25 - root - INFO -  STATS: [0, 1, 2]       16       3 speakers: [0, 1, 2]    
2025-12-07 17:18:25 - root - INFO -  STATS: [0, 1, 3]       17       3 speakers: [0, 1, 3]    
2025-12-07 17:18:25 - root - INFO -  STATS: [0, 1, 4]       18       3 speakers: [0, 1, 4]    
2025-12-07 17:18:25 - root - INFO -  STATS: [0, 2, 3]       19       3 speakers: [0, 2, 3]    
2025-12-07 17:18:25 - root - INFO -  STATS: [0, 2, 4]       20       3 speakers: [0, 2, 4]    
2025-12-07 17:18:25 - root - INFO -  STATS: [0, 3, 4]       21       3 speakers: [0, 3, 4]    
2025-12-07 17:18:25 - root - INFO -  STATS: [1, 2, 3]       22       3 speakers: [1, 2, 3]    
2025-12-07 17:18:25 - root - INFO -  STATS: [1, 2, 4]       23       3 speakers: [1, 2, 4]    
2025-12-07 17:18:25 - root - INFO -  STATS: [1, 3, 4]       24       3 speakers: [1, 3, 4]    
2025-12-07 17:18:25 - root - INFO -  STATS: [2, 3, 4]       25       3 speakers: [2, 3, 4]    
2025-12-07 17:18:25 - root - INFO -  STATS: [0, 1, 2, 3]    26       Max overlap (4 speakers) 
2025-12-07 17:18:25 - root - INFO -  STATS: [0, 1, 2, 4]    27       Max overlap (4 speakers) 
2025-12-07 17:18:25 - root - INFO -  STATS: [0, 1, 3, 4]    28       Max overlap (4 speakers) 
2025-12-07 17:18:25 - root - INFO -  STATS: [0, 2, 3, 4]    29       Max overlap (4 speakers) 
2025-12-07 17:18:25 - root - INFO -  STATS: [1, 2, 3, 4]    30       Max overlap (4 speakers) 
2025-12-07 17:18:25 - root - INFO - 
 STATS: Edge Cases:
2025-12-07 17:18:25 - root - INFO -  STATS:   - Empty list [] encodes to 0 (no speakers active)
2025-12-07 17:18:25 - root - INFO -  STATS:   - Single speaker [0] encodes to 1
2025-12-07 17:18:25 - root - INFO -  STATS:   - Max overlap combination encodes to 30
2025-12-07 17:18:25 - root - INFO - 
 STATS: Overlap Limitations:
2025-12-07 17:18:25 - root - INFO -  STATS:   - Maximum 4 speakers can be active simultaneously
2025-12-07 17:18:25 - root - INFO -  STATS:   - Total combinations: 31
2025-12-07 17:18:25 - root - INFO - 
 STATS: Formula Breakdown C(K,N) = Σ(k=0 to 4) C(5,k):
2025-12-07 17:18:25 - root - INFO -  STATS:   - C(5,0) = 1 combinations with 0 speakers
2025-12-07 17:18:25 - root - INFO -  STATS:   - C(5,1) = 5 combinations with 1 speakers
2025-12-07 17:18:25 - root - INFO -  STATS:   - C(5,2) = 10 combinations with 2 speakers
2025-12-07 17:18:25 - root - INFO -  STATS:   - C(5,3) = 10 combinations with 3 speakers
2025-12-07 17:18:25 - root - INFO -  STATS:   - C(5,4) = 5 combinations with 4 speakers
2025-12-07 17:18:25 - root - INFO -  STATS:   - Total: 31 classes
2025-12-07 17:18:25 - root - INFO - 
 STATS: Encoding/Decoding Formulas:
2025-12-07 17:18:25 - root - INFO -  STATS: 
2025-12-07 17:18:25 - root - INFO -  STATS: ENCODING: S → class_id
2025-12-07 17:18:25 - root - INFO -  STATS:   1. Sort speaker IDs: S' = sorted(S)
2025-12-07 17:18:25 - root - INFO -  STATS:   2. Find lexicographic index of S'
2025-12-07 17:18:25 - root - INFO -  STATS: 
2025-12-07 17:18:25 - root - INFO -  STATS: DECODING: class_id → S
2025-12-07 17:18:25 - root - INFO -  STATS:   1. Find k: Σ(j=0 to k-1) C(5,j) ≤ class_id < Σ(j=0 to k) C(5,j)
2025-12-07 17:18:25 - root - INFO -  STATS:   2. Reconstruct combination from remaining index
2025-12-07 17:18:25 - root - INFO -  STATS: 
2025-12-07 17:18:25 - root - INFO -  STATS: EXAMPLES WITH CALCULATIONS:
2025-12-07 17:18:25 - root - INFO -  STATS: 
2025-12-07 17:18:25 - root - INFO -  STATS: Example: [] (Empty set)
2025-12-07 17:18:25 - root - INFO -  STATS:   Encoded: 0
2025-12-07 17:18:25 - root - INFO -  STATS:   Decoded: []
2025-12-07 17:18:25 - root - INFO -  STATS:   Calculation:
2025-12-07 17:18:25 - root - INFO -  STATS:     Empty set → index 0
2025-12-07 17:18:25 - root - INFO -  STATS: 
2025-12-07 17:18:25 - root - INFO -  STATS: Example: [0] (Single speaker)
2025-12-07 17:18:25 - root - INFO -  STATS:   Encoded: 1
2025-12-07 17:18:25 - root - INFO -  STATS:   Decoded: [0]
2025-12-07 17:18:25 - root - INFO -  STATS:   Calculation:
2025-12-07 17:18:25 - root - INFO -  STATS:     Speaker 0: offset 1 + speaker_id 0 = 1
2025-12-07 17:18:25 - root - INFO -  STATS: 
2025-12-07 17:18:25 - root - INFO -  STATS: Example: [0, 1] (Two speakers)
2025-12-07 17:18:25 - root - INFO -  STATS:   Encoded: 6
2025-12-07 17:18:25 - root - INFO -  STATS:   Decoded: [0, 1]
2025-12-07 17:18:25 - root - INFO -  STATS:   Calculation:
2025-12-07 17:18:25 - root - INFO -  STATS:     Speakers [0,1]: offset 6 + combo_index 0 = 6
2025-12-07 17:18:25 - root - INFO -  STATS: 
2025-12-07 17:18:25 - root - INFO -  STATS: Example: [0, 1, 2] (Three speakers)
2025-12-07 17:18:25 - root - INFO -  STATS:   Encoded: 16
2025-12-07 17:18:25 - root - INFO -  STATS:   Decoded: [0, 1, 2]
2025-12-07 17:18:25 - root - INFO -  STATS:   Calculation:
2025-12-07 17:18:25 - root - INFO -  STATS:     Speakers [0,1,2]: offset 16 + combo_index 0 = 16
2025-12-07 17:18:25 - root - INFO -  STATS: COMPLETED FUNCTION: print_power_set_encoder_examples
2025-12-07 17:18:25 - root - INFO - MAIN: Auto-calculated max_sequence_length=1507 based on:
2025-12-07 17:18:25 - root - INFO - MAIN:   - Estimated train samples: 108502
2025-12-07 17:18:25 - root - INFO - MAIN:   - Max memory: 64.0 GB
2025-12-07 17:18:25 - root - INFO - MAIN:   - Usable memory (80%): 51.2 GB
2025-12-07 17:18:25 - root - INFO - MAIN:   - Estimated memory usage: 51.17 GB
2025-12-07 17:18:25 - root - INFO - STATS: STARTING FUNCTION: prepare_data_loaders(grouped_train_len=137, grouped_validation_len=18, grouped_test_len=16, batch_size=4, N=5)
2025-12-07 17:18:25 - data_processing - INFO - Creating datasets with chunk_size=500 for memory optimization...
2025-12-07 17:18:25 - data_processing - INFO - Using max_sequence_length=1507 to limit memory usage
2025-12-07 17:18:25 - root - INFO - STATS: STARTING FUNCTION: create_dataset_from_grouped(grouped_data_len=137, N=5)
2025-12-07 17:18:25 - data_processing - INFO - ================================================================================
2025-12-07 17:18:25 - data_processing - INFO - OVERLAPPING SPEECH PROCESSING: ENABLED
2025-12-07 17:18:25 - data_processing - INFO - ================================================================================
2025-12-07 17:18:25 - data_processing - INFO - Processing overlapping speech segments for each meeting...
2025-12-07 17:18:25 - data_processing - INFO - Meeting EN2001a: 5 speakers mapped to slots [0, 1, 2, 3, 4]
2025-12-07 17:18:25 - data_processing - INFO -   [OVERLAP PROCESSING] Meeting EN2001a: Adding 1675 original segments...
2025-12-07 17:18:25 - data_processing - INFO -   [OVERLAP PROCESSING] Meeting EN2001a: Detecting overlapping segments...
2025-12-07 17:18:25 - data_processing - INFO -   [OVERLAP PROCESSING] Examples of overlapping segments for meeting EN2001a:
2025-12-07 17:18:25 - data_processing - INFO -     Example 1: Speakers ['MEE068', 'MEO069'] -> Slots [1, 0], Time: 5.60s-5.94s (0.34s)
2025-12-07 17:18:25 - data_processing - INFO -     Example 2: Speakers ['MEO069', 'MEE067'] -> Slots [0, 4], Time: 17.07s-18.05s (0.98s)
2025-12-07 17:18:25 - data_processing - INFO -     Example 3: Speakers ['MEE067', 'MEE068'] -> Slots [4, 1], Time: 18.95s-19.26s (0.31s)
2025-12-07 17:18:25 - data_processing - INFO -   [OVERLAP PROCESSING] Meeting EN2001a statistics:
2025-12-07 17:18:25 - data_processing - INFO -     - Original segments: 1675
2025-12-07 17:18:25 - data_processing - INFO -     - Overlapping segments created: 694
2025-12-07 17:18:25 - data_processing - INFO -     - Overlap ratio: 41.43%
2025-12-07 17:18:25 - data_processing - INFO -     ✓ CONFIRMED: Found and processed 694 overlapping segments for meeting EN2001a
2025-12-07 17:18:25 - data_processing - INFO - Meeting EN2001b: 4 speakers mapped to slots [0, 1, 2, 3]
2025-12-07 17:18:25 - data_processing - INFO -   [OVERLAP PROCESSING] Meeting EN2001b: Adding 986 original segments...
2025-12-07 17:18:25 - data_processing - INFO -   [OVERLAP PROCESSING] Meeting EN2001b: Detecting overlapping segments...
2025-12-07 17:18:25 - data_processing - INFO -   [OVERLAP PROCESSING] Examples of overlapping segments for meeting EN2001b:
2025-12-07 17:18:25 - data_processing - INFO -     Example 1: Speakers ['FEO066', 'MEO069'] -> Slots [3, 0], Time: 32.19s-32.86s (0.67s)
2025-12-07 17:18:25 - data_processing - INFO -     Example 2: Speakers ['MEO069', 'FEO065'] -> Slots [0, 2], Time: 81.54s-82.44s (0.90s)
2025-12-07 17:18:25 - data_processing - INFO -     Example 3: Speakers ['FEO065', 'MEO069'] -> Slots [2, 0], Time: 84.49s-86.03s (1.54s)
2025-12-07 17:18:25 - data_processing - INFO -   [OVERLAP PROCESSING] Meeting EN2001b statistics:
2025-12-07 17:18:25 - data_processing - INFO -     - Original segments: 986
2025-12-07 17:18:25 - data_processing - INFO -     - Overlapping segments created: 386
2025-12-07 17:18:25 - data_processing - INFO -     - Overlap ratio: 39.15%
2025-12-07 17:18:25 - data_processing - INFO -     ✓ CONFIRMED: Found and processed 386 overlapping segments for meeting EN2001b
2025-12-07 17:18:25 - data_processing - INFO - Meeting EN2001d: 5 speakers mapped to slots [0, 1, 2, 3, 4]
2025-12-07 17:18:25 - data_processing - INFO -   [OVERLAP PROCESSING] Meeting EN2001d: Adding 1111 original segments...
2025-12-07 17:18:25 - data_processing - INFO -   [OVERLAP PROCESSING] Meeting EN2001d: Detecting overlapping segments...
2025-12-07 17:18:26 - data_processing - INFO -   [OVERLAP PROCESSING] Examples of overlapping segments for meeting EN2001d:
2025-12-07 17:18:26 - data_processing - INFO -     Example 1: Speakers ['MEO069', 'MEE068'] -> Slots [0, 1], Time: 48.99s-49.17s (0.18s)
2025-12-07 17:18:26 - data_processing - INFO -     Example 2: Speakers ['MEE067', 'MEO069'] -> Slots [4, 0], Time: 62.78s-63.21s (0.43s)
2025-12-07 17:18:26 - data_processing - INFO -     Example 3: Speakers ['MEO069', 'MEE067'] -> Slots [0, 4], Time: 89.78s-89.98s (0.20s)
2025-12-07 17:18:26 - data_processing - INFO -   [OVERLAP PROCESSING] Meeting EN2001d statistics:
2025-12-07 17:18:26 - data_processing - INFO -     - Original segments: 1111
2025-12-07 17:18:26 - data_processing - INFO -     - Overlapping segments created: 504
2025-12-07 17:18:26 - data_processing - INFO -     - Overlap ratio: 45.36%
2025-12-07 17:18:26 - data_processing - INFO -     ✓ CONFIRMED: Found and processed 504 overlapping segments for meeting EN2001d
2025-12-07 17:18:26 - data_processing - INFO - Meeting EN2001e: 5 speakers mapped to slots [0, 1, 2, 3, 4]
2025-12-07 17:18:26 - data_processing - INFO -   [OVERLAP PROCESSING] Meeting EN2001e: Adding 1303 original segments...
2025-12-07 17:18:26 - data_processing - INFO -   [OVERLAP PROCESSING] Meeting EN2001e: Detecting overlapping segments...
2025-12-07 17:18:26 - data_processing - INFO -   [OVERLAP PROCESSING] Examples of overlapping segments for meeting EN2001e:
2025-12-07 17:18:26 - data_processing - INFO -     Example 1: Speakers ['MEO069', 'FEO066'] -> Slots [0, 3], Time: 33.79s-33.89s (0.10s)
2025-12-07 17:18:26 - data_processing - INFO -     Example 2: Speakers ['FEO066', 'MEO069'] -> Slots [3, 0], Time: 33.89s-34.76s (0.87s)
2025-12-07 17:18:26 - data_processing - INFO -     Example 3: Speakers ['MEE067', 'FEO066'] -> Slots [4, 3], Time: 162.44s-162.83s (0.39s)
2025-12-07 17:18:26 - data_processing - INFO -   [OVERLAP PROCESSING] Meeting EN2001e statistics:
2025-12-07 17:18:26 - data_processing - INFO -     - Original segments: 1303
2025-12-07 17:18:26 - data_processing - INFO -     - Overlapping segments created: 638
2025-12-07 17:18:26 - data_processing - INFO -     - Overlap ratio: 48.96%
2025-12-07 17:18:26 - data_processing - INFO -     ✓ CONFIRMED: Found and processed 638 overlapping segments for meeting EN2001e
2025-12-07 17:18:26 - data_processing - INFO - Meeting EN2003a: 3 speakers mapped to slots [0, 1, 2]
2025-12-07 17:18:26 - data_processing - INFO -   [OVERLAP PROCESSING] Meeting EN2003a: Adding 799 original segments...
2025-12-07 17:18:26 - data_processing - INFO -   [OVERLAP PROCESSING] Meeting EN2003a: Detecting overlapping segments...
2025-12-07 17:18:26 - data_processing - INFO -   [OVERLAP PROCESSING] Examples of overlapping segments for meeting EN2003a:
2025-12-07 17:18:26 - data_processing - INFO -     Example 1: Speakers ['MEE075', 'MEO074'] -> Slots [2, 1], Time: 21.32s-21.61s (0.29s)
2025-12-07 17:18:26 - data_processing - INFO -     Example 2: Speakers ['MEE075', 'MEO074'] -> Slots [2, 1], Time: 42.70s-43.04s (0.34s)
2025-12-07 17:18:26 - data_processing - INFO -     Example 3: Speakers ['MEE075', 'MEO074'] -> Slots [2, 1], Time: 54.46s-54.65s (0.19s)
2025-12-07 17:18:26 - data_processing - INFO -   [OVERLAP PROCESSING] Meeting EN2003a statistics:
2025-12-07 17:18:26 - data_processing - INFO -     - Original segments: 799
2025-12-07 17:18:26 - data_processing - INFO -     - Overlapping segments created: 352
2025-12-07 17:18:26 - data_processing - INFO -     - Overlap ratio: 44.06%
2025-12-07 17:18:26 - data_processing - INFO -     ✓ CONFIRMED: Found and processed 352 overlapping segments for meeting EN2003a
2025-12-07 17:18:26 - data_processing - INFO - Meeting EN2004a: 4 speakers mapped to slots [0, 1, 2, 3]
2025-12-07 17:18:26 - data_processing - INFO -   [OVERLAP PROCESSING] Meeting EN2004a: Adding 1415 original segments...
2025-12-07 17:18:26 - data_processing - INFO -   [OVERLAP PROCESSING] Meeting EN2004a: Detecting overlapping segments...
2025-12-07 17:18:27 - data_processing - INFO -   [OVERLAP PROCESSING] Examples of overlapping segments for meeting EN2004a:
2025-12-07 17:18:27 - data_processing - INFO -     Example 1: Speakers ['FEE078', 'FEE080'] -> Slots [2, 0], Time: 19.23s-19.48s (0.25s)
2025-12-07 17:18:27 - data_processing - INFO -     Example 2: Speakers ['FEE078', 'FEE081'] -> Slots [2, 3], Time: 30.39s-30.74s (0.35s)
2025-12-07 17:18:27 - data_processing - INFO -     Example 3: Speakers ['FEE078', 'FEE080'] -> Slots [2, 0], Time: 73.16s-73.40s (0.24s)
2025-12-07 17:18:27 - data_processing - INFO -   [OVERLAP PROCESSING] Meeting EN2004a statistics:
2025-12-07 17:18:27 - data_processing - INFO -     - Original segments: 1415
2025-12-07 17:18:27 - data_processing - INFO -     - Overlapping segments created: 1049
2025-12-07 17:18:27 - data_processing - INFO -     - Overlap ratio: 74.13%
2025-12-07 17:18:27 - data_processing - INFO -     ✓ CONFIRMED: Found and processed 1049 overlapping segments for meeting EN2004a
2025-12-07 17:18:27 - data_processing - INFO - Meeting EN2005a: 4 speakers mapped to slots [0, 1, 2, 3]
2025-12-07 17:18:27 - data_processing - INFO -   [OVERLAP PROCESSING] Meeting EN2005a: Adding 1614 original segments...
2025-12-07 17:18:27 - data_processing - INFO -   [OVERLAP PROCESSING] Meeting EN2005a: Detecting overlapping segments...
2025-12-07 17:18:28 - data_processing - INFO -   [OVERLAP PROCESSING] Examples of overlapping segments for meeting EN2005a:
2025-12-07 17:18:28 - data_processing - INFO -     Example 1: Speakers ['FEE083', 'MEO082'] -> Slots [2, 3], Time: 3.72s-5.92s (2.20s)
2025-12-07 17:18:28 - data_processing - INFO -     Example 2: Speakers ['FEE083', 'MEO082'] -> Slots [2, 3], Time: 5.92s-5.98s (0.06s)
2025-12-07 17:18:28 - data_processing - INFO -     Example 3: Speakers ['MEO082', 'FEE083'] -> Slots [3, 2], Time: 5.98s-6.55s (0.57s)
2025-12-07 17:18:28 - data_processing - INFO -   [OVERLAP PROCESSING] Meeting EN2005a statistics:
2025-12-07 17:18:28 - data_processing - INFO -     - Original segments: 1614
2025-12-07 17:18:28 - data_processing - INFO -     - Overlapping segments created: 879
2025-12-07 17:18:28 - data_processing - INFO -     - Overlap ratio: 54.46%
2025-12-07 17:18:28 - data_processing - INFO -     ✓ CONFIRMED: Found and processed 879 overlapping segments for meeting EN2005a
2025-12-07 17:18:28 - data_processing - INFO - Meeting EN2006a: 4 speakers mapped to slots [0, 1, 2, 3]
2025-12-07 17:18:28 - data_processing - INFO -   [OVERLAP PROCESSING] Meeting EN2006a: Adding 1590 original segments...
2025-12-07 17:18:28 - data_processing - INFO -   [OVERLAP PROCESSING] Meeting EN2006a: Detecting overlapping segments...
2025-12-07 17:18:28 - data_processing - INFO -   [OVERLAP PROCESSING] Examples of overlapping segments for meeting EN2006a:
2025-12-07 17:18:28 - data_processing - INFO -     Example 1: Speakers ['FEE087', 'MEE089'] -> Slots [1, 2], Time: 20.35s-20.46s (0.11s)
2025-12-07 17:18:28 - data_processing - INFO -     Example 2: Speakers ['FEE087', 'MEE089'] -> Slots [1, 2], Time: 23.22s-23.41s (0.19s)
2025-12-07 17:18:28 - data_processing - INFO -     Example 3: Speakers ['FEE087', 'FEE088'] -> Slots [1, 0], Time: 23.50s-24.88s (1.38s)
2025-12-07 17:18:28 - data_processing - INFO -   [OVERLAP PROCESSING] Meeting EN2006a statistics:
2025-12-07 17:18:28 - data_processing - INFO -     - Original segments: 1590
2025-12-07 17:18:28 - data_processing - INFO -     - Overlapping segments created: 853
2025-12-07 17:18:28 - data_processing - INFO -     - Overlap ratio: 53.65%
2025-12-07 17:18:28 - data_processing - INFO -     ✓ CONFIRMED: Found and processed 853 overlapping segments for meeting EN2006a
2025-12-07 17:18:28 - data_processing - INFO - Meeting EN2006b: 4 speakers mapped to slots [0, 1, 2, 3]
2025-12-07 17:18:28 - data_processing - INFO -   [OVERLAP PROCESSING] Meeting EN2006b: Adding 1445 original segments...
2025-12-07 17:18:28 - data_processing - INFO -   [OVERLAP PROCESSING] Meeting EN2006b: Detecting overlapping segments...
2025-12-07 17:18:29 - data_processing - INFO -   [OVERLAP PROCESSING] Examples of overlapping segments for meeting EN2006b:
2025-12-07 17:18:29 - data_processing - INFO -     Example 1: Speakers ['FEE087', 'MEE089'] -> Slots [1, 2], Time: 5.22s-6.40s (1.18s)
2025-12-07 17:18:29 - data_processing - INFO -     Example 2: Speakers ['FEE087', 'FEE088'] -> Slots [1, 0], Time: 5.49s-8.33s (2.84s)
2025-12-07 17:18:29 - data_processing - INFO -     Example 3: Speakers ['FEE087', 'MEE089'] -> Slots [1, 2], Time: 6.40s-6.60s (0.20s)
2025-12-07 17:18:29 - data_processing - INFO -   [OVERLAP PROCESSING] Meeting EN2006b statistics:
2025-12-07 17:18:29 - data_processing - INFO -     - Original segments: 1445
2025-12-07 17:18:29 - data_processing - INFO -     - Overlapping segments created: 815
2025-12-07 17:18:29 - data_processing - INFO -     - Overlap ratio: 56.40%
2025-12-07 17:18:29 - data_processing - INFO -     ✓ CONFIRMED: Found and processed 815 overlapping segments for meeting EN2006b
2025-12-07 17:18:29 - data_processing - INFO - Meeting EN2009b: 3 speakers mapped to slots [0, 1, 2]
2025-12-07 17:18:29 - data_processing - INFO -   [OVERLAP PROCESSING] Meeting EN2009b: Adding 1010 original segments...
2025-12-07 17:18:29 - data_processing - INFO -   [OVERLAP PROCESSING] Meeting EN2009b: Detecting overlapping segments...
2025-12-07 17:18:29 - data_processing - INFO -   [OVERLAP PROCESSING] Examples of overlapping segments for meeting EN2009b:
2025-12-07 17:18:29 - data_processing - INFO -     Example 1: Speakers ['MEE094', 'FEE083'] -> Slots [2, 1], Time: 1.99s-3.24s (1.25s)
2025-12-07 17:18:29 - data_processing - INFO -     Example 2: Speakers ['FEE083', 'MEE094'] -> Slots [1, 2], Time: 3.24s-3.32s (0.08s)
2025-12-07 17:18:29 - data_processing - INFO -     Example 3: Speakers ['MEE094', 'FEE083'] -> Slots [2, 1], Time: 3.32s-4.19s (0.87s)
2025-12-07 17:18:29 - data_processing - INFO -   [OVERLAP PROCESSING] Meeting EN2009b statistics:
2025-12-07 17:18:29 - data_processing - INFO -     - Original segments: 1010
2025-12-07 17:18:29 - data_processing - INFO -     - Overlapping segments created: 681
2025-12-07 17:18:29 - data_processing - INFO -     - Overlap ratio: 67.43%
2025-12-07 17:18:29 - data_processing - INFO -     ✓ CONFIRMED: Found and processed 681 overlapping segments for meeting EN2009b
2025-12-07 17:18:29 - data_processing - INFO - Meeting EN2009c: 3 speakers mapped to slots [0, 1, 2]
2025-12-07 17:18:29 - data_processing - INFO -   [OVERLAP PROCESSING] Meeting EN2009c: Adding 1262 original segments...
2025-12-07 17:18:29 - data_processing - INFO -   [OVERLAP PROCESSING] Meeting EN2009c: Detecting overlapping segments...
2025-12-07 17:18:30 - data_processing - INFO -   [OVERLAP PROCESSING] Examples of overlapping segments for meeting EN2009c:
2025-12-07 17:18:30 - data_processing - INFO -     Example 1: Speakers ['FEE083', 'MEE094'] -> Slots [1, 2], Time: 0.65s-1.32s (0.67s)
2025-12-07 17:18:30 - data_processing - INFO -     Example 2: Speakers ['FEE083', 'MEE095'] -> Slots [1, 0], Time: 4.40s-4.84s (0.44s)
2025-12-07 17:18:30 - data_processing - INFO -     Example 3: Speakers ['FEE083', 'MEE095'] -> Slots [1, 0], Time: 11.12s-11.22s (0.10s)
2025-12-07 17:18:30 - data_processing - INFO -   [OVERLAP PROCESSING] Meeting EN2009c statistics:
2025-12-07 17:18:30 - data_processing - INFO -     - Original segments: 1262
2025-12-07 17:18:30 - data_processing - INFO -     - Overlapping segments created: 696
2025-12-07 17:18:30 - data_processing - INFO -     - Overlap ratio: 55.15%
2025-12-07 17:18:30 - data_processing - INFO -     ✓ CONFIRMED: Found and processed 696 overlapping segments for meeting EN2009c
2025-12-07 17:18:30 - data_processing - INFO - Meeting EN2009d: 4 speakers mapped to slots [0, 1, 2, 3]
2025-12-07 17:18:30 - data_processing - INFO -   [OVERLAP PROCESSING] Meeting EN2009d: Adding 2419 original segments...
2025-12-07 17:18:30 - data_processing - INFO -   [OVERLAP PROCESSING] Meeting EN2009d: Detecting overlapping segments...
2025-12-07 17:18:31 - data_processing - INFO -   [OVERLAP PROCESSING] Examples of overlapping segments for meeting EN2009d:
2025-12-07 17:18:31 - data_processing - INFO -     Example 1: Speakers ['FEE096', 'FEE083'] -> Slots [3, 1], Time: 1.56s-1.81s (0.25s)
2025-12-07 17:18:31 - data_processing - INFO -     Example 2: Speakers ['FEE083', 'FEE096'] -> Slots [1, 3], Time: 5.33s-5.64s (0.31s)
2025-12-07 17:18:31 - data_processing - INFO -     Example 3: Speakers ['FEE083', 'FEE096'] -> Slots [1, 3], Time: 38.50s-40.27s (1.77s)
2025-12-07 17:18:31 - data_processing - INFO -   [OVERLAP PROCESSING] Meeting EN2009d statistics:
2025-12-07 17:18:31 - data_processing - INFO -     - Original segments: 2419
2025-12-07 17:18:31 - data_processing - INFO -     - Overlapping segments created: 1638
2025-12-07 17:18:31 - data_processing - INFO -     - Overlap ratio: 67.71%
2025-12-07 17:18:31 - data_processing - INFO -     ✓ CONFIRMED: Found and processed 1638 overlapping segments for meeting EN2009d
2025-12-07 17:18:31 - data_processing - INFO - Meeting ES2002a: 4 speakers mapped to slots [0, 1, 2, 3]
2025-12-07 17:18:31 - data_processing - INFO -   [OVERLAP PROCESSING] Meeting ES2002a: Adding 387 original segments...
2025-12-07 17:18:31 - data_processing - INFO -   [OVERLAP PROCESSING] Meeting ES2002a: Detecting overlapping segments...
2025-12-07 17:18:31 - data_processing - INFO -   [OVERLAP PROCESSING] Examples of overlapping segments for meeting ES2002a:
2025-12-07 17:18:31 - data_processing - INFO -     Example 1: Speakers ['FEE005', 'MEE008'] -> Slots [2, 0], Time: 67.20s-67.45s (0.25s)
2025-12-07 17:18:31 - data_processing - INFO -     Example 2: Speakers ['FEE005', 'MEE008'] -> Slots [2, 0], Time: 74.89s-75.23s (0.34s)
2025-12-07 17:18:31 - data_processing - INFO -     Example 3: Speakers ['MEE006', 'FEE005'] -> Slots [1, 2], Time: 80.81s-80.87s (0.06s)
2025-12-07 17:18:31 - data_processing - INFO -   [OVERLAP PROCESSING] Meeting ES2002a statistics:
2025-12-07 17:18:31 - data_processing - INFO -     - Original segments: 387
2025-12-07 17:18:31 - data_processing - INFO -     - Overlapping segments created: 174
2025-12-07 17:18:31 - data_processing - INFO -     - Overlap ratio: 44.96%
2025-12-07 17:18:31 - data_processing - INFO -     ✓ CONFIRMED: Found and processed 174 overlapping segments for meeting ES2002a
2025-12-07 17:18:31 - data_processing - INFO - Meeting ES2002b: 4 speakers mapped to slots [0, 1, 2, 3]
2025-12-07 17:18:31 - data_processing - INFO -   [OVERLAP PROCESSING] Meeting ES2002b: Adding 826 original segments...
2025-12-07 17:18:31 - data_processing - INFO -   [OVERLAP PROCESSING] Meeting ES2002b: Detecting overlapping segments...
2025-12-07 17:18:32 - data_processing - INFO -   [OVERLAP PROCESSING] Examples of overlapping segments for meeting ES2002b:
2025-12-07 17:18:32 - data_processing - INFO -     Example 1: Speakers ['FEE005', 'MEE008'] -> Slots [2, 0], Time: 27.38s-28.53s (1.15s)
2025-12-07 17:18:32 - data_processing - INFO -     Example 2: Speakers ['FEE005', 'MEE008'] -> Slots [2, 0], Time: 30.49s-33.32s (2.83s)
2025-12-07 17:18:32 - data_processing - INFO -     Example 3: Speakers ['FEE005', 'MEE008'] -> Slots [2, 0], Time: 33.32s-34.09s (0.77s)
2025-12-07 17:18:32 - data_processing - INFO -   [OVERLAP PROCESSING] Meeting ES2002b statistics:
2025-12-07 17:18:32 - data_processing - INFO -     - Original segments: 826
2025-12-07 17:18:32 - data_processing - INFO -     - Overlapping segments created: 530
2025-12-07 17:18:32 - data_processing - INFO -     - Overlap ratio: 64.16%
2025-12-07 17:18:32 - data_processing - INFO -     ✓ CONFIRMED: Found and processed 530 overlapping segments for meeting ES2002b
2025-12-07 17:18:32 - data_processing - INFO - Meeting ES2002c: 4 speakers mapped to slots [0, 1, 2, 3]
2025-12-07 17:18:32 - data_processing - INFO -   [OVERLAP PROCESSING] Meeting ES2002c: Adding 807 original segments...
2025-12-07 17:18:32 - data_processing - INFO -   [OVERLAP PROCESSING] Meeting ES2002c: Detecting overlapping segments...
2025-12-07 17:18:32 - data_processing - INFO -   [OVERLAP PROCESSING] Examples of overlapping segments for meeting ES2002c:
2025-12-07 17:18:32 - data_processing - INFO -     Example 1: Speakers ['MEE006', 'MEE008'] -> Slots [1, 0], Time: 0.64s-0.91s (0.27s)
2025-12-07 17:18:32 - data_processing - INFO -     Example 2: Speakers ['MEE006', 'FEE005'] -> Slots [1, 2], Time: 4.42s-5.16s (0.74s)
2025-12-07 17:18:32 - data_processing - INFO -     Example 3: Speakers ['MEE006', 'MEE008'] -> Slots [1, 0], Time: 5.03s-6.95s (1.92s)
2025-12-07 17:18:32 - data_processing - INFO -   [OVERLAP PROCESSING] Meeting ES2002c statistics:
2025-12-07 17:18:32 - data_processing - INFO -     - Original segments: 807
2025-12-07 17:18:32 - data_processing - INFO -     - Overlapping segments created: 438
2025-12-07 17:18:32 - data_processing - INFO -     - Overlap ratio: 54.28%
2025-12-07 17:18:32 - data_processing - INFO -     ✓ CONFIRMED: Found and processed 438 overlapping segments for meeting ES2002c
2025-12-07 17:18:32 - data_processing - INFO - Meeting ES2002d: 4 speakers mapped to slots [0, 1, 2, 3]
2025-12-07 17:18:32 - data_processing - INFO -   [OVERLAP PROCESSING] Meeting ES2002d: Adding 1057 original segments...
2025-12-07 17:18:32 - data_processing - INFO -   [OVERLAP PROCESSING] Meeting ES2002d: Detecting overlapping segments...
2025-12-07 17:18:33 - data_processing - INFO -   [OVERLAP PROCESSING] Examples of overlapping segments for meeting ES2002d:
2025-12-07 17:18:33 - data_processing - INFO -     Example 1: Speakers ['FEE005', 'MEE006'] -> Slots [2, 1], Time: 59.26s-59.39s (0.13s)
2025-12-07 17:18:33 - data_processing - INFO -     Example 2: Speakers ['MEE007', 'MEE006'] -> Slots [3, 1], Time: 71.75s-73.91s (2.16s)
2025-12-07 17:18:33 - data_processing - INFO -     Example 3: Speakers ['MEE007', 'FEE005'] -> Slots [3, 2], Time: 76.93s-77.45s (0.52s)
2025-12-07 17:18:33 - data_processing - INFO -   [OVERLAP PROCESSING] Meeting ES2002d statistics:
2025-12-07 17:18:33 - data_processing - INFO -     - Original segments: 1057
2025-12-07 17:18:33 - data_processing - INFO -     - Overlapping segments created: 635
2025-12-07 17:18:33 - data_processing - INFO -     - Overlap ratio: 60.08%
2025-12-07 17:18:33 - data_processing - INFO -     ✓ CONFIRMED: Found and processed 635 overlapping segments for meeting ES2002d
2025-12-07 17:18:33 - data_processing - INFO - Meeting ES2003a: 4 speakers mapped to slots [0, 1, 2, 3]
2025-12-07 17:18:33 - data_processing - INFO -   [OVERLAP PROCESSING] Meeting ES2003a: Adding 215 original segments...
2025-12-07 17:18:33 - data_processing - INFO -   [OVERLAP PROCESSING] Meeting ES2003a: Detecting overlapping segments...
2025-12-07 17:18:33 - data_processing - INFO -   [OVERLAP PROCESSING] Examples of overlapping segments for meeting ES2003a:
2025-12-07 17:18:33 - data_processing - INFO -     Example 1: Speakers ['MEE009', 'MEE012'] -> Slots [0, 2], Time: 23.09s-23.70s (0.61s)
2025-12-07 17:18:33 - data_processing - INFO -     Example 2: Speakers ['MEE009', 'MEE011'] -> Slots [0, 3], Time: 54.24s-55.07s (0.83s)
2025-12-07 17:18:33 - data_processing - INFO -     Example 3: Speakers ['MEE011', 'MEE009'] -> Slots [3, 0], Time: 55.07s-55.62s (0.55s)
2025-12-07 17:18:33 - data_processing - INFO -   [OVERLAP PROCESSING] Meeting ES2003a statistics:
2025-12-07 17:18:33 - data_processing - INFO -     - Original segments: 215
2025-12-07 17:18:33 - data_processing - INFO -     - Overlapping segments created: 45
2025-12-07 17:18:33 - data_processing - INFO -     - Overlap ratio: 20.93%
2025-12-07 17:18:33 - data_processing - INFO -     ✓ CONFIRMED: Found and processed 45 overlapping segments for meeting ES2003a
2025-12-07 17:18:33 - data_processing - INFO - Meeting ES2003b: 4 speakers mapped to slots [0, 1, 2, 3]
2025-12-07 17:18:33 - data_processing - INFO -   [OVERLAP PROCESSING] Meeting ES2003b: Adding 583 original segments...
2025-12-07 17:18:33 - data_processing - INFO -   [OVERLAP PROCESSING] Meeting ES2003b: Detecting overlapping segments...
2025-12-07 17:18:33 - data_processing - INFO -   [OVERLAP PROCESSING] Examples of overlapping segments for meeting ES2003b:
2025-12-07 17:18:33 - data_processing - INFO -     Example 1: Speakers ['MEE009', 'MEE012'] -> Slots [0, 2], Time: 16.39s-17.48s (1.09s)
2025-12-07 17:18:33 - data_processing - INFO -     Example 2: Speakers ['MEE012', 'MEE009'] -> Slots [2, 0], Time: 17.48s-17.52s (0.04s)
2025-12-07 17:18:33 - data_processing - INFO -     Example 3: Speakers ['MEE012', 'MEE009'] -> Slots [2, 0], Time: 39.61s-40.28s (0.67s)
2025-12-07 17:18:33 - data_processing - INFO -   [OVERLAP PROCESSING] Meeting ES2003b statistics:
2025-12-07 17:18:33 - data_processing - INFO -     - Original segments: 583
2025-12-07 17:18:33 - data_processing - INFO -     - Overlapping segments created: 200
2025-12-07 17:18:33 - data_processing - INFO -     - Overlap ratio: 34.31%
2025-12-07 17:18:33 - data_processing - INFO -     ✓ CONFIRMED: Found and processed 200 overlapping segments for meeting ES2003b
2025-12-07 17:18:33 - data_processing - INFO - Meeting ES2003c: 4 speakers mapped to slots [0, 1, 2, 3]
2025-12-07 17:18:33 - data_processing - INFO -   [OVERLAP PROCESSING] Meeting ES2003c: Adding 637 original segments...
2025-12-07 17:18:33 - data_processing - INFO -   [OVERLAP PROCESSING] Meeting ES2003c: Detecting overlapping segments...
2025-12-07 17:18:33 - data_processing - INFO -   [OVERLAP PROCESSING] Examples of overlapping segments for meeting ES2003c:
2025-12-07 17:18:33 - data_processing - INFO -     Example 1: Speakers ['MEE009', 'MEE010'] -> Slots [0, 1], Time: 79.20s-79.76s (0.56s)
2025-12-07 17:18:33 - data_processing - INFO -     Example 2: Speakers ['MEE010', 'MEE009'] -> Slots [1, 0], Time: 79.76s-81.28s (1.52s)
2025-12-07 17:18:33 - data_processing - INFO -     Example 3: Speakers ['MEE009', 'MEE010'] -> Slots [0, 1], Time: 81.28s-82.99s (1.71s)
2025-12-07 17:18:33 - data_processing - INFO -   [OVERLAP PROCESSING] Meeting ES2003c statistics:
2025-12-07 17:18:33 - data_processing - INFO -     - Original segments: 637
2025-12-07 17:18:33 - data_processing - INFO -     - Overlapping segments created: 203
2025-12-07 17:18:33 - data_processing - INFO -     - Overlap ratio: 31.87%
2025-12-07 17:18:33 - data_processing - INFO -     ✓ CONFIRMED: Found and processed 203 overlapping segments for meeting ES2003c
2025-12-07 17:18:33 - data_processing - INFO - Meeting ES2003d: 4 speakers mapped to slots [0, 1, 2, 3]
2025-12-07 17:18:33 - data_processing - INFO -   [OVERLAP PROCESSING] Meeting ES2003d: Adding 760 original segments...
2025-12-07 17:18:33 - data_processing - INFO -   [OVERLAP PROCESSING] Meeting ES2003d: Detecting overlapping segments...
2025-12-07 17:18:33 - data_processing - INFO -   [OVERLAP PROCESSING] Examples of overlapping segments for meeting ES2003d:
2025-12-07 17:18:33 - data_processing - INFO -     Example 1: Speakers ['MEE009', 'MEE011'] -> Slots [0, 3], Time: 87.07s-87.21s (0.14s)
2025-12-07 17:18:33 - data_processing - INFO -     Example 2: Speakers ['MEE009', 'MEE011'] -> Slots [0, 3], Time: 90.65s-92.41s (1.76s)
2025-12-07 17:18:33 - data_processing - INFO -     Example 3: Speakers ['MEE011', 'MEE009'] -> Slots [3, 0], Time: 140.65s-140.86s (0.21s)
2025-12-07 17:18:33 - data_processing - INFO -   [OVERLAP PROCESSING] Meeting ES2003d statistics:
2025-12-07 17:18:33 - data_processing - INFO -     - Original segments: 760
2025-12-07 17:18:33 - data_processing - INFO -     - Overlapping segments created: 260
2025-12-07 17:18:33 - data_processing - INFO -     - Overlap ratio: 34.21%
2025-12-07 17:18:33 - data_processing - INFO -     ✓ CONFIRMED: Found and processed 260 overlapping segments for meeting ES2003d
2025-12-07 17:18:33 - data_processing - INFO - Meeting ES2005a: 4 speakers mapped to slots [0, 1, 2, 3]
2025-12-07 17:18:33 - data_processing - INFO -   [OVERLAP PROCESSING] Meeting ES2005a: Adding 113 original segments...
2025-12-07 17:18:33 - data_processing - INFO -   [OVERLAP PROCESSING] Meeting ES2005a: Detecting overlapping segments...
2025-12-07 17:18:33 - data_processing - INFO -   [OVERLAP PROCESSING] Examples of overlapping segments for meeting ES2005a:
2025-12-07 17:18:33 - data_processing - INFO -     Example 1: Speakers ['MEE017', 'MEE018'] -> Slots [1, 2], Time: 0.75s-1.61s (0.86s)
2025-12-07 17:18:33 - data_processing - INFO -     Example 2: Speakers ['MEE017', 'FEE019'] -> Slots [1, 3], Time: 4.08s-4.59s (0.51s)
2025-12-07 17:18:33 - data_processing - INFO -     Example 3: Speakers ['MEE017', 'MEE018'] -> Slots [1, 2], Time: 5.43s-5.96s (0.53s)
2025-12-07 17:18:33 - data_processing - INFO -   [OVERLAP PROCESSING] Meeting ES2005a statistics:
2025-12-07 17:18:33 - data_processing - INFO -     - Original segments: 113
2025-12-07 17:18:33 - data_processing - INFO -     - Overlapping segments created: 74
2025-12-07 17:18:33 - data_processing - INFO -     - Overlap ratio: 65.49%
2025-12-07 17:18:33 - data_processing - INFO -     ✓ CONFIRMED: Found and processed 74 overlapping segments for meeting ES2005a
2025-12-07 17:18:33 - data_processing - INFO - Meeting ES2005b: 4 speakers mapped to slots [0, 1, 2, 3]
2025-12-07 17:18:33 - data_processing - INFO -   [OVERLAP PROCESSING] Meeting ES2005b: Adding 771 original segments...
2025-12-07 17:18:33 - data_processing - INFO -   [OVERLAP PROCESSING] Meeting ES2005b: Detecting overlapping segments...
2025-12-07 17:18:34 - data_processing - INFO -   [OVERLAP PROCESSING] Examples of overlapping segments for meeting ES2005b:
2025-12-07 17:18:34 - data_processing - INFO -     Example 1: Speakers ['MEE017', 'FEE019'] -> Slots [1, 3], Time: 17.03s-17.73s (0.70s)
2025-12-07 17:18:34 - data_processing - INFO -     Example 2: Speakers ['MEE017', 'FEE019'] -> Slots [1, 3], Time: 28.17s-28.54s (0.37s)
2025-12-07 17:18:34 - data_processing - INFO -     Example 3: Speakers ['MEE017', 'FEE019'] -> Slots [1, 3], Time: 31.56s-31.94s (0.38s)
2025-12-07 17:18:34 - data_processing - INFO -   [OVERLAP PROCESSING] Meeting ES2005b statistics:
2025-12-07 17:18:34 - data_processing - INFO -     - Original segments: 771
2025-12-07 17:18:34 - data_processing - INFO -     - Overlapping segments created: 423
2025-12-07 17:18:34 - data_processing - INFO -     - Overlap ratio: 54.86%
2025-12-07 17:18:34 - data_processing - INFO -     ✓ CONFIRMED: Found and processed 423 overlapping segments for meeting ES2005b
2025-12-07 17:18:34 - data_processing - INFO - Meeting ES2005c: 4 speakers mapped to slots [0, 1, 2, 3]
2025-12-07 17:18:34 - data_processing - INFO -   [OVERLAP PROCESSING] Meeting ES2005c: Adding 949 original segments...
2025-12-07 17:18:34 - data_processing - INFO -   [OVERLAP PROCESSING] Meeting ES2005c: Detecting overlapping segments...
2025-12-07 17:18:34 - data_processing - INFO -   [OVERLAP PROCESSING] Examples of overlapping segments for meeting ES2005c:
2025-12-07 17:18:34 - data_processing - INFO -     Example 1: Speakers ['MEE017', 'FEE019'] -> Slots [1, 3], Time: 39.92s-40.29s (0.37s)
2025-12-07 17:18:34 - data_processing - INFO -     Example 2: Speakers ['MEE017', 'FEE019'] -> Slots [1, 3], Time: 51.36s-51.97s (0.61s)
2025-12-07 17:18:34 - data_processing - INFO -     Example 3: Speakers ['MEE017', 'FEE019'] -> Slots [1, 3], Time: 51.97s-52.77s (0.80s)
2025-12-07 17:18:34 - data_processing - INFO -   [OVERLAP PROCESSING] Meeting ES2005c statistics:
2025-12-07 17:18:34 - data_processing - INFO -     - Original segments: 949
2025-12-07 17:18:34 - data_processing - INFO -     - Overlapping segments created: 622
2025-12-07 17:18:34 - data_processing - INFO -     - Overlap ratio: 65.54%
2025-12-07 17:18:34 - data_processing - INFO -     ✓ CONFIRMED: Found and processed 622 overlapping segments for meeting ES2005c
2025-12-07 17:18:34 - data_processing - INFO - Meeting ES2005d: 4 speakers mapped to slots [0, 1, 2, 3]
2025-12-07 17:18:34 - data_processing - INFO -   [OVERLAP PROCESSING] Meeting ES2005d: Adding 637 original segments...
2025-12-07 17:18:34 - data_processing - INFO -   [OVERLAP PROCESSING] Meeting ES2005d: Detecting overlapping segments...
2025-12-07 17:18:34 - data_processing - INFO -   [OVERLAP PROCESSING] Examples of overlapping segments for meeting ES2005d:
2025-12-07 17:18:34 - data_processing - INFO -     Example 1: Speakers ['FEE019', 'MEE018'] -> Slots [3, 2], Time: 41.74s-42.39s (0.65s)
2025-12-07 17:18:34 - data_processing - INFO -     Example 2: Speakers ['FEE019', 'MEE018'] -> Slots [3, 2], Time: 51.06s-51.73s (0.67s)
2025-12-07 17:18:34 - data_processing - INFO -     Example 3: Speakers ['MEE017', 'MEE018'] -> Slots [1, 2], Time: 60.45s-61.01s (0.56s)
2025-12-07 17:18:34 - data_processing - INFO -   [OVERLAP PROCESSING] Meeting ES2005d statistics:
2025-12-07 17:18:34 - data_processing - INFO -     - Original segments: 637
2025-12-07 17:18:34 - data_processing - INFO -     - Overlapping segments created: 362
2025-12-07 17:18:34 - data_processing - INFO -     - Overlap ratio: 56.83%
2025-12-07 17:18:34 - data_processing - INFO -     ✓ CONFIRMED: Found and processed 362 overlapping segments for meeting ES2005d
2025-12-07 17:18:34 - data_processing - INFO - Meeting ES2006a: 4 speakers mapped to slots [0, 1, 2, 3]
2025-12-07 17:18:34 - data_processing - INFO -   [OVERLAP PROCESSING] Meeting ES2006a: Adding 322 original segments...
2025-12-07 17:18:34 - data_processing - INFO -   [OVERLAP PROCESSING] Meeting ES2006a: Detecting overlapping segments...
2025-12-07 17:18:35 - data_processing - INFO -   [OVERLAP PROCESSING] Examples of overlapping segments for meeting ES2006a:
2025-12-07 17:18:35 - data_processing - INFO -     Example 1: Speakers ['FEO023', 'FEE021'] -> Slots [0, 1], Time: 29.66s-29.94s (0.28s)
2025-12-07 17:18:35 - data_processing - INFO -     Example 2: Speakers ['FEE021', 'FEO023'] -> Slots [1, 0], Time: 29.94s-30.27s (0.33s)
2025-12-07 17:18:35 - data_processing - INFO -     Example 3: Speakers ['FEO023', 'FEE021'] -> Slots [0, 1], Time: 30.27s-31.16s (0.89s)
2025-12-07 17:18:35 - data_processing - INFO -   [OVERLAP PROCESSING] Meeting ES2006a statistics:
2025-12-07 17:18:35 - data_processing - INFO -     - Original segments: 322
2025-12-07 17:18:35 - data_processing - INFO -     - Overlapping segments created: 137
2025-12-07 17:18:35 - data_processing - INFO -     - Overlap ratio: 42.55%
2025-12-07 17:18:35 - data_processing - INFO -     ✓ CONFIRMED: Found and processed 137 overlapping segments for meeting ES2006a
2025-12-07 17:18:35 - data_processing - INFO - Meeting ES2006b: 4 speakers mapped to slots [0, 1, 2, 3]
2025-12-07 17:18:35 - data_processing - INFO -   [OVERLAP PROCESSING] Meeting ES2006b: Adding 679 original segments...
2025-12-07 17:18:35 - data_processing - INFO -   [OVERLAP PROCESSING] Meeting ES2006b: Detecting overlapping segments...
2025-12-07 17:18:35 - data_processing - INFO -   [OVERLAP PROCESSING] Examples of overlapping segments for meeting ES2006b:
2025-12-07 17:18:35 - data_processing - INFO -     Example 1: Speakers ['FEE021', 'FEO023'] -> Slots [1, 0], Time: 41.15s-41.78s (0.63s)
2025-12-07 17:18:35 - data_processing - INFO -     Example 2: Speakers ['FEE021', 'MEO022'] -> Slots [1, 3], Time: 41.46s-41.78s (0.32s)
2025-12-07 17:18:35 - data_processing - INFO -     Example 3: Speakers ['FEO023', 'MEO022'] -> Slots [0, 3], Time: 41.46s-41.78s (0.32s)
2025-12-07 17:18:35 - data_processing - INFO -   [OVERLAP PROCESSING] Meeting ES2006b statistics:
2025-12-07 17:18:35 - data_processing - INFO -     - Original segments: 679
2025-12-07 17:18:35 - data_processing - INFO -     - Overlapping segments created: 411
2025-12-07 17:18:35 - data_processing - INFO -     - Overlap ratio: 60.53%
2025-12-07 17:18:35 - data_processing - INFO -     ✓ CONFIRMED: Found and processed 411 overlapping segments for meeting ES2006b
2025-12-07 17:18:35 - data_processing - INFO - Meeting ES2006c: 4 speakers mapped to slots [0, 1, 2, 3]
2025-12-07 17:18:35 - data_processing - INFO -   [OVERLAP PROCESSING] Meeting ES2006c: Adding 759 original segments...
2025-12-07 17:18:35 - data_processing - INFO -   [OVERLAP PROCESSING] Meeting ES2006c: Detecting overlapping segments...
2025-12-07 17:18:35 - data_processing - INFO -   [OVERLAP PROCESSING] Examples of overlapping segments for meeting ES2006c:
2025-12-07 17:18:35 - data_processing - INFO -     Example 1: Speakers ['MEO022', 'FEE021'] -> Slots [2, 0], Time: 51.80s-52.11s (0.31s)
2025-12-07 17:18:35 - data_processing - INFO -     Example 2: Speakers ['FEE021', 'MEO022'] -> Slots [0, 2], Time: 53.65s-54.34s (0.69s)
2025-12-07 17:18:35 - data_processing - INFO -     Example 3: Speakers ['FEE021', 'MEO022'] -> Slots [0, 2], Time: 55.62s-56.88s (1.26s)
2025-12-07 17:18:35 - data_processing - INFO -   [OVERLAP PROCESSING] Meeting ES2006c statistics:
2025-12-07 17:18:35 - data_processing - INFO -     - Original segments: 759
2025-12-07 17:18:35 - data_processing - INFO -     - Overlapping segments created: 512
2025-12-07 17:18:35 - data_processing - INFO -     - Overlap ratio: 67.46%
2025-12-07 17:18:35 - data_processing - INFO -     ✓ CONFIRMED: Found and processed 512 overlapping segments for meeting ES2006c
2025-12-07 17:18:35 - data_processing - INFO - Meeting ES2006d: 4 speakers mapped to slots [0, 1, 2, 3]
2025-12-07 17:18:35 - data_processing - INFO -   [OVERLAP PROCESSING] Meeting ES2006d: Adding 932 original segments...
2025-12-07 17:18:35 - data_processing - INFO -   [OVERLAP PROCESSING] Meeting ES2006d: Detecting overlapping segments...
2025-12-07 17:18:36 - data_processing - INFO -   [OVERLAP PROCESSING] Examples of overlapping segments for meeting ES2006d:
2025-12-07 17:18:36 - data_processing - INFO -     Example 1: Speakers ['FEE021', 'FEO023'] -> Slots [1, 0], Time: 23.52s-23.84s (0.32s)
2025-12-07 17:18:36 - data_processing - INFO -     Example 2: Speakers ['FEE021', 'FEE024'] -> Slots [1, 2], Time: 27.50s-27.88s (0.38s)
2025-12-07 17:18:36 - data_processing - INFO -     Example 3: Speakers ['FEE024', 'FEE021'] -> Slots [2, 1], Time: 28.96s-29.00s (0.04s)
2025-12-07 17:18:36 - data_processing - INFO -   [OVERLAP PROCESSING] Meeting ES2006d statistics:
2025-12-07 17:18:36 - data_processing - INFO -     - Original segments: 932
2025-12-07 17:18:36 - data_processing - INFO -     - Overlapping segments created: 718
2025-12-07 17:18:36 - data_processing - INFO -     - Overlap ratio: 77.04%
2025-12-07 17:18:36 - data_processing - INFO -     ✓ CONFIRMED: Found and processed 718 overlapping segments for meeting ES2006d
2025-12-07 17:18:36 - data_processing - INFO - Meeting ES2007a: 4 speakers mapped to slots [0, 1, 2, 3]
2025-12-07 17:18:36 - data_processing - INFO -   [OVERLAP PROCESSING] Meeting ES2007a: Adding 400 original segments...
2025-12-07 17:18:36 - data_processing - INFO -   [OVERLAP PROCESSING] Meeting ES2007a: Detecting overlapping segments...
2025-12-07 17:18:36 - data_processing - INFO -   [OVERLAP PROCESSING] Examples of overlapping segments for meeting ES2007a:
2025-12-07 17:18:36 - data_processing - INFO -     Example 1: Speakers ['FEE028', 'MEE025'] -> Slots [0, 3], Time: 90.06s-90.07s (0.01s)
2025-12-07 17:18:36 - data_processing - INFO -     Example 2: Speakers ['MEE025', 'FEO026'] -> Slots [3, 2], Time: 112.84s-113.80s (0.96s)
2025-12-07 17:18:36 - data_processing - INFO -     Example 3: Speakers ['MEE025', 'FEE028'] -> Slots [3, 0], Time: 193.63s-194.22s (0.59s)
2025-12-07 17:18:36 - data_processing - INFO -   [OVERLAP PROCESSING] Meeting ES2007a statistics:
2025-12-07 17:18:36 - data_processing - INFO -     - Original segments: 400
2025-12-07 17:18:36 - data_processing - INFO -     - Overlapping segments created: 161
2025-12-07 17:18:36 - data_processing - INFO -     - Overlap ratio: 40.25%
2025-12-07 17:18:36 - data_processing - INFO -     ✓ CONFIRMED: Found and processed 161 overlapping segments for meeting ES2007a
2025-12-07 17:18:36 - data_processing - INFO - Meeting ES2007b: 4 speakers mapped to slots [0, 1, 2, 3]
2025-12-07 17:18:36 - data_processing - INFO -   [OVERLAP PROCESSING] Meeting ES2007b: Adding 510 original segments...
2025-12-07 17:18:36 - data_processing - INFO -   [OVERLAP PROCESSING] Meeting ES2007b: Detecting overlapping segments...
2025-12-07 17:18:36 - data_processing - INFO -   [OVERLAP PROCESSING] Examples of overlapping segments for meeting ES2007b:
2025-12-07 17:18:36 - data_processing - INFO -     Example 1: Speakers ['MEE027', 'FEO026'] -> Slots [3, 2], Time: 9.71s-10.16s (0.45s)
2025-12-07 17:18:36 - data_processing - INFO -     Example 2: Speakers ['MEE027', 'FEO026'] -> Slots [3, 2], Time: 14.07s-14.27s (0.20s)
2025-12-07 17:18:36 - data_processing - INFO -     Example 3: Speakers ['FEO026', 'MEE027'] -> Slots [2, 3], Time: 17.64s-17.88s (0.24s)
2025-12-07 17:18:36 - data_processing - INFO -   [OVERLAP PROCESSING] Meeting ES2007b statistics:
2025-12-07 17:18:36 - data_processing - INFO -     - Original segments: 510
2025-12-07 17:18:36 - data_processing - INFO -     - Overlapping segments created: 236
2025-12-07 17:18:36 - data_processing - INFO -     - Overlap ratio: 46.27%
2025-12-07 17:18:36 - data_processing - INFO -     ✓ CONFIRMED: Found and processed 236 overlapping segments for meeting ES2007b
2025-12-07 17:18:36 - data_processing - INFO - Meeting ES2007c: 4 speakers mapped to slots [0, 1, 2, 3]
2025-12-07 17:18:36 - data_processing - INFO -   [OVERLAP PROCESSING] Meeting ES2007c: Adding 739 original segments...
2025-12-07 17:18:36 - data_processing - INFO -   [OVERLAP PROCESSING] Meeting ES2007c: Detecting overlapping segments...
2025-12-07 17:18:36 - data_processing - INFO -   [OVERLAP PROCESSING] Examples of overlapping segments for meeting ES2007c:
2025-12-07 17:18:36 - data_processing - INFO -     Example 1: Speakers ['MEE025', 'MEE027'] -> Slots [1, 3], Time: 78.63s-79.01s (0.38s)
2025-12-07 17:18:36 - data_processing - INFO -     Example 2: Speakers ['MEE025', 'MEE027'] -> Slots [1, 3], Time: 87.19s-87.40s (0.21s)
2025-12-07 17:18:36 - data_processing - INFO -     Example 3: Speakers ['MEE025', 'FEE028'] -> Slots [1, 0], Time: 88.90s-89.55s (0.65s)
2025-12-07 17:18:36 - data_processing - INFO -   [OVERLAP PROCESSING] Meeting ES2007c statistics:
2025-12-07 17:18:36 - data_processing - INFO -     - Original segments: 739
2025-12-07 17:18:36 - data_processing - INFO -     - Overlapping segments created: 338
2025-12-07 17:18:36 - data_processing - INFO -     - Overlap ratio: 45.74%
2025-12-07 17:18:36 - data_processing - INFO -     ✓ CONFIRMED: Found and processed 338 overlapping segments for meeting ES2007c
2025-12-07 17:18:36 - data_processing - INFO - Meeting ES2007d: 4 speakers mapped to slots [0, 1, 2, 3]
2025-12-07 17:18:36 - data_processing - INFO -   [OVERLAP PROCESSING] Meeting ES2007d: Adding 515 original segments...
2025-12-07 17:18:36 - data_processing - INFO -   [OVERLAP PROCESSING] Meeting ES2007d: Detecting overlapping segments...
2025-12-07 17:18:37 - data_processing - INFO -   [OVERLAP PROCESSING] Examples of overlapping segments for meeting ES2007d:
2025-12-07 17:18:37 - data_processing - INFO -     Example 1: Speakers ['MEE025', 'FEE028'] -> Slots [3, 0], Time: 7.91s-8.16s (0.25s)
2025-12-07 17:18:37 - data_processing - INFO -     Example 2: Speakers ['FEE028', 'FEO026'] -> Slots [0, 2], Time: 8.85s-9.66s (0.81s)
2025-12-07 17:18:37 - data_processing - INFO -     Example 3: Speakers ['FEE028', 'MEE027'] -> Slots [0, 1], Time: 8.91s-9.66s (0.75s)
2025-12-07 17:18:37 - data_processing - INFO -   [OVERLAP PROCESSING] Meeting ES2007d statistics:
2025-12-07 17:18:37 - data_processing - INFO -     - Original segments: 515
2025-12-07 17:18:37 - data_processing - INFO -     - Overlapping segments created: 249
2025-12-07 17:18:37 - data_processing - INFO -     - Overlap ratio: 48.35%
2025-12-07 17:18:37 - data_processing - INFO -     ✓ CONFIRMED: Found and processed 249 overlapping segments for meeting ES2007d
2025-12-07 17:18:37 - data_processing - INFO - Meeting ES2008a: 4 speakers mapped to slots [0, 1, 2, 3]
2025-12-07 17:18:37 - data_processing - INFO -   [OVERLAP PROCESSING] Meeting ES2008a: Adding 291 original segments...
2025-12-07 17:18:37 - data_processing - INFO -   [OVERLAP PROCESSING] Meeting ES2008a: Detecting overlapping segments...
2025-12-07 17:18:37 - data_processing - INFO -   [OVERLAP PROCESSING] Examples of overlapping segments for meeting ES2008a:
2025-12-07 17:18:37 - data_processing - INFO -     Example 1: Speakers ['FEE029', 'FEE030'] -> Slots [0, 1], Time: 109.98s-110.38s (0.40s)
2025-12-07 17:18:37 - data_processing - INFO -     Example 2: Speakers ['FEE029', 'FEE030'] -> Slots [0, 1], Time: 153.08s-153.81s (0.73s)
2025-12-07 17:18:37 - data_processing - INFO -     Example 3: Speakers ['FEE030', 'FEE029'] -> Slots [1, 0], Time: 200.49s-200.90s (0.41s)
2025-12-07 17:18:37 - data_processing - INFO -   [OVERLAP PROCESSING] Meeting ES2008a statistics:
2025-12-07 17:18:37 - data_processing - INFO -     - Original segments: 291
2025-12-07 17:18:37 - data_processing - INFO -     - Overlapping segments created: 83
2025-12-07 17:18:37 - data_processing - INFO -     - Overlap ratio: 28.52%
2025-12-07 17:18:37 - data_processing - INFO -     ✓ CONFIRMED: Found and processed 83 overlapping segments for meeting ES2008a
2025-12-07 17:18:37 - data_processing - INFO - Meeting ES2008b: 4 speakers mapped to slots [0, 1, 2, 3]
2025-12-07 17:18:37 - data_processing - INFO -   [OVERLAP PROCESSING] Meeting ES2008b: Adding 688 original segments...
2025-12-07 17:18:37 - data_processing - INFO -   [OVERLAP PROCESSING] Meeting ES2008b: Detecting overlapping segments...
2025-12-07 17:18:37 - data_processing - INFO -   [OVERLAP PROCESSING] Examples of overlapping segments for meeting ES2008b:
2025-12-07 17:18:37 - data_processing - INFO -     Example 1: Speakers ['FEE029', 'MEE031'] -> Slots [0, 2], Time: 89.55s-90.06s (0.51s)
2025-12-07 17:18:37 - data_processing - INFO -     Example 2: Speakers ['FEE029', 'FEE030'] -> Slots [0, 1], Time: 91.75s-92.08s (0.33s)
2025-12-07 17:18:37 - data_processing - INFO -     Example 3: Speakers ['FEE030', 'FEE029'] -> Slots [1, 0], Time: 149.74s-150.51s (0.77s)
2025-12-07 17:18:37 - data_processing - INFO -   [OVERLAP PROCESSING] Meeting ES2008b statistics:
2025-12-07 17:18:37 - data_processing - INFO -     - Original segments: 688
2025-12-07 17:18:37 - data_processing - INFO -     - Overlapping segments created: 256
2025-12-07 17:18:37 - data_processing - INFO -     - Overlap ratio: 37.21%
2025-12-07 17:18:37 - data_processing - INFO -     ✓ CONFIRMED: Found and processed 256 overlapping segments for meeting ES2008b
2025-12-07 17:18:37 - data_processing - INFO - Meeting ES2008c: 4 speakers mapped to slots [0, 1, 2, 3]
2025-12-07 17:18:37 - data_processing - INFO -   [OVERLAP PROCESSING] Meeting ES2008c: Adding 656 original segments...
2025-12-07 17:18:37 - data_processing - INFO -   [OVERLAP PROCESSING] Meeting ES2008c: Detecting overlapping segments...
2025-12-07 17:18:37 - data_processing - INFO -   [OVERLAP PROCESSING] Examples of overlapping segments for meeting ES2008c:
2025-12-07 17:18:37 - data_processing - INFO -     Example 1: Speakers ['FEE030', 'FEE029'] -> Slots [1, 0], Time: 91.68s-91.92s (0.24s)
2025-12-07 17:18:37 - data_processing - INFO -     Example 2: Speakers ['FEE029', 'FEE030'] -> Slots [0, 1], Time: 134.19s-134.96s (0.77s)
2025-12-07 17:18:37 - data_processing - INFO -     Example 3: Speakers ['FEE029', 'MEE031'] -> Slots [0, 2], Time: 138.56s-138.79s (0.23s)
2025-12-07 17:18:37 - data_processing - INFO -   [OVERLAP PROCESSING] Meeting ES2008c statistics:
2025-12-07 17:18:37 - data_processing - INFO -     - Original segments: 656
2025-12-07 17:18:37 - data_processing - INFO -     - Overlapping segments created: 333
2025-12-07 17:18:37 - data_processing - INFO -     - Overlap ratio: 50.76%
2025-12-07 17:18:37 - data_processing - INFO -     ✓ CONFIRMED: Found and processed 333 overlapping segments for meeting ES2008c
2025-12-07 17:18:37 - data_processing - INFO - Meeting ES2008d: 4 speakers mapped to slots [0, 1, 2, 3]
2025-12-07 17:18:37 - data_processing - INFO -   [OVERLAP PROCESSING] Meeting ES2008d: Adding 994 original segments...
2025-12-07 17:18:37 - data_processing - INFO -   [OVERLAP PROCESSING] Meeting ES2008d: Detecting overlapping segments...
2025-12-07 17:18:37 - data_processing - INFO -   [OVERLAP PROCESSING] Examples of overlapping segments for meeting ES2008d:
2025-12-07 17:18:37 - data_processing - INFO -     Example 1: Speakers ['FEE030', 'FEE029'] -> Slots [1, 0], Time: 187.43s-189.04s (1.61s)
2025-12-07 17:18:37 - data_processing - INFO -     Example 2: Speakers ['FEE030', 'MEE031'] -> Slots [1, 2], Time: 188.54s-189.34s (0.80s)
2025-12-07 17:18:37 - data_processing - INFO -     Example 3: Speakers ['FEE029', 'MEE031'] -> Slots [0, 2], Time: 188.54s-189.04s (0.50s)
2025-12-07 17:18:37 - data_processing - INFO -   [OVERLAP PROCESSING] Meeting ES2008d statistics:
2025-12-07 17:18:37 - data_processing - INFO -     - Original segments: 994
2025-12-07 17:18:37 - data_processing - INFO -     - Overlapping segments created: 480
2025-12-07 17:18:37 - data_processing - INFO -     - Overlap ratio: 48.29%
2025-12-07 17:18:37 - data_processing - INFO -     ✓ CONFIRMED: Found and processed 480 overlapping segments for meeting ES2008d
2025-12-07 17:18:37 - data_processing - INFO - Meeting ES2009a: 4 speakers mapped to slots [0, 1, 2, 3]
2025-12-07 17:18:37 - data_processing - INFO -   [OVERLAP PROCESSING] Meeting ES2009a: Adding 575 original segments...
2025-12-07 17:18:37 - data_processing - INFO -   [OVERLAP PROCESSING] Meeting ES2009a: Detecting overlapping segments...
2025-12-07 17:18:38 - data_processing - INFO -   [OVERLAP PROCESSING] Examples of overlapping segments for meeting ES2009a:
2025-12-07 17:18:38 - data_processing - INFO -     Example 1: Speakers ['FEE036', 'MEE035'] -> Slots [1, 2], Time: 8.27s-8.36s (0.09s)
2025-12-07 17:18:38 - data_processing - INFO -     Example 2: Speakers ['MEE035', 'FEE036'] -> Slots [2, 1], Time: 8.36s-8.90s (0.54s)
2025-12-07 17:18:38 - data_processing - INFO -     Example 3: Speakers ['MEE035', 'FEE036'] -> Slots [2, 1], Time: 11.17s-11.69s (0.52s)
2025-12-07 17:18:38 - data_processing - INFO -   [OVERLAP PROCESSING] Meeting ES2009a statistics:
2025-12-07 17:18:38 - data_processing - INFO -     - Original segments: 575
2025-12-07 17:18:38 - data_processing - INFO -     - Overlapping segments created: 327
2025-12-07 17:18:38 - data_processing - INFO -     - Overlap ratio: 56.87%
2025-12-07 17:18:38 - data_processing - INFO -     ✓ CONFIRMED: Found and processed 327 overlapping segments for meeting ES2009a
2025-12-07 17:18:38 - data_processing - INFO - Meeting ES2009b: 4 speakers mapped to slots [0, 1, 2, 3]
2025-12-07 17:18:38 - data_processing - INFO -   [OVERLAP PROCESSING] Meeting ES2009b: Adding 453 original segments...
2025-12-07 17:18:38 - data_processing - INFO -   [OVERLAP PROCESSING] Meeting ES2009b: Detecting overlapping segments...
2025-12-07 17:18:38 - data_processing - INFO -   [OVERLAP PROCESSING] Examples of overlapping segments for meeting ES2009b:
2025-12-07 17:18:38 - data_processing - INFO -     Example 1: Speakers ['MEE033', 'FEE036'] -> Slots [3, 1], Time: 29.32s-29.78s (0.46s)
2025-12-07 17:18:38 - data_processing - INFO -     Example 2: Speakers ['MEE033', 'MEE034'] -> Slots [3, 0], Time: 85.48s-86.14s (0.66s)
2025-12-07 17:18:38 - data_processing - INFO -     Example 3: Speakers ['MEE034', 'FEE036'] -> Slots [0, 1], Time: 88.21s-89.24s (1.03s)
2025-12-07 17:18:38 - data_processing - INFO -   [OVERLAP PROCESSING] Meeting ES2009b statistics:
2025-12-07 17:18:38 - data_processing - INFO -     - Original segments: 453
2025-12-07 17:18:38 - data_processing - INFO -     - Overlapping segments created: 205
2025-12-07 17:18:38 - data_processing - INFO -     - Overlap ratio: 45.25%
2025-12-07 17:18:38 - data_processing - INFO -     ✓ CONFIRMED: Found and processed 205 overlapping segments for meeting ES2009b
2025-12-07 17:18:38 - data_processing - INFO - Meeting ES2009c: 4 speakers mapped to slots [0, 1, 2, 3]
2025-12-07 17:18:38 - data_processing - INFO -   [OVERLAP PROCESSING] Meeting ES2009c: Adding 605 original segments...
2025-12-07 17:18:38 - data_processing - INFO -   [OVERLAP PROCESSING] Meeting ES2009c: Detecting overlapping segments...
2025-12-07 17:18:38 - data_processing - INFO -   [OVERLAP PROCESSING] Examples of overlapping segments for meeting ES2009c:
2025-12-07 17:18:38 - data_processing - INFO -     Example 1: Speakers ['MEE034', 'MEE033'] -> Slots [0, 3], Time: 11.94s-12.56s (0.62s)
2025-12-07 17:18:38 - data_processing - INFO -     Example 2: Speakers ['MEE034', 'FEE036'] -> Slots [0, 1], Time: 13.67s-14.09s (0.42s)
2025-12-07 17:18:38 - data_processing - INFO -     Example 3: Speakers ['MEE034', 'MEE033'] -> Slots [0, 3], Time: 14.49s-14.77s (0.28s)
2025-12-07 17:18:38 - data_processing - INFO -   [OVERLAP PROCESSING] Meeting ES2009c statistics:
2025-12-07 17:18:38 - data_processing - INFO -     - Original segments: 605
2025-12-07 17:18:38 - data_processing - INFO -     - Overlapping segments created: 283
2025-12-07 17:18:38 - data_processing - INFO -     - Overlap ratio: 46.78%
2025-12-07 17:18:38 - data_processing - INFO -     ✓ CONFIRMED: Found and processed 283 overlapping segments for meeting ES2009c
2025-12-07 17:18:38 - data_processing - INFO - Meeting ES2009d: 4 speakers mapped to slots [0, 1, 2, 3]
2025-12-07 17:18:38 - data_processing - INFO -   [OVERLAP PROCESSING] Meeting ES2009d: Adding 782 original segments...
2025-12-07 17:18:38 - data_processing - INFO -   [OVERLAP PROCESSING] Meeting ES2009d: Detecting overlapping segments...
2025-12-07 17:18:39 - data_processing - INFO -   [OVERLAP PROCESSING] Examples of overlapping segments for meeting ES2009d:
2025-12-07 17:18:39 - data_processing - INFO -     Example 1: Speakers ['FEE036', 'MEE035'] -> Slots [1, 2], Time: 38.39s-38.76s (0.37s)
2025-12-07 17:18:39 - data_processing - INFO -     Example 2: Speakers ['MEE033', 'MEE034'] -> Slots [3, 0], Time: 54.54s-56.59s (2.05s)
2025-12-07 17:18:39 - data_processing - INFO -     Example 3: Speakers ['MEE033', 'MEE034'] -> Slots [3, 0], Time: 78.76s-78.94s (0.18s)
2025-12-07 17:18:39 - data_processing - INFO -   [OVERLAP PROCESSING] Meeting ES2009d statistics:
2025-12-07 17:18:39 - data_processing - INFO -     - Original segments: 782
2025-12-07 17:18:39 - data_processing - INFO -     - Overlapping segments created: 469
2025-12-07 17:18:39 - data_processing - INFO -     - Overlap ratio: 59.97%
2025-12-07 17:18:39 - data_processing - INFO -     ✓ CONFIRMED: Found and processed 469 overlapping segments for meeting ES2009d
2025-12-07 17:18:39 - data_processing - INFO - Meeting ES2010a: 4 speakers mapped to slots [0, 1, 2, 3]
2025-12-07 17:18:39 - data_processing - INFO -   [OVERLAP PROCESSING] Meeting ES2010a: Adding 221 original segments...
2025-12-07 17:18:39 - data_processing - INFO -   [OVERLAP PROCESSING] Meeting ES2010a: Detecting overlapping segments...
2025-12-07 17:18:39 - data_processing - INFO -   [OVERLAP PROCESSING] Examples of overlapping segments for meeting ES2010a:
2025-12-07 17:18:39 - data_processing - INFO -     Example 1: Speakers ['FEE037', 'FEE040'] -> Slots [1, 2], Time: 31.73s-31.95s (0.22s)
2025-12-07 17:18:39 - data_processing - INFO -     Example 2: Speakers ['FEE037', 'FEE038'] -> Slots [1, 3], Time: 35.42s-35.53s (0.11s)
2025-12-07 17:18:39 - data_processing - INFO -     Example 3: Speakers ['FEE038', 'FEE037'] -> Slots [3, 1], Time: 35.53s-36.11s (0.58s)
2025-12-07 17:18:39 - data_processing - INFO -   [OVERLAP PROCESSING] Meeting ES2010a statistics:
2025-12-07 17:18:39 - data_processing - INFO -     - Original segments: 221
2025-12-07 17:18:39 - data_processing - INFO -     - Overlapping segments created: 87
2025-12-07 17:18:39 - data_processing - INFO -     - Overlap ratio: 39.37%
2025-12-07 17:18:39 - data_processing - INFO -     ✓ CONFIRMED: Found and processed 87 overlapping segments for meeting ES2010a
2025-12-07 17:18:39 - data_processing - INFO - Meeting ES2010b: 4 speakers mapped to slots [0, 1, 2, 3]
2025-12-07 17:18:39 - data_processing - INFO -   [OVERLAP PROCESSING] Meeting ES2010b: Adding 582 original segments...
2025-12-07 17:18:39 - data_processing - INFO -   [OVERLAP PROCESSING] Meeting ES2010b: Detecting overlapping segments...
2025-12-07 17:18:39 - data_processing - INFO -   [OVERLAP PROCESSING] Examples of overlapping segments for meeting ES2010b:
2025-12-07 17:18:39 - data_processing - INFO -     Example 1: Speakers ['FEE039', 'FEE037'] -> Slots [0, 1], Time: 190.30s-190.56s (0.26s)
2025-12-07 17:18:39 - data_processing - INFO -     Example 2: Speakers ['FEE037', 'FEE039'] -> Slots [1, 0], Time: 194.88s-194.89s (0.01s)
2025-12-07 17:18:39 - data_processing - INFO -     Example 3: Speakers ['FEE039', 'FEE037'] -> Slots [0, 1], Time: 196.58s-196.91s (0.33s)
2025-12-07 17:18:39 - data_processing - INFO -   [OVERLAP PROCESSING] Meeting ES2010b statistics:
2025-12-07 17:18:39 - data_processing - INFO -     - Original segments: 582
2025-12-07 17:18:39 - data_processing - INFO -     - Overlapping segments created: 226
2025-12-07 17:18:39 - data_processing - INFO -     - Overlap ratio: 38.83%
2025-12-07 17:18:39 - data_processing - INFO -     ✓ CONFIRMED: Found and processed 226 overlapping segments for meeting ES2010b
2025-12-07 17:18:39 - data_processing - INFO - Meeting ES2010c: 4 speakers mapped to slots [0, 1, 2, 3]
2025-12-07 17:18:39 - data_processing - INFO -   [OVERLAP PROCESSING] Meeting ES2010c: Adding 671 original segments...
2025-12-07 17:18:39 - data_processing - INFO -   [OVERLAP PROCESSING] Meeting ES2010c: Detecting overlapping segments...
2025-12-07 17:18:39 - data_processing - INFO -   [OVERLAP PROCESSING] Examples of overlapping segments for meeting ES2010c:
2025-12-07 17:18:39 - data_processing - INFO -     Example 1: Speakers ['FEE037', 'FEE040'] -> Slots [1, 2], Time: 83.11s-83.75s (0.64s)
2025-12-07 17:18:39 - data_processing - INFO -     Example 2: Speakers ['FEE040', 'FEE037'] -> Slots [2, 1], Time: 83.75s-84.12s (0.37s)
2025-12-07 17:18:39 - data_processing - INFO -     Example 3: Speakers ['FEE040', 'FEE038'] -> Slots [2, 3], Time: 142.11s-143.19s (1.08s)
2025-12-07 17:18:39 - data_processing - INFO -   [OVERLAP PROCESSING] Meeting ES2010c statistics:
2025-12-07 17:18:39 - data_processing - INFO -     - Original segments: 671
2025-12-07 17:18:39 - data_processing - INFO -     - Overlapping segments created: 350
2025-12-07 17:18:39 - data_processing - INFO -     - Overlap ratio: 52.16%
2025-12-07 17:18:39 - data_processing - INFO -     ✓ CONFIRMED: Found and processed 350 overlapping segments for meeting ES2010c
2025-12-07 17:18:39 - data_processing - INFO - Meeting ES2010d: 4 speakers mapped to slots [0, 1, 2, 3]
2025-12-07 17:18:39 - data_processing - INFO -   [OVERLAP PROCESSING] Meeting ES2010d: Adding 493 original segments...
2025-12-07 17:18:39 - data_processing - INFO -   [OVERLAP PROCESSING] Meeting ES2010d: Detecting overlapping segments...
2025-12-07 17:18:39 - data_processing - INFO -   [OVERLAP PROCESSING] Examples of overlapping segments for meeting ES2010d:
2025-12-07 17:18:39 - data_processing - INFO -     Example 1: Speakers ['FEE040', 'FEE037'] -> Slots [2, 1], Time: 9.84s-9.85s (0.01s)
2025-12-07 17:18:39 - data_processing - INFO -     Example 2: Speakers ['FEE037', 'FEE040'] -> Slots [1, 2], Time: 19.64s-19.97s (0.33s)
2025-12-07 17:18:39 - data_processing - INFO -     Example 3: Speakers ['FEE038', 'FEE039'] -> Slots [3, 0], Time: 49.82s-50.12s (0.30s)
2025-12-07 17:18:39 - data_processing - INFO -   [OVERLAP PROCESSING] Meeting ES2010d statistics:
2025-12-07 17:18:39 - data_processing - INFO -     - Original segments: 493
2025-12-07 17:18:39 - data_processing - INFO -     - Overlapping segments created: 338
2025-12-07 17:18:39 - data_processing - INFO -     - Overlap ratio: 68.56%
2025-12-07 17:18:39 - data_processing - INFO -     ✓ CONFIRMED: Found and processed 338 overlapping segments for meeting ES2010d
2025-12-07 17:18:39 - data_processing - INFO - Meeting ES2012a: 4 speakers mapped to slots [0, 1, 2, 3]
2025-12-07 17:18:39 - data_processing - INFO -   [OVERLAP PROCESSING] Meeting ES2012a: Adding 217 original segments...
2025-12-07 17:18:39 - data_processing - INFO -   [OVERLAP PROCESSING] Meeting ES2012a: Detecting overlapping segments...
2025-12-07 17:18:39 - data_processing - INFO -   [OVERLAP PROCESSING] Examples of overlapping segments for meeting ES2012a:
2025-12-07 17:18:39 - data_processing - INFO -     Example 1: Speakers ['MEE045', 'MEE048'] -> Slots [2, 1], Time: 76.26s-76.33s (0.07s)
2025-12-07 17:18:39 - data_processing - INFO -     Example 2: Speakers ['MEE045', 'FEE047'] -> Slots [2, 3], Time: 191.40s-191.96s (0.56s)
2025-12-07 17:18:39 - data_processing - INFO -     Example 3: Speakers ['MEE045', 'FEE047'] -> Slots [2, 3], Time: 211.39s-213.08s (1.69s)
2025-12-07 17:18:39 - data_processing - INFO -   [OVERLAP PROCESSING] Meeting ES2012a statistics:
2025-12-07 17:18:39 - data_processing - INFO -     - Original segments: 217
2025-12-07 17:18:39 - data_processing - INFO -     - Overlapping segments created: 83
2025-12-07 17:18:39 - data_processing - INFO -     - Overlap ratio: 38.25%
2025-12-07 17:18:39 - data_processing - INFO -     ✓ CONFIRMED: Found and processed 83 overlapping segments for meeting ES2012a
2025-12-07 17:18:39 - data_processing - INFO - Meeting ES2012b: 4 speakers mapped to slots [0, 1, 2, 3]
2025-12-07 17:18:39 - data_processing - INFO -   [OVERLAP PROCESSING] Meeting ES2012b: Adding 565 original segments...
2025-12-07 17:18:39 - data_processing - INFO -   [OVERLAP PROCESSING] Meeting ES2012b: Detecting overlapping segments...
2025-12-07 17:18:40 - data_processing - INFO -   [OVERLAP PROCESSING] Examples of overlapping segments for meeting ES2012b:
2025-12-07 17:18:40 - data_processing - INFO -     Example 1: Speakers ['MEE045', 'FEE047'] -> Slots [0, 3], Time: 75.73s-75.97s (0.24s)
2025-12-07 17:18:40 - data_processing - INFO -     Example 2: Speakers ['MEE048', 'MEE045'] -> Slots [2, 0], Time: 389.67s-390.09s (0.42s)
2025-12-07 17:18:40 - data_processing - INFO -     Example 3: Speakers ['MEE045', 'MEE048'] -> Slots [0, 2], Time: 450.78s-451.19s (0.41s)
2025-12-07 17:18:40 - data_processing - INFO -   [OVERLAP PROCESSING] Meeting ES2012b statistics:
2025-12-07 17:18:40 - data_processing - INFO -     - Original segments: 565
2025-12-07 17:18:40 - data_processing - INFO -     - Overlapping segments created: 229
2025-12-07 17:18:40 - data_processing - INFO -     - Overlap ratio: 40.53%
2025-12-07 17:18:40 - data_processing - INFO -     ✓ CONFIRMED: Found and processed 229 overlapping segments for meeting ES2012b
2025-12-07 17:18:40 - data_processing - INFO - Meeting ES2012c: 4 speakers mapped to slots [0, 1, 2, 3]
2025-12-07 17:18:40 - data_processing - INFO -   [OVERLAP PROCESSING] Meeting ES2012c: Adding 677 original segments...
2025-12-07 17:18:40 - data_processing - INFO -   [OVERLAP PROCESSING] Meeting ES2012c: Detecting overlapping segments...
2025-12-07 17:18:40 - data_processing - INFO -   [OVERLAP PROCESSING] Examples of overlapping segments for meeting ES2012c:
2025-12-07 17:18:40 - data_processing - INFO -     Example 1: Speakers ['MEE045', 'FEE046'] -> Slots [0, 1], Time: 283.46s-284.75s (1.29s)
2025-12-07 17:18:40 - data_processing - INFO -     Example 2: Speakers ['FEE046', 'MEE045'] -> Slots [1, 0], Time: 285.44s-286.01s (0.57s)
2025-12-07 17:18:40 - data_processing - INFO -     Example 3: Speakers ['MEE045', 'FEE046'] -> Slots [0, 1], Time: 290.08s-291.93s (1.85s)
2025-12-07 17:18:40 - data_processing - INFO -   [OVERLAP PROCESSING] Meeting ES2012c statistics:
2025-12-07 17:18:40 - data_processing - INFO -     - Original segments: 677
2025-12-07 17:18:40 - data_processing - INFO -     - Overlapping segments created: 423
2025-12-07 17:18:40 - data_processing - INFO -     - Overlap ratio: 62.48%
2025-12-07 17:18:40 - data_processing - INFO -     ✓ CONFIRMED: Found and processed 423 overlapping segments for meeting ES2012c
2025-12-07 17:18:40 - data_processing - INFO - Meeting ES2012d: 4 speakers mapped to slots [0, 1, 2, 3]
2025-12-07 17:18:40 - data_processing - INFO -   [OVERLAP PROCESSING] Meeting ES2012d: Adding 315 original segments...
2025-12-07 17:18:40 - data_processing - INFO -   [OVERLAP PROCESSING] Meeting ES2012d: Detecting overlapping segments...
2025-12-07 17:18:40 - data_processing - INFO -   [OVERLAP PROCESSING] Examples of overlapping segments for meeting ES2012d:
2025-12-07 17:18:40 - data_processing - INFO -     Example 1: Speakers ['FEE046', 'MEE045'] -> Slots [1, 0], Time: 89.25s-89.27s (0.02s)
2025-12-07 17:18:40 - data_processing - INFO -     Example 2: Speakers ['FEE046', 'MEE045'] -> Slots [1, 0], Time: 97.95s-98.28s (0.33s)
2025-12-07 17:18:40 - data_processing - INFO -     Example 3: Speakers ['MEE045', 'FEE046'] -> Slots [0, 1], Time: 98.28s-100.84s (2.56s)
2025-12-07 17:18:40 - data_processing - INFO -   [OVERLAP PROCESSING] Meeting ES2012d statistics:
2025-12-07 17:18:40 - data_processing - INFO -     - Original segments: 315
2025-12-07 17:18:40 - data_processing - INFO -     - Overlapping segments created: 215
2025-12-07 17:18:40 - data_processing - INFO -     - Overlap ratio: 68.25%
2025-12-07 17:18:40 - data_processing - INFO -     ✓ CONFIRMED: Found and processed 215 overlapping segments for meeting ES2012d
2025-12-07 17:18:40 - data_processing - INFO - Meeting ES2013a: 4 speakers mapped to slots [0, 1, 2, 3]
2025-12-07 17:18:40 - data_processing - INFO -   [OVERLAP PROCESSING] Meeting ES2013a: Adding 208 original segments...
2025-12-07 17:18:40 - data_processing - INFO -   [OVERLAP PROCESSING] Meeting ES2013a: Detecting overlapping segments...
2025-12-07 17:18:40 - data_processing - INFO -   [OVERLAP PROCESSING] Examples of overlapping segments for meeting ES2013a:
2025-12-07 17:18:40 - data_processing - INFO -     Example 1: Speakers ['FEE049', 'FEE050'] -> Slots [2, 3], Time: 188.01s-190.79s (2.78s)
2025-12-07 17:18:40 - data_processing - INFO -     Example 2: Speakers ['FEE050', 'FEE049'] -> Slots [3, 2], Time: 217.81s-221.76s (3.95s)
2025-12-07 17:18:40 - data_processing - INFO -     Example 3: Speakers ['FEE051', 'FEE050'] -> Slots [1, 3], Time: 232.38s-232.44s (0.06s)
2025-12-07 17:18:40 - data_processing - INFO -   [OVERLAP PROCESSING] Meeting ES2013a statistics:
2025-12-07 17:18:40 - data_processing - INFO -     - Original segments: 208
2025-12-07 17:18:40 - data_processing - INFO -     - Overlapping segments created: 64
2025-12-07 17:18:40 - data_processing - INFO -     - Overlap ratio: 30.77%
2025-12-07 17:18:40 - data_processing - INFO -     ✓ CONFIRMED: Found and processed 64 overlapping segments for meeting ES2013a
2025-12-07 17:18:40 - data_processing - INFO - Meeting ES2013b: 4 speakers mapped to slots [0, 1, 2, 3]
2025-12-07 17:18:40 - data_processing - INFO -   [OVERLAP PROCESSING] Meeting ES2013b: Adding 574 original segments...
2025-12-07 17:18:40 - data_processing - INFO -   [OVERLAP PROCESSING] Meeting ES2013b: Detecting overlapping segments...
2025-12-07 17:18:40 - data_processing - INFO -   [OVERLAP PROCESSING] Examples of overlapping segments for meeting ES2013b:
2025-12-07 17:18:40 - data_processing - INFO -     Example 1: Speakers ['FEE049', 'FEE051'] -> Slots [2, 1], Time: 78.66s-79.09s (0.43s)
2025-12-07 17:18:40 - data_processing - INFO -     Example 2: Speakers ['FEE049', 'FEE050'] -> Slots [2, 3], Time: 78.95s-79.38s (0.43s)
2025-12-07 17:18:40 - data_processing - INFO -     Example 3: Speakers ['FEE051', 'FEE050'] -> Slots [1, 3], Time: 78.95s-79.09s (0.14s)
2025-12-07 17:18:40 - data_processing - INFO -   [OVERLAP PROCESSING] Meeting ES2013b statistics:
2025-12-07 17:18:40 - data_processing - INFO -     - Original segments: 574
2025-12-07 17:18:40 - data_processing - INFO -     - Overlapping segments created: 235
2025-12-07 17:18:40 - data_processing - INFO -     - Overlap ratio: 40.94%
2025-12-07 17:18:40 - data_processing - INFO -     ✓ CONFIRMED: Found and processed 235 overlapping segments for meeting ES2013b
2025-12-07 17:18:40 - data_processing - INFO - Meeting ES2013c: 4 speakers mapped to slots [0, 1, 2, 3]
2025-12-07 17:18:40 - data_processing - INFO -   [OVERLAP PROCESSING] Meeting ES2013c: Adding 620 original segments...
2025-12-07 17:18:40 - data_processing - INFO -   [OVERLAP PROCESSING] Meeting ES2013c: Detecting overlapping segments...
2025-12-07 17:18:40 - data_processing - INFO -   [OVERLAP PROCESSING] Examples of overlapping segments for meeting ES2013c:
2025-12-07 17:18:40 - data_processing - INFO -     Example 1: Speakers ['FEE049', 'FEE050'] -> Slots [2, 3], Time: 57.20s-57.44s (0.24s)
2025-12-07 17:18:40 - data_processing - INFO -     Example 2: Speakers ['FEE050', 'FEE049'] -> Slots [3, 2], Time: 57.44s-59.49s (2.05s)
2025-12-07 17:18:40 - data_processing - INFO -     Example 3: Speakers ['FEE049', 'FEE051'] -> Slots [2, 1], Time: 259.24s-259.47s (0.23s)
2025-12-07 17:18:40 - data_processing - INFO -   [OVERLAP PROCESSING] Meeting ES2013c statistics:
2025-12-07 17:18:40 - data_processing - INFO -     - Original segments: 620
2025-12-07 17:18:40 - data_processing - INFO -     - Overlapping segments created: 233
2025-12-07 17:18:40 - data_processing - INFO -     - Overlap ratio: 37.58%
2025-12-07 17:18:40 - data_processing - INFO -     ✓ CONFIRMED: Found and processed 233 overlapping segments for meeting ES2013c
2025-12-07 17:18:40 - data_processing - INFO - Meeting ES2013d: 4 speakers mapped to slots [0, 1, 2, 3]
2025-12-07 17:18:40 - data_processing - INFO -   [OVERLAP PROCESSING] Meeting ES2013d: Adding 575 original segments...
2025-12-07 17:18:40 - data_processing - INFO -   [OVERLAP PROCESSING] Meeting ES2013d: Detecting overlapping segments...
2025-12-07 17:18:41 - data_processing - INFO -   [OVERLAP PROCESSING] Examples of overlapping segments for meeting ES2013d:
2025-12-07 17:18:41 - data_processing - INFO -     Example 1: Speakers ['FEE049', 'FEE052'] -> Slots [2, 0], Time: 186.63s-186.87s (0.24s)
2025-12-07 17:18:41 - data_processing - INFO -     Example 2: Speakers ['FEE049', 'FEE051'] -> Slots [2, 1], Time: 332.90s-333.15s (0.25s)
2025-12-07 17:18:41 - data_processing - INFO -     Example 3: Speakers ['FEE049', 'FEE050'] -> Slots [2, 3], Time: 333.30s-333.57s (0.27s)
2025-12-07 17:18:41 - data_processing - INFO -   [OVERLAP PROCESSING] Meeting ES2013d statistics:
2025-12-07 17:18:41 - data_processing - INFO -     - Original segments: 575
2025-12-07 17:18:41 - data_processing - INFO -     - Overlapping segments created: 230
2025-12-07 17:18:41 - data_processing - INFO -     - Overlap ratio: 40.00%
2025-12-07 17:18:41 - data_processing - INFO -     ✓ CONFIRMED: Found and processed 230 overlapping segments for meeting ES2013d
2025-12-07 17:18:41 - data_processing - INFO - Meeting ES2014a: 4 speakers mapped to slots [0, 1, 2, 3]
2025-12-07 17:18:41 - data_processing - INFO -   [OVERLAP PROCESSING] Meeting ES2014a: Adding 290 original segments...
2025-12-07 17:18:41 - data_processing - INFO -   [OVERLAP PROCESSING] Meeting ES2014a: Detecting overlapping segments...
2025-12-07 17:18:41 - data_processing - INFO -   [OVERLAP PROCESSING] Examples of overlapping segments for meeting ES2014a:
2025-12-07 17:18:41 - data_processing - INFO -     Example 1: Speakers ['MEE053', 'MEE056'] -> Slots [2, 1], Time: 76.13s-76.40s (0.27s)
2025-12-07 17:18:41 - data_processing - INFO -     Example 2: Speakers ['MEE053', 'MEE054'] -> Slots [2, 3], Time: 91.88s-92.33s (0.45s)
2025-12-07 17:18:41 - data_processing - INFO -     Example 3: Speakers ['MEE053', 'MEE056'] -> Slots [2, 1], Time: 102.98s-103.47s (0.49s)
2025-12-07 17:18:41 - data_processing - INFO -   [OVERLAP PROCESSING] Meeting ES2014a statistics:
2025-12-07 17:18:41 - data_processing - INFO -     - Original segments: 290
2025-12-07 17:18:41 - data_processing - INFO -     - Overlapping segments created: 86
2025-12-07 17:18:41 - data_processing - INFO -     - Overlap ratio: 29.66%
2025-12-07 17:18:41 - data_processing - INFO -     ✓ CONFIRMED: Found and processed 86 overlapping segments for meeting ES2014a
2025-12-07 17:18:41 - data_processing - INFO - Meeting ES2014b: 4 speakers mapped to slots [0, 1, 2, 3]
2025-12-07 17:18:41 - data_processing - INFO -   [OVERLAP PROCESSING] Meeting ES2014b: Adding 719 original segments...
2025-12-07 17:18:41 - data_processing - INFO -   [OVERLAP PROCESSING] Meeting ES2014b: Detecting overlapping segments...
2025-12-07 17:18:41 - data_processing - INFO -   [OVERLAP PROCESSING] Examples of overlapping segments for meeting ES2014b:
2025-12-07 17:18:41 - data_processing - INFO -     Example 1: Speakers ['MEE054', 'FEE055'] -> Slots [3, 0], Time: 134.08s-134.22s (0.14s)
2025-12-07 17:18:41 - data_processing - INFO -     Example 2: Speakers ['MEE054', 'MEE056'] -> Slots [3, 1], Time: 134.19s-134.41s (0.22s)
2025-12-07 17:18:41 - data_processing - INFO -     Example 3: Speakers ['FEE055', 'MEE056'] -> Slots [0, 1], Time: 134.19s-134.22s (0.03s)
2025-12-07 17:18:41 - data_processing - INFO -   [OVERLAP PROCESSING] Meeting ES2014b statistics:
2025-12-07 17:18:41 - data_processing - INFO -     - Original segments: 719
2025-12-07 17:18:41 - data_processing - INFO -     - Overlapping segments created: 329
2025-12-07 17:18:41 - data_processing - INFO -     - Overlap ratio: 45.76%
2025-12-07 17:18:41 - data_processing - INFO -     ✓ CONFIRMED: Found and processed 329 overlapping segments for meeting ES2014b
2025-12-07 17:18:41 - data_processing - INFO - Meeting ES2014c: 4 speakers mapped to slots [0, 1, 2, 3]
2025-12-07 17:18:41 - data_processing - INFO -   [OVERLAP PROCESSING] Meeting ES2014c: Adding 755 original segments...
2025-12-07 17:18:41 - data_processing - INFO -   [OVERLAP PROCESSING] Meeting ES2014c: Detecting overlapping segments...
2025-12-07 17:18:41 - data_processing - INFO -   [OVERLAP PROCESSING] Examples of overlapping segments for meeting ES2014c:
2025-12-07 17:18:41 - data_processing - INFO -     Example 1: Speakers ['MEE054', 'MEE053'] -> Slots [3, 2], Time: 233.87s-234.23s (0.36s)
2025-12-07 17:18:41 - data_processing - INFO -     Example 2: Speakers ['MEE054', 'MEE056'] -> Slots [3, 1], Time: 234.29s-234.48s (0.19s)
2025-12-07 17:18:41 - data_processing - INFO -     Example 3: Speakers ['MEE053', 'MEE054'] -> Slots [2, 3], Time: 235.79s-237.38s (1.59s)
2025-12-07 17:18:41 - data_processing - INFO -   [OVERLAP PROCESSING] Meeting ES2014c statistics:
2025-12-07 17:18:41 - data_processing - INFO -     - Original segments: 755
2025-12-07 17:18:41 - data_processing - INFO -     - Overlapping segments created: 397
2025-12-07 17:18:41 - data_processing - INFO -     - Overlap ratio: 52.58%
2025-12-07 17:18:41 - data_processing - INFO -     ✓ CONFIRMED: Found and processed 397 overlapping segments for meeting ES2014c
2025-12-07 17:18:41 - data_processing - INFO - Meeting ES2014d: 4 speakers mapped to slots [0, 1, 2, 3]
2025-12-07 17:18:41 - data_processing - INFO -   [OVERLAP PROCESSING] Meeting ES2014d: Adding 1047 original segments...
2025-12-07 17:18:41 - data_processing - INFO -   [OVERLAP PROCESSING] Meeting ES2014d: Detecting overlapping segments...
2025-12-07 17:18:42 - data_processing - INFO -   [OVERLAP PROCESSING] Examples of overlapping segments for meeting ES2014d:
2025-12-07 17:18:42 - data_processing - INFO -     Example 1: Speakers ['MEE053', 'MEE056'] -> Slots [2, 1], Time: 21.83s-21.88s (0.05s)
2025-12-07 17:18:42 - data_processing - INFO -     Example 2: Speakers ['MEE056', 'FEE055'] -> Slots [1, 0], Time: 82.18s-82.67s (0.49s)
2025-12-07 17:18:42 - data_processing - INFO -     Example 3: Speakers ['FEE055', 'MEE056'] -> Slots [0, 1], Time: 84.68s-85.28s (0.60s)
2025-12-07 17:18:42 - data_processing - INFO -   [OVERLAP PROCESSING] Meeting ES2014d statistics:
2025-12-07 17:18:42 - data_processing - INFO -     - Original segments: 1047
2025-12-07 17:18:42 - data_processing - INFO -     - Overlapping segments created: 511
2025-12-07 17:18:42 - data_processing - INFO -     - Overlap ratio: 48.81%
2025-12-07 17:18:42 - data_processing - INFO -     ✓ CONFIRMED: Found and processed 511 overlapping segments for meeting ES2014d
2025-12-07 17:18:42 - data_processing - INFO - Meeting ES2015a: 4 speakers mapped to slots [0, 1, 2, 3]
2025-12-07 17:18:42 - data_processing - INFO -   [OVERLAP PROCESSING] Meeting ES2015a: Adding 330 original segments...
2025-12-07 17:18:42 - data_processing - INFO -   [OVERLAP PROCESSING] Meeting ES2015a: Detecting overlapping segments...
2025-12-07 17:18:42 - data_processing - INFO -   [OVERLAP PROCESSING] Examples of overlapping segments for meeting ES2015a:
2025-12-07 17:18:42 - data_processing - INFO -     Example 1: Speakers ['FEE060', 'FEE057'] -> Slots [0, 3], Time: 86.81s-87.42s (0.61s)
2025-12-07 17:18:42 - data_processing - INFO -     Example 2: Speakers ['FEE057', 'FEE060'] -> Slots [3, 0], Time: 87.42s-87.68s (0.26s)
2025-12-07 17:18:42 - data_processing - INFO -     Example 3: Speakers ['FEE060', 'FEE057'] -> Slots [0, 3], Time: 87.68s-88.15s (0.47s)
2025-12-07 17:18:42 - data_processing - INFO -   [OVERLAP PROCESSING] Meeting ES2015a statistics:
2025-12-07 17:18:42 - data_processing - INFO -     - Original segments: 330
2025-12-07 17:18:42 - data_processing - INFO -     - Overlapping segments created: 152
2025-12-07 17:18:42 - data_processing - INFO -     - Overlap ratio: 46.06%
2025-12-07 17:18:42 - data_processing - INFO -     ✓ CONFIRMED: Found and processed 152 overlapping segments for meeting ES2015a
2025-12-07 17:18:42 - data_processing - INFO - Meeting ES2015b: 4 speakers mapped to slots [0, 1, 2, 3]
2025-12-07 17:18:42 - data_processing - INFO -   [OVERLAP PROCESSING] Meeting ES2015b: Adding 952 original segments...
2025-12-07 17:18:42 - data_processing - INFO -   [OVERLAP PROCESSING] Meeting ES2015b: Detecting overlapping segments...
2025-12-07 17:18:42 - data_processing - INFO -   [OVERLAP PROCESSING] Examples of overlapping segments for meeting ES2015b:
2025-12-07 17:18:42 - data_processing - INFO -     Example 1: Speakers ['FEE058', 'FEE057'] -> Slots [1, 3], Time: 100.85s-101.85s (1.00s)
2025-12-07 17:18:42 - data_processing - INFO -     Example 2: Speakers ['FEE058', 'FEE057'] -> Slots [1, 3], Time: 101.85s-102.51s (0.66s)
2025-12-07 17:18:42 - data_processing - INFO -     Example 3: Speakers ['FEE059', 'FEE058'] -> Slots [2, 1], Time: 105.29s-105.91s (0.62s)
2025-12-07 17:18:42 - data_processing - INFO -   [OVERLAP PROCESSING] Meeting ES2015b statistics:
2025-12-07 17:18:42 - data_processing - INFO -     - Original segments: 952
2025-12-07 17:18:42 - data_processing - INFO -     - Overlapping segments created: 616
2025-12-07 17:18:42 - data_processing - INFO -     - Overlap ratio: 64.71%
2025-12-07 17:18:42 - data_processing - INFO -     ✓ CONFIRMED: Found and processed 616 overlapping segments for meeting ES2015b
2025-12-07 17:18:42 - data_processing - INFO - Meeting ES2015c: 4 speakers mapped to slots [0, 1, 2, 3]
2025-12-07 17:18:42 - data_processing - INFO -   [OVERLAP PROCESSING] Meeting ES2015c: Adding 912 original segments...
2025-12-07 17:18:42 - data_processing - INFO -   [OVERLAP PROCESSING] Meeting ES2015c: Detecting overlapping segments...
2025-12-07 17:18:43 - data_processing - INFO -   [OVERLAP PROCESSING] Examples of overlapping segments for meeting ES2015c:
2025-12-07 17:18:43 - data_processing - INFO -     Example 1: Speakers ['FEE057', 'FEE058'] -> Slots [3, 1], Time: 40.47s-41.72s (1.25s)
2025-12-07 17:18:43 - data_processing - INFO -     Example 2: Speakers ['FEE057', 'FEE060'] -> Slots [3, 0], Time: 40.55s-41.60s (1.05s)
2025-12-07 17:18:43 - data_processing - INFO -     Example 3: Speakers ['FEE057', 'FEE059'] -> Slots [3, 2], Time: 41.05s-41.44s (0.39s)
2025-12-07 17:18:43 - data_processing - INFO -   [OVERLAP PROCESSING] Meeting ES2015c statistics:
2025-12-07 17:18:43 - data_processing - INFO -     - Original segments: 912
2025-12-07 17:18:43 - data_processing - INFO -     - Overlapping segments created: 577
2025-12-07 17:18:43 - data_processing - INFO -     - Overlap ratio: 63.27%
2025-12-07 17:18:43 - data_processing - INFO -     ✓ CONFIRMED: Found and processed 577 overlapping segments for meeting ES2015c
2025-12-07 17:18:43 - data_processing - INFO - Meeting ES2015d: 4 speakers mapped to slots [0, 1, 2, 3]
2025-12-07 17:18:43 - data_processing - INFO -   [OVERLAP PROCESSING] Meeting ES2015d: Adding 1078 original segments...
2025-12-07 17:18:43 - data_processing - INFO -   [OVERLAP PROCESSING] Meeting ES2015d: Detecting overlapping segments...
2025-12-07 17:18:44 - data_processing - INFO -   [OVERLAP PROCESSING] Examples of overlapping segments for meeting ES2015d:
2025-12-07 17:18:44 - data_processing - INFO -     Example 1: Speakers ['FEE057', 'FEE058'] -> Slots [3, 1], Time: 103.54s-104.06s (0.52s)
2025-12-07 17:18:44 - data_processing - INFO -     Example 2: Speakers ['FEE058', 'FEE057'] -> Slots [1, 3], Time: 104.06s-104.11s (0.05s)
2025-12-07 17:18:44 - data_processing - INFO -     Example 3: Speakers ['FEE057', 'FEE058'] -> Slots [3, 1], Time: 110.77s-111.33s (0.56s)
2025-12-07 17:18:44 - data_processing - INFO -   [OVERLAP PROCESSING] Meeting ES2015d statistics:
2025-12-07 17:18:44 - data_processing - INFO -     - Original segments: 1078
2025-12-07 17:18:44 - data_processing - INFO -     - Overlapping segments created: 905
2025-12-07 17:18:44 - data_processing - INFO -     - Overlap ratio: 83.95%
2025-12-07 17:18:44 - data_processing - INFO -     ✓ CONFIRMED: Found and processed 905 overlapping segments for meeting ES2015d
2025-12-07 17:18:44 - data_processing - INFO - Meeting ES2016a: 4 speakers mapped to slots [0, 1, 2, 3]
2025-12-07 17:18:44 - data_processing - INFO -   [OVERLAP PROCESSING] Meeting ES2016a: Adding 360 original segments...
2025-12-07 17:18:44 - data_processing - INFO -   [OVERLAP PROCESSING] Meeting ES2016a: Detecting overlapping segments...
2025-12-07 17:18:44 - data_processing - INFO -   [OVERLAP PROCESSING] Examples of overlapping segments for meeting ES2016a:
2025-12-07 17:18:44 - data_processing - INFO -     Example 1: Speakers ['MEE061', 'FEE064'] -> Slots [1, 3], Time: 63.80s-64.54s (0.74s)
2025-12-07 17:18:44 - data_processing - INFO -     Example 2: Speakers ['MEO062', 'MEE063'] -> Slots [2, 0], Time: 202.18s-202.58s (0.40s)
2025-12-07 17:18:44 - data_processing - INFO -     Example 3: Speakers ['MEO062', 'MEE061'] -> Slots [2, 1], Time: 221.21s-221.77s (0.56s)
2025-12-07 17:18:44 - data_processing - INFO -   [OVERLAP PROCESSING] Meeting ES2016a statistics:
2025-12-07 17:18:44 - data_processing - INFO -     - Original segments: 360
2025-12-07 17:18:44 - data_processing - INFO -     - Overlapping segments created: 123
2025-12-07 17:18:44 - data_processing - INFO -     - Overlap ratio: 34.17%
2025-12-07 17:18:44 - data_processing - INFO -     ✓ CONFIRMED: Found and processed 123 overlapping segments for meeting ES2016a
2025-12-07 17:18:44 - data_processing - INFO - Meeting ES2016b: 4 speakers mapped to slots [0, 1, 2, 3]
2025-12-07 17:18:44 - data_processing - INFO -   [OVERLAP PROCESSING] Meeting ES2016b: Adding 661 original segments...
2025-12-07 17:18:44 - data_processing - INFO -   [OVERLAP PROCESSING] Meeting ES2016b: Detecting overlapping segments...
2025-12-07 17:18:44 - data_processing - INFO -   [OVERLAP PROCESSING] Examples of overlapping segments for meeting ES2016b:
2025-12-07 17:18:44 - data_processing - INFO -     Example 1: Speakers ['MEE061', 'FEE064'] -> Slots [1, 3], Time: 50.65s-51.02s (0.37s)
2025-12-07 17:18:44 - data_processing - INFO -     Example 2: Speakers ['MEE063', 'MEE061'] -> Slots [0, 1], Time: 68.61s-69.28s (0.67s)
2025-12-07 17:18:44 - data_processing - INFO -     Example 3: Speakers ['MEE061', 'MEE063'] -> Slots [1, 0], Time: 69.28s-70.43s (1.15s)
2025-12-07 17:18:44 - data_processing - INFO -   [OVERLAP PROCESSING] Meeting ES2016b statistics:
2025-12-07 17:18:44 - data_processing - INFO -     - Original segments: 661
2025-12-07 17:18:44 - data_processing - INFO -     - Overlapping segments created: 171
2025-12-07 17:18:44 - data_processing - INFO -     - Overlap ratio: 25.87%
2025-12-07 17:18:44 - data_processing - INFO -     ✓ CONFIRMED: Found and processed 171 overlapping segments for meeting ES2016b
2025-12-07 17:18:44 - data_processing - INFO - Meeting ES2016c: 4 speakers mapped to slots [0, 1, 2, 3]
2025-12-07 17:18:44 - data_processing - INFO -   [OVERLAP PROCESSING] Meeting ES2016c: Adding 562 original segments...
2025-12-07 17:18:44 - data_processing - INFO -   [OVERLAP PROCESSING] Meeting ES2016c: Detecting overlapping segments...
2025-12-07 17:18:44 - data_processing - INFO -   [OVERLAP PROCESSING] Examples of overlapping segments for meeting ES2016c:
2025-12-07 17:18:44 - data_processing - INFO -     Example 1: Speakers ['MEE061', 'FEE064'] -> Slots [1, 3], Time: 74.13s-76.29s (2.16s)
2025-12-07 17:18:44 - data_processing - INFO -     Example 2: Speakers ['MEE061', 'MEE063'] -> Slots [1, 0], Time: 75.73s-75.98s (0.25s)
2025-12-07 17:18:44 - data_processing - INFO -     Example 3: Speakers ['FEE064', 'MEE063'] -> Slots [3, 0], Time: 75.73s-75.98s (0.25s)
2025-12-07 17:18:44 - data_processing - INFO -   [OVERLAP PROCESSING] Meeting ES2016c statistics:
2025-12-07 17:18:44 - data_processing - INFO -     - Original segments: 562
2025-12-07 17:18:44 - data_processing - INFO -     - Overlapping segments created: 162
2025-12-07 17:18:44 - data_processing - INFO -     - Overlap ratio: 28.83%
2025-12-07 17:18:44 - data_processing - INFO -     ✓ CONFIRMED: Found and processed 162 overlapping segments for meeting ES2016c
2025-12-07 17:18:44 - data_processing - INFO - Meeting ES2016d: 4 speakers mapped to slots [0, 1, 2, 3]
2025-12-07 17:18:44 - data_processing - INFO -   [OVERLAP PROCESSING] Meeting ES2016d: Adding 623 original segments...
2025-12-07 17:18:44 - data_processing - INFO -   [OVERLAP PROCESSING] Meeting ES2016d: Detecting overlapping segments...
2025-12-07 17:18:44 - data_processing - INFO -   [OVERLAP PROCESSING] Examples of overlapping segments for meeting ES2016d:
2025-12-07 17:18:44 - data_processing - INFO -     Example 1: Speakers ['MEO062', 'MEE063'] -> Slots [2, 0], Time: 185.89s-187.82s (1.93s)
2025-12-07 17:18:44 - data_processing - INFO -     Example 2: Speakers ['MEE063', 'MEE061'] -> Slots [0, 1], Time: 225.01s-225.62s (0.61s)
2025-12-07 17:18:44 - data_processing - INFO -     Example 3: Speakers ['MEE063', 'MEO062'] -> Slots [0, 2], Time: 264.70s-265.20s (0.50s)
2025-12-07 17:18:44 - data_processing - INFO -   [OVERLAP PROCESSING] Meeting ES2016d statistics:
2025-12-07 17:18:44 - data_processing - INFO -     - Original segments: 623
2025-12-07 17:18:44 - data_processing - INFO -     - Overlapping segments created: 267
2025-12-07 17:18:44 - data_processing - INFO -     - Overlap ratio: 42.86%
2025-12-07 17:18:44 - data_processing - INFO -     ✓ CONFIRMED: Found and processed 267 overlapping segments for meeting ES2016d
2025-12-07 17:18:44 - data_processing - INFO - Meeting IB4005: 4 speakers mapped to slots [0, 1, 2, 3]
2025-12-07 17:18:44 - data_processing - INFO -   [OVERLAP PROCESSING] Meeting IB4005: Adding 866 original segments...
2025-12-07 17:18:44 - data_processing - INFO -   [OVERLAP PROCESSING] Meeting IB4005: Detecting overlapping segments...
2025-12-07 17:18:45 - data_processing - INFO -   [OVERLAP PROCESSING] Examples of overlapping segments for meeting IB4005:
2025-12-07 17:18:45 - data_processing - INFO -     Example 1: Speakers ['FIE038', 'MIE032'] -> Slots [0, 3], Time: 9.86s-9.97s (0.11s)
2025-12-07 17:18:45 - data_processing - INFO -     Example 2: Speakers ['MIE032', 'FIE038'] -> Slots [3, 0], Time: 9.97s-10.23s (0.26s)
2025-12-07 17:18:45 - data_processing - INFO -     Example 3: Speakers ['FIE038', 'MIE032'] -> Slots [0, 3], Time: 27.16s-27.45s (0.29s)
2025-12-07 17:18:45 - data_processing - INFO -   [OVERLAP PROCESSING] Meeting IB4005 statistics:
2025-12-07 17:18:45 - data_processing - INFO -     - Original segments: 866
2025-12-07 17:18:45 - data_processing - INFO -     - Overlapping segments created: 492
2025-12-07 17:18:45 - data_processing - INFO -     - Overlap ratio: 56.81%
2025-12-07 17:18:45 - data_processing - INFO -     ✓ CONFIRMED: Found and processed 492 overlapping segments for meeting IB4005
2025-12-07 17:18:45 - data_processing - INFO - Meeting IN1001: 3 speakers mapped to slots [0, 1, 2]
2025-12-07 17:18:45 - data_processing - INFO -   [OVERLAP PROCESSING] Meeting IN1001: Adding 1311 original segments...
2025-12-07 17:18:45 - data_processing - INFO -   [OVERLAP PROCESSING] Meeting IN1001: Detecting overlapping segments...
2025-12-07 17:18:45 - data_processing - INFO -   [OVERLAP PROCESSING] Examples of overlapping segments for meeting IN1001:
2025-12-07 17:18:45 - data_processing - INFO -     Example 1: Speakers ['MIO024', 'MIO016'] -> Slots [2, 1], Time: 94.94s-95.23s (0.29s)
2025-12-07 17:18:45 - data_processing - INFO -     Example 2: Speakers ['MIO024', 'MIO066'] -> Slots [2, 0], Time: 106.79s-106.97s (0.18s)
2025-12-07 17:18:45 - data_processing - INFO -     Example 3: Speakers ['MIO024', 'MIO016'] -> Slots [2, 1], Time: 115.14s-115.49s (0.35s)
2025-12-07 17:18:45 - data_processing - INFO -   [OVERLAP PROCESSING] Meeting IN1001 statistics:
2025-12-07 17:18:45 - data_processing - INFO -     - Original segments: 1311
2025-12-07 17:18:45 - data_processing - INFO -     - Overlapping segments created: 951
2025-12-07 17:18:45 - data_processing - INFO -     - Overlap ratio: 72.54%
2025-12-07 17:18:45 - data_processing - INFO -     ✓ CONFIRMED: Found and processed 951 overlapping segments for meeting IN1001
2025-12-07 17:18:45 - data_processing - INFO - Meeting IN1002: 4 speakers mapped to slots [0, 1, 2, 3]
2025-12-07 17:18:45 - data_processing - INFO -   [OVERLAP PROCESSING] Meeting IN1002: Adding 941 original segments...
2025-12-07 17:18:45 - data_processing - INFO -   [OVERLAP PROCESSING] Meeting IN1002: Detecting overlapping segments...
2025-12-07 17:18:46 - data_processing - INFO -   [OVERLAP PROCESSING] Examples of overlapping segments for meeting IN1002:
2025-12-07 17:18:46 - data_processing - INFO -     Example 1: Speakers ['MIO078', 'MIO022'] -> Slots [2, 3], Time: 38.72s-38.90s (0.18s)
2025-12-07 17:18:46 - data_processing - INFO -     Example 2: Speakers ['MIO022', 'MIO050'] -> Slots [3, 0], Time: 49.23s-49.44s (0.21s)
2025-12-07 17:18:46 - data_processing - INFO -     Example 3: Speakers ['MIO022', 'MIO078'] -> Slots [3, 2], Time: 75.00s-77.03s (2.03s)
2025-12-07 17:18:46 - data_processing - INFO -   [OVERLAP PROCESSING] Meeting IN1002 statistics:
2025-12-07 17:18:46 - data_processing - INFO -     - Original segments: 941
2025-12-07 17:18:46 - data_processing - INFO -     - Overlapping segments created: 665
2025-12-07 17:18:46 - data_processing - INFO -     - Overlap ratio: 70.67%
2025-12-07 17:18:46 - data_processing - INFO -     ✓ CONFIRMED: Found and processed 665 overlapping segments for meeting IN1002
2025-12-07 17:18:46 - data_processing - INFO - Meeting IN1005: 4 speakers mapped to slots [0, 1, 2, 3]
2025-12-07 17:18:46 - data_processing - INFO -   [OVERLAP PROCESSING] Meeting IN1005: Adding 858 original segments...
2025-12-07 17:18:46 - data_processing - INFO -   [OVERLAP PROCESSING] Meeting IN1005: Detecting overlapping segments...
2025-12-07 17:18:46 - data_processing - INFO -   [OVERLAP PROCESSING] Examples of overlapping segments for meeting IN1005:
2025-12-07 17:18:46 - data_processing - INFO -     Example 1: Speakers ['MIE080', 'MIO023'] -> Slots [0, 1], Time: 38.88s-39.11s (0.23s)
2025-12-07 17:18:46 - data_processing - INFO -     Example 2: Speakers ['MIE080', 'MIO023'] -> Slots [0, 1], Time: 41.24s-41.72s (0.48s)
2025-12-07 17:18:46 - data_processing - INFO -     Example 3: Speakers ['MIO023', 'MIO043'] -> Slots [1, 3], Time: 41.87s-42.12s (0.25s)
2025-12-07 17:18:46 - data_processing - INFO -   [OVERLAP PROCESSING] Meeting IN1005 statistics:
2025-12-07 17:18:46 - data_processing - INFO -     - Original segments: 858
2025-12-07 17:18:46 - data_processing - INFO -     - Overlapping segments created: 547
2025-12-07 17:18:46 - data_processing - INFO -     - Overlap ratio: 63.75%
2025-12-07 17:18:46 - data_processing - INFO -     ✓ CONFIRMED: Found and processed 547 overlapping segments for meeting IN1005
2025-12-07 17:18:46 - data_processing - INFO - Meeting IN1007: 4 speakers mapped to slots [0, 1, 2, 3]
2025-12-07 17:18:46 - data_processing - INFO -   [OVERLAP PROCESSING] Meeting IN1007: Adding 1242 original segments...
2025-12-07 17:18:46 - data_processing - INFO -   [OVERLAP PROCESSING] Meeting IN1007: Detecting overlapping segments...
2025-12-07 17:18:47 - data_processing - INFO -   [OVERLAP PROCESSING] Examples of overlapping segments for meeting IN1007:
2025-12-07 17:18:47 - data_processing - INFO -     Example 1: Speakers ['MIO098', 'MIO077'] -> Slots [1, 2], Time: 27.94s-29.75s (1.81s)
2025-12-07 17:18:47 - data_processing - INFO -     Example 2: Speakers ['MIO098', 'MIO097'] -> Slots [1, 3], Time: 31.08s-33.04s (1.96s)
2025-12-07 17:18:47 - data_processing - INFO -     Example 3: Speakers ['MIO098', 'MIO106'] -> Slots [1, 0], Time: 32.75s-33.04s (0.29s)
2025-12-07 17:18:47 - data_processing - INFO -   [OVERLAP PROCESSING] Meeting IN1007 statistics:
2025-12-07 17:18:47 - data_processing - INFO -     - Original segments: 1242
2025-12-07 17:18:47 - data_processing - INFO -     - Overlapping segments created: 991
2025-12-07 17:18:47 - data_processing - INFO -     - Overlap ratio: 79.79%
2025-12-07 17:18:47 - data_processing - INFO -     ✓ CONFIRMED: Found and processed 991 overlapping segments for meeting IN1007
2025-12-07 17:18:47 - data_processing - INFO - Meeting IN1008: 4 speakers mapped to slots [0, 1, 2, 3]
2025-12-07 17:18:47 - data_processing - INFO -   [OVERLAP PROCESSING] Meeting IN1008: Adding 1275 original segments...
2025-12-07 17:18:47 - data_processing - INFO -   [OVERLAP PROCESSING] Meeting IN1008: Detecting overlapping segments...
2025-12-07 17:18:48 - data_processing - INFO -   [OVERLAP PROCESSING] Examples of overlapping segments for meeting IN1008:
2025-12-07 17:18:48 - data_processing - INFO -     Example 1: Speakers ['MIO101', 'MIO018'] -> Slots [3, 1], Time: 52.42s-52.82s (0.40s)
2025-12-07 17:18:48 - data_processing - INFO -     Example 2: Speakers ['MIO101', 'MIO018'] -> Slots [3, 1], Time: 57.65s-57.90s (0.25s)
2025-12-07 17:18:48 - data_processing - INFO -     Example 3: Speakers ['MIO101', 'MIO018'] -> Slots [3, 1], Time: 64.51s-64.81s (0.30s)
2025-12-07 17:18:48 - data_processing - INFO -   [OVERLAP PROCESSING] Meeting IN1008 statistics:
2025-12-07 17:18:48 - data_processing - INFO -     - Original segments: 1275
2025-12-07 17:18:48 - data_processing - INFO -     - Overlapping segments created: 676
2025-12-07 17:18:48 - data_processing - INFO -     - Overlap ratio: 53.02%
2025-12-07 17:18:48 - data_processing - INFO -     ✓ CONFIRMED: Found and processed 676 overlapping segments for meeting IN1008
2025-12-07 17:18:48 - data_processing - INFO - Meeting IN1009: 4 speakers mapped to slots [0, 1, 2, 3]
2025-12-07 17:18:48 - data_processing - INFO -   [OVERLAP PROCESSING] Meeting IN1009: Adding 400 original segments...
2025-12-07 17:18:48 - data_processing - INFO -   [OVERLAP PROCESSING] Meeting IN1009: Detecting overlapping segments...
2025-12-07 17:18:48 - data_processing - INFO -   [OVERLAP PROCESSING] Examples of overlapping segments for meeting IN1009:
2025-12-07 17:18:48 - data_processing - INFO -     Example 1: Speakers ['MIO101', 'MIO018'] -> Slots [3, 1], Time: 35.67s-35.97s (0.30s)
2025-12-07 17:18:48 - data_processing - INFO -     Example 2: Speakers ['MIO018', 'MIO101'] -> Slots [1, 3], Time: 38.04s-38.53s (0.49s)
2025-12-07 17:18:48 - data_processing - INFO -     Example 3: Speakers ['MIO018', 'MIO099'] -> Slots [1, 0], Time: 38.34s-38.58s (0.24s)
2025-12-07 17:18:48 - data_processing - INFO -   [OVERLAP PROCESSING] Meeting IN1009 statistics:
2025-12-07 17:18:48 - data_processing - INFO -     - Original segments: 400
2025-12-07 17:18:48 - data_processing - INFO -     - Overlapping segments created: 240
2025-12-07 17:18:48 - data_processing - INFO -     - Overlap ratio: 60.00%
2025-12-07 17:18:48 - data_processing - INFO -     ✓ CONFIRMED: Found and processed 240 overlapping segments for meeting IN1009
2025-12-07 17:18:48 - data_processing - INFO - Meeting IN1012: 4 speakers mapped to slots [0, 1, 2, 3]
2025-12-07 17:18:48 - data_processing - INFO -   [OVERLAP PROCESSING] Meeting IN1012: Adding 1340 original segments...
2025-12-07 17:18:48 - data_processing - INFO -   [OVERLAP PROCESSING] Meeting IN1012: Detecting overlapping segments...
2025-12-07 17:18:49 - data_processing - INFO -   [OVERLAP PROCESSING] Examples of overlapping segments for meeting IN1012:
2025-12-07 17:18:49 - data_processing - INFO -     Example 1: Speakers ['MIO077', 'MIO018'] -> Slots [1, 0], Time: 38.51s-42.06s (3.55s)
2025-12-07 17:18:49 - data_processing - INFO -     Example 2: Speakers ['MIO097', 'MIO078'] -> Slots [3, 2], Time: 47.65s-48.07s (0.42s)
2025-12-07 17:18:49 - data_processing - INFO -     Example 3: Speakers ['MIO097', 'MIO078'] -> Slots [3, 2], Time: 57.92s-58.71s (0.79s)
2025-12-07 17:18:49 - data_processing - INFO -   [OVERLAP PROCESSING] Meeting IN1012 statistics:
2025-12-07 17:18:49 - data_processing - INFO -     - Original segments: 1340
2025-12-07 17:18:49 - data_processing - INFO -     - Overlapping segments created: 1263
2025-12-07 17:18:49 - data_processing - INFO -     - Overlap ratio: 94.25%
2025-12-07 17:18:49 - data_processing - INFO -     ✓ CONFIRMED: Found and processed 1263 overlapping segments for meeting IN1012
2025-12-07 17:18:49 - data_processing - INFO - Meeting IN1013: 4 speakers mapped to slots [0, 1, 2, 3]
2025-12-07 17:18:49 - data_processing - INFO -   [OVERLAP PROCESSING] Meeting IN1013: Adding 1656 original segments...
2025-12-07 17:18:49 - data_processing - INFO -   [OVERLAP PROCESSING] Meeting IN1013: Detecting overlapping segments...
2025-12-07 17:18:50 - data_processing - INFO -   [OVERLAP PROCESSING] Examples of overlapping segments for meeting IN1013:
2025-12-07 17:18:50 - data_processing - INFO -     Example 1: Speakers ['MIE034', 'MIO097'] -> Slots [0, 3], Time: 36.40s-36.97s (0.57s)
2025-12-07 17:18:50 - data_processing - INFO -     Example 2: Speakers ['MIO097', 'MIE034'] -> Slots [3, 0], Time: 36.97s-37.63s (0.66s)
2025-12-07 17:18:50 - data_processing - INFO -     Example 3: Speakers ['MIE034', 'MIO097'] -> Slots [0, 3], Time: 54.72s-56.26s (1.54s)
2025-12-07 17:18:50 - data_processing - INFO -   [OVERLAP PROCESSING] Meeting IN1013 statistics:
2025-12-07 17:18:50 - data_processing - INFO -     - Original segments: 1656
2025-12-07 17:18:50 - data_processing - INFO -     - Overlapping segments created: 1460
2025-12-07 17:18:50 - data_processing - INFO -     - Overlap ratio: 88.16%
2025-12-07 17:18:50 - data_processing - INFO -     ✓ CONFIRMED: Found and processed 1460 overlapping segments for meeting IN1013
2025-12-07 17:18:50 - data_processing - INFO - Meeting IN1014: 4 speakers mapped to slots [0, 1, 2, 3]
2025-12-07 17:18:50 - data_processing - INFO -   [OVERLAP PROCESSING] Meeting IN1014: Adding 1342 original segments...
2025-12-07 17:18:50 - data_processing - INFO -   [OVERLAP PROCESSING] Meeting IN1014: Detecting overlapping segments...
2025-12-07 17:18:51 - data_processing - INFO -   [OVERLAP PROCESSING] Examples of overlapping segments for meeting IN1014:
2025-12-07 17:18:51 - data_processing - INFO -     Example 1: Speakers ['MIO016', 'MIO020'] -> Slots [2, 1], Time: 54.64s-55.83s (1.19s)
2025-12-07 17:18:51 - data_processing - INFO -     Example 2: Speakers ['MIO016', 'MIO020'] -> Slots [2, 1], Time: 63.20s-63.45s (0.25s)
2025-12-07 17:18:51 - data_processing - INFO -     Example 3: Speakers ['MIO016', 'MIO020'] -> Slots [2, 1], Time: 84.96s-85.23s (0.27s)
2025-12-07 17:18:51 - data_processing - INFO -   [OVERLAP PROCESSING] Meeting IN1014 statistics:
2025-12-07 17:18:51 - data_processing - INFO -     - Original segments: 1342
2025-12-07 17:18:51 - data_processing - INFO -     - Overlapping segments created: 756
2025-12-07 17:18:51 - data_processing - INFO -     - Overlap ratio: 56.33%
2025-12-07 17:18:51 - data_processing - INFO -     ✓ CONFIRMED: Found and processed 756 overlapping segments for meeting IN1014
2025-12-07 17:18:51 - data_processing - INFO - Meeting IN1016: 4 speakers mapped to slots [0, 1, 2, 3]
2025-12-07 17:18:51 - data_processing - INFO -   [OVERLAP PROCESSING] Meeting IN1016: Adding 1533 original segments...
2025-12-07 17:18:51 - data_processing - INFO -   [OVERLAP PROCESSING] Meeting IN1016: Detecting overlapping segments...
2025-12-07 17:18:52 - data_processing - INFO -   [OVERLAP PROCESSING] Examples of overlapping segments for meeting IN1016:
2025-12-07 17:18:52 - data_processing - INFO -     Example 1: Speakers ['MIO031', 'MIO104'] -> Slots [1, 2], Time: 39.96s-40.40s (0.44s)
2025-12-07 17:18:52 - data_processing - INFO -     Example 2: Speakers ['MIO031', 'MIO104'] -> Slots [1, 2], Time: 43.17s-43.78s (0.61s)
2025-12-07 17:18:52 - data_processing - INFO -     Example 3: Speakers ['MIO031', 'MIE034'] -> Slots [1, 3], Time: 43.41s-45.41s (2.00s)
2025-12-07 17:18:52 - data_processing - INFO -   [OVERLAP PROCESSING] Meeting IN1016 statistics:
2025-12-07 17:18:52 - data_processing - INFO -     - Original segments: 1533
2025-12-07 17:18:52 - data_processing - INFO -     - Overlapping segments created: 1193
2025-12-07 17:18:52 - data_processing - INFO -     - Overlap ratio: 77.82%
2025-12-07 17:18:52 - data_processing - INFO -     ✓ CONFIRMED: Found and processed 1193 overlapping segments for meeting IN1016
2025-12-07 17:18:52 - data_processing - INFO - Meeting IS1000a: 4 speakers mapped to slots [0, 1, 2, 3]
2025-12-07 17:18:52 - data_processing - INFO -   [OVERLAP PROCESSING] Meeting IS1000a: Adding 544 original segments...
2025-12-07 17:18:52 - data_processing - INFO -   [OVERLAP PROCESSING] Meeting IS1000a: Detecting overlapping segments...
2025-12-07 17:18:52 - data_processing - INFO -   [OVERLAP PROCESSING] Examples of overlapping segments for meeting IS1000a:
2025-12-07 17:18:52 - data_processing - INFO -     Example 1: Speakers ['MIO082', 'MIO050'] -> Slots [2, 0], Time: 96.02s-97.48s (1.46s)
2025-12-07 17:18:52 - data_processing - INFO -     Example 2: Speakers ['MIO016', 'MIO050'] -> Slots [3, 0], Time: 114.49s-114.73s (0.24s)
2025-12-07 17:18:52 - data_processing - INFO -     Example 3: Speakers ['MIO082', 'MIO050'] -> Slots [2, 0], Time: 126.40s-126.88s (0.48s)
2025-12-07 17:18:52 - data_processing - INFO -   [OVERLAP PROCESSING] Meeting IS1000a statistics:
2025-12-07 17:18:52 - data_processing - INFO -     - Original segments: 544
2025-12-07 17:18:52 - data_processing - INFO -     - Overlapping segments created: 255
2025-12-07 17:18:52 - data_processing - INFO -     - Overlap ratio: 46.88%
2025-12-07 17:18:52 - data_processing - INFO -     ✓ CONFIRMED: Found and processed 255 overlapping segments for meeting IS1000a
2025-12-07 17:18:52 - data_processing - INFO - Meeting IS1000b: 4 speakers mapped to slots [0, 1, 2, 3]
2025-12-07 17:18:52 - data_processing - INFO -   [OVERLAP PROCESSING] Meeting IS1000b: Adding 719 original segments...
2025-12-07 17:18:52 - data_processing - INFO -   [OVERLAP PROCESSING] Meeting IS1000b: Detecting overlapping segments...
2025-12-07 17:18:53 - data_processing - INFO -   [OVERLAP PROCESSING] Examples of overlapping segments for meeting IS1000b:
2025-12-07 17:18:53 - data_processing - INFO -     Example 1: Speakers ['MIO050', 'MIO082'] -> Slots [0, 2], Time: 202.93s-203.91s (0.98s)
2025-12-07 17:18:53 - data_processing - INFO -     Example 2: Speakers ['FIE081', 'MIO016'] -> Slots [1, 3], Time: 205.68s-205.88s (0.20s)
2025-12-07 17:18:53 - data_processing - INFO -     Example 3: Speakers ['MIO016', 'MIO082'] -> Slots [3, 2], Time: 206.35s-207.37s (1.02s)
2025-12-07 17:18:53 - data_processing - INFO -   [OVERLAP PROCESSING] Meeting IS1000b statistics:
2025-12-07 17:18:53 - data_processing - INFO -     - Original segments: 719
2025-12-07 17:18:53 - data_processing - INFO -     - Overlapping segments created: 411
2025-12-07 17:18:53 - data_processing - INFO -     - Overlap ratio: 57.16%
2025-12-07 17:18:53 - data_processing - INFO -     ✓ CONFIRMED: Found and processed 411 overlapping segments for meeting IS1000b
2025-12-07 17:18:53 - data_processing - INFO - Meeting IS1000c: 4 speakers mapped to slots [0, 1, 2, 3]
2025-12-07 17:18:53 - data_processing - INFO -   [OVERLAP PROCESSING] Meeting IS1000c: Adding 623 original segments...
2025-12-07 17:18:53 - data_processing - INFO -   [OVERLAP PROCESSING] Meeting IS1000c: Detecting overlapping segments...
2025-12-07 17:18:53 - data_processing - INFO -   [OVERLAP PROCESSING] Examples of overlapping segments for meeting IS1000c:
2025-12-07 17:18:53 - data_processing - INFO -     Example 1: Speakers ['MIO016', 'FIE081'] -> Slots [3, 1], Time: 61.50s-62.27s (0.77s)
2025-12-07 17:18:53 - data_processing - INFO -     Example 2: Speakers ['MIO016', 'MIO082'] -> Slots [3, 2], Time: 62.68s-63.53s (0.85s)
2025-12-07 17:18:53 - data_processing - INFO -     Example 3: Speakers ['MIO082', 'FIE081'] -> Slots [2, 1], Time: 97.33s-97.64s (0.31s)
2025-12-07 17:18:53 - data_processing - INFO -   [OVERLAP PROCESSING] Meeting IS1000c statistics:
2025-12-07 17:18:53 - data_processing - INFO -     - Original segments: 623
2025-12-07 17:18:53 - data_processing - INFO -     - Overlapping segments created: 383
2025-12-07 17:18:53 - data_processing - INFO -     - Overlap ratio: 61.48%
2025-12-07 17:18:53 - data_processing - INFO -     ✓ CONFIRMED: Found and processed 383 overlapping segments for meeting IS1000c
2025-12-07 17:18:53 - data_processing - INFO - Meeting IS1000d: 4 speakers mapped to slots [0, 1, 2, 3]
2025-12-07 17:18:53 - data_processing - INFO -   [OVERLAP PROCESSING] Meeting IS1000d: Adding 1201 original segments...
2025-12-07 17:18:53 - data_processing - INFO -   [OVERLAP PROCESSING] Meeting IS1000d: Detecting overlapping segments...
2025-12-07 17:18:53 - data_processing - INFO -   [OVERLAP PROCESSING] Examples of overlapping segments for meeting IS1000d:
2025-12-07 17:18:53 - data_processing - INFO -     Example 1: Speakers ['MIO016', 'FIE081'] -> Slots [3, 1], Time: 42.64s-43.31s (0.67s)
2025-12-07 17:18:53 - data_processing - INFO -     Example 2: Speakers ['MIO016', 'FIE081'] -> Slots [3, 1], Time: 56.99s-57.87s (0.88s)
2025-12-07 17:18:53 - data_processing - INFO -     Example 3: Speakers ['MIO016', 'MIO082'] -> Slots [3, 2], Time: 58.68s-59.04s (0.36s)
2025-12-07 17:18:53 - data_processing - INFO -   [OVERLAP PROCESSING] Meeting IS1000d statistics:
2025-12-07 17:18:53 - data_processing - INFO -     - Original segments: 1201
2025-12-07 17:18:53 - data_processing - INFO -     - Overlapping segments created: 718
2025-12-07 17:18:53 - data_processing - INFO -     - Overlap ratio: 59.78%
2025-12-07 17:18:53 - data_processing - INFO -     ✓ CONFIRMED: Found and processed 718 overlapping segments for meeting IS1000d
2025-12-07 17:18:53 - data_processing - INFO - Meeting IS1001a: 4 speakers mapped to slots [0, 1, 2, 3]
2025-12-07 17:18:53 - data_processing - INFO -   [OVERLAP PROCESSING] Meeting IS1001a: Adding 261 original segments...
2025-12-07 17:18:53 - data_processing - INFO -   [OVERLAP PROCESSING] Meeting IS1001a: Detecting overlapping segments...
2025-12-07 17:18:54 - data_processing - INFO -   [OVERLAP PROCESSING] Examples of overlapping segments for meeting IS1001a:
2025-12-07 17:18:54 - data_processing - INFO -     Example 1: Speakers ['MIO043', 'MIO012'] -> Slots [2, 3], Time: 138.51s-138.76s (0.25s)
2025-12-07 17:18:54 - data_processing - INFO -     Example 2: Speakers ['MIO043', 'MIO012'] -> Slots [2, 3], Time: 149.03s-149.31s (0.28s)
2025-12-07 17:18:54 - data_processing - INFO -     Example 3: Speakers ['MIO043', 'MIO020'] -> Slots [2, 0], Time: 248.33s-248.99s (0.66s)
2025-12-07 17:18:54 - data_processing - INFO -   [OVERLAP PROCESSING] Meeting IS1001a statistics:
2025-12-07 17:18:54 - data_processing - INFO -     - Original segments: 261
2025-12-07 17:18:54 - data_processing - INFO -     - Overlapping segments created: 123
2025-12-07 17:18:54 - data_processing - INFO -     - Overlap ratio: 47.13%
2025-12-07 17:18:54 - data_processing - INFO -     ✓ CONFIRMED: Found and processed 123 overlapping segments for meeting IS1001a
2025-12-07 17:18:54 - data_processing - INFO - Meeting IS1001b: 4 speakers mapped to slots [0, 1, 2, 3]
2025-12-07 17:18:54 - data_processing - INFO -   [OVERLAP PROCESSING] Meeting IS1001b: Adding 713 original segments...
2025-12-07 17:18:54 - data_processing - INFO -   [OVERLAP PROCESSING] Meeting IS1001b: Detecting overlapping segments...
2025-12-07 17:18:54 - data_processing - INFO -   [OVERLAP PROCESSING] Examples of overlapping segments for meeting IS1001b:
2025-12-07 17:18:54 - data_processing - INFO -     Example 1: Speakers ['MIO012', 'MIO043'] -> Slots [2, 3], Time: 122.04s-122.51s (0.47s)
2025-12-07 17:18:54 - data_processing - INFO -     Example 2: Speakers ['MIO012', 'MIO043'] -> Slots [2, 3], Time: 128.53s-130.35s (1.82s)
2025-12-07 17:18:54 - data_processing - INFO -     Example 3: Speakers ['MIO043', 'MIO012'] -> Slots [3, 2], Time: 130.35s-131.16s (0.81s)
2025-12-07 17:18:54 - data_processing - INFO -   [OVERLAP PROCESSING] Meeting IS1001b statistics:
2025-12-07 17:18:54 - data_processing - INFO -     - Original segments: 713
2025-12-07 17:18:54 - data_processing - INFO -     - Overlapping segments created: 332
2025-12-07 17:18:54 - data_processing - INFO -     - Overlap ratio: 46.56%
2025-12-07 17:18:54 - data_processing - INFO -     ✓ CONFIRMED: Found and processed 332 overlapping segments for meeting IS1001b
2025-12-07 17:18:54 - data_processing - INFO - Meeting IS1001c: 4 speakers mapped to slots [0, 1, 2, 3]
2025-12-07 17:18:54 - data_processing - INFO -   [OVERLAP PROCESSING] Meeting IS1001c: Adding 479 original segments...
2025-12-07 17:18:54 - data_processing - INFO -   [OVERLAP PROCESSING] Meeting IS1001c: Detecting overlapping segments...
2025-12-07 17:18:54 - data_processing - INFO -   [OVERLAP PROCESSING] Examples of overlapping segments for meeting IS1001c:
2025-12-07 17:18:54 - data_processing - INFO -     Example 1: Speakers ['MIO043', 'MIO012'] -> Slots [2, 3], Time: 145.32s-147.69s (2.37s)
2025-12-07 17:18:54 - data_processing - INFO -     Example 2: Speakers ['MIO043', 'MIO020'] -> Slots [2, 0], Time: 174.25s-174.53s (0.28s)
2025-12-07 17:18:54 - data_processing - INFO -     Example 3: Speakers ['MIO043', 'MIO020'] -> Slots [2, 0], Time: 175.38s-175.58s (0.20s)
2025-12-07 17:18:54 - data_processing - INFO -   [OVERLAP PROCESSING] Meeting IS1001c statistics:
2025-12-07 17:18:54 - data_processing - INFO -     - Original segments: 479
2025-12-07 17:18:54 - data_processing - INFO -     - Overlapping segments created: 206
2025-12-07 17:18:54 - data_processing - INFO -     - Overlap ratio: 43.01%
2025-12-07 17:18:54 - data_processing - INFO -     ✓ CONFIRMED: Found and processed 206 overlapping segments for meeting IS1001c
2025-12-07 17:18:54 - data_processing - INFO - Meeting IS1001d: 4 speakers mapped to slots [0, 1, 2, 3]
2025-12-07 17:18:54 - data_processing - INFO -   [OVERLAP PROCESSING] Meeting IS1001d: Adding 321 original segments...
2025-12-07 17:18:54 - data_processing - INFO -   [OVERLAP PROCESSING] Meeting IS1001d: Detecting overlapping segments...
2025-12-07 17:18:54 - data_processing - INFO -   [OVERLAP PROCESSING] Examples of overlapping segments for meeting IS1001d:
2025-12-07 17:18:54 - data_processing - INFO -     Example 1: Speakers ['MIO043', 'MIO012'] -> Slots [2, 3], Time: 26.82s-28.22s (1.40s)
2025-12-07 17:18:54 - data_processing - INFO -     Example 2: Speakers ['FIO074', 'MIO043'] -> Slots [1, 2], Time: 47.81s-49.21s (1.40s)
2025-12-07 17:18:54 - data_processing - INFO -     Example 3: Speakers ['MIO043', 'MIO012'] -> Slots [2, 3], Time: 49.46s-50.25s (0.79s)
2025-12-07 17:18:54 - data_processing - INFO -   [OVERLAP PROCESSING] Meeting IS1001d statistics:
2025-12-07 17:18:54 - data_processing - INFO -     - Original segments: 321
2025-12-07 17:18:54 - data_processing - INFO -     - Overlapping segments created: 179
2025-12-07 17:18:54 - data_processing - INFO -     - Overlap ratio: 55.76%
2025-12-07 17:18:54 - data_processing - INFO -     ✓ CONFIRMED: Found and processed 179 overlapping segments for meeting IS1001d
2025-12-07 17:18:54 - data_processing - INFO - Meeting IS1002b: 4 speakers mapped to slots [0, 1, 2, 3]
2025-12-07 17:18:54 - data_processing - INFO -   [OVERLAP PROCESSING] Meeting IS1002b: Adding 737 original segments...
2025-12-07 17:18:54 - data_processing - INFO -   [OVERLAP PROCESSING] Meeting IS1002b: Detecting overlapping segments...
2025-12-07 17:18:54 - data_processing - INFO -   [OVERLAP PROCESSING] Examples of overlapping segments for meeting IS1002b:
2025-12-07 17:18:54 - data_processing - INFO -     Example 1: Speakers ['MIE029', 'MIE083'] -> Slots [0, 2], Time: 151.36s-151.63s (0.27s)
2025-12-07 17:18:54 - data_processing - INFO -     Example 2: Speakers ['MIE083', 'MIE080'] -> Slots [2, 1], Time: 161.57s-161.87s (0.30s)
2025-12-07 17:18:54 - data_processing - INFO -     Example 3: Speakers ['MIE083', 'MIE080'] -> Slots [2, 1], Time: 167.06s-167.20s (0.14s)
2025-12-07 17:18:54 - data_processing - INFO -   [OVERLAP PROCESSING] Meeting IS1002b statistics:
2025-12-07 17:18:54 - data_processing - INFO -     - Original segments: 737
2025-12-07 17:18:54 - data_processing - INFO -     - Overlapping segments created: 331
2025-12-07 17:18:54 - data_processing - INFO -     - Overlap ratio: 44.91%
2025-12-07 17:18:54 - data_processing - INFO -     ✓ CONFIRMED: Found and processed 331 overlapping segments for meeting IS1002b
2025-12-07 17:18:54 - data_processing - INFO - Meeting IS1002c: 4 speakers mapped to slots [0, 1, 2, 3]
2025-12-07 17:18:54 - data_processing - INFO -   [OVERLAP PROCESSING] Meeting IS1002c: Adding 710 original segments...
2025-12-07 17:18:54 - data_processing - INFO -   [OVERLAP PROCESSING] Meeting IS1002c: Detecting overlapping segments...
2025-12-07 17:18:55 - data_processing - INFO -   [OVERLAP PROCESSING] Examples of overlapping segments for meeting IS1002c:
2025-12-07 17:18:55 - data_processing - INFO -     Example 1: Speakers ['MIO026', 'MIE080'] -> Slots [1, 2], Time: 27.14s-27.57s (0.43s)
2025-12-07 17:18:55 - data_processing - INFO -     Example 2: Speakers ['MIO026', 'MIE083'] -> Slots [1, 3], Time: 27.25s-27.57s (0.32s)
2025-12-07 17:18:55 - data_processing - INFO -     Example 3: Speakers ['MIE080', 'MIE083'] -> Slots [2, 3], Time: 27.25s-27.60s (0.35s)
2025-12-07 17:18:55 - data_processing - INFO -   [OVERLAP PROCESSING] Meeting IS1002c statistics:
2025-12-07 17:18:55 - data_processing - INFO -     - Original segments: 710
2025-12-07 17:18:55 - data_processing - INFO -     - Overlapping segments created: 320
2025-12-07 17:18:55 - data_processing - INFO -     - Overlap ratio: 45.07%
2025-12-07 17:18:55 - data_processing - INFO -     ✓ CONFIRMED: Found and processed 320 overlapping segments for meeting IS1002c
2025-12-07 17:18:55 - data_processing - INFO - Meeting IS1002d: 4 speakers mapped to slots [0, 1, 2, 3]
2025-12-07 17:18:55 - data_processing - INFO -   [OVERLAP PROCESSING] Meeting IS1002d: Adding 432 original segments...
2025-12-07 17:18:55 - data_processing - INFO -   [OVERLAP PROCESSING] Meeting IS1002d: Detecting overlapping segments...
2025-12-07 17:18:55 - data_processing - INFO -   [OVERLAP PROCESSING] Examples of overlapping segments for meeting IS1002d:
2025-12-07 17:18:55 - data_processing - INFO -     Example 1: Speakers ['MIE083', 'MIE029'] -> Slots [3, 0], Time: 11.56s-11.73s (0.17s)
2025-12-07 17:18:55 - data_processing - INFO -     Example 2: Speakers ['MIE083', 'MIE080'] -> Slots [3, 2], Time: 25.41s-25.56s (0.15s)
2025-12-07 17:18:55 - data_processing - INFO -     Example 3: Speakers ['MIE080', 'MIE083'] -> Slots [2, 3], Time: 51.53s-52.75s (1.22s)
2025-12-07 17:18:55 - data_processing - INFO -   [OVERLAP PROCESSING] Meeting IS1002d statistics:
2025-12-07 17:18:55 - data_processing - INFO -     - Original segments: 432
2025-12-07 17:18:55 - data_processing - INFO -     - Overlapping segments created: 190
2025-12-07 17:18:55 - data_processing - INFO -     - Overlap ratio: 43.98%
2025-12-07 17:18:55 - data_processing - INFO -     ✓ CONFIRMED: Found and processed 190 overlapping segments for meeting IS1002d
2025-12-07 17:18:55 - data_processing - INFO - Meeting IS1003a: 4 speakers mapped to slots [0, 1, 2, 3]
2025-12-07 17:18:55 - data_processing - INFO -   [OVERLAP PROCESSING] Meeting IS1003a: Adding 299 original segments...
2025-12-07 17:18:55 - data_processing - INFO -   [OVERLAP PROCESSING] Meeting IS1003a: Detecting overlapping segments...
2025-12-07 17:18:55 - data_processing - INFO -   [OVERLAP PROCESSING] Examples of overlapping segments for meeting IS1003a:
2025-12-07 17:18:55 - data_processing - INFO -     Example 1: Speakers ['FIO017', 'MIO005'] -> Slots [2, 0], Time: 80.26s-80.80s (0.54s)
2025-12-07 17:18:55 - data_processing - INFO -     Example 2: Speakers ['FIO017', 'MIO005'] -> Slots [2, 0], Time: 83.96s-84.34s (0.38s)
2025-12-07 17:18:55 - data_processing - INFO -     Example 3: Speakers ['FIO017', 'MIO023'] -> Slots [2, 1], Time: 167.90s-168.13s (0.23s)
2025-12-07 17:18:55 - data_processing - INFO -   [OVERLAP PROCESSING] Meeting IS1003a statistics:
2025-12-07 17:18:55 - data_processing - INFO -     - Original segments: 299
2025-12-07 17:18:55 - data_processing - INFO -     - Overlapping segments created: 139
2025-12-07 17:18:55 - data_processing - INFO -     - Overlap ratio: 46.49%
2025-12-07 17:18:55 - data_processing - INFO -     ✓ CONFIRMED: Found and processed 139 overlapping segments for meeting IS1003a
2025-12-07 17:18:55 - data_processing - INFO - Meeting IS1003b: 4 speakers mapped to slots [0, 1, 2, 3]
2025-12-07 17:18:55 - data_processing - INFO -   [OVERLAP PROCESSING] Meeting IS1003b: Adding 546 original segments...
2025-12-07 17:18:55 - data_processing - INFO -   [OVERLAP PROCESSING] Meeting IS1003b: Detecting overlapping segments...
2025-12-07 17:18:55 - data_processing - INFO -   [OVERLAP PROCESSING] Examples of overlapping segments for meeting IS1003b:
2025-12-07 17:18:55 - data_processing - INFO -     Example 1: Speakers ['FIO017', 'MIO005'] -> Slots [3, 2], Time: 89.51s-90.22s (0.71s)
2025-12-07 17:18:55 - data_processing - INFO -     Example 2: Speakers ['FIO017', 'MIO023'] -> Slots [3, 0], Time: 95.31s-96.24s (0.93s)
2025-12-07 17:18:55 - data_processing - INFO -     Example 3: Speakers ['FIO017', 'MIO035'] -> Slots [3, 1], Time: 95.92s-96.10s (0.18s)
2025-12-07 17:18:55 - data_processing - INFO -   [OVERLAP PROCESSING] Meeting IS1003b statistics:
2025-12-07 17:18:55 - data_processing - INFO -     - Original segments: 546
2025-12-07 17:18:55 - data_processing - INFO -     - Overlapping segments created: 227
2025-12-07 17:18:55 - data_processing - INFO -     - Overlap ratio: 41.58%
2025-12-07 17:18:55 - data_processing - INFO -     ✓ CONFIRMED: Found and processed 227 overlapping segments for meeting IS1003b
2025-12-07 17:18:55 - data_processing - INFO - Meeting IS1003c: 4 speakers mapped to slots [0, 1, 2, 3]
2025-12-07 17:18:55 - data_processing - INFO -   [OVERLAP PROCESSING] Meeting IS1003c: Adding 690 original segments...
2025-12-07 17:18:55 - data_processing - INFO -   [OVERLAP PROCESSING] Meeting IS1003c: Detecting overlapping segments...
2025-12-07 17:18:56 - data_processing - INFO -   [OVERLAP PROCESSING] Examples of overlapping segments for meeting IS1003c:
2025-12-07 17:18:56 - data_processing - INFO -     Example 1: Speakers ['FIO017', 'MIO023'] -> Slots [3, 0], Time: 50.91s-51.16s (0.25s)
2025-12-07 17:18:56 - data_processing - INFO -     Example 2: Speakers ['FIO017', 'MIO005'] -> Slots [3, 2], Time: 56.25s-56.50s (0.25s)
2025-12-07 17:18:56 - data_processing - INFO -     Example 3: Speakers ['FIO017', 'MIO023'] -> Slots [3, 0], Time: 81.40s-81.63s (0.23s)
2025-12-07 17:18:56 - data_processing - INFO -   [OVERLAP PROCESSING] Meeting IS1003c statistics:
2025-12-07 17:18:56 - data_processing - INFO -     - Original segments: 690
2025-12-07 17:18:56 - data_processing - INFO -     - Overlapping segments created: 387
2025-12-07 17:18:56 - data_processing - INFO -     - Overlap ratio: 56.09%
2025-12-07 17:18:56 - data_processing - INFO -     ✓ CONFIRMED: Found and processed 387 overlapping segments for meeting IS1003c
2025-12-07 17:18:56 - data_processing - INFO - Meeting IS1003d: 4 speakers mapped to slots [0, 1, 2, 3]
2025-12-07 17:18:56 - data_processing - INFO -   [OVERLAP PROCESSING] Meeting IS1003d: Adding 1091 original segments...
2025-12-07 17:18:56 - data_processing - INFO -   [OVERLAP PROCESSING] Meeting IS1003d: Detecting overlapping segments...
2025-12-07 17:18:56 - data_processing - INFO -   [OVERLAP PROCESSING] Examples of overlapping segments for meeting IS1003d:
2025-12-07 17:18:56 - data_processing - INFO -     Example 1: Speakers ['MIO023', 'MIO035'] -> Slots [0, 1], Time: 39.88s-40.24s (0.36s)
2025-12-07 17:18:56 - data_processing - INFO -     Example 2: Speakers ['MIO023', 'MIO005'] -> Slots [0, 2], Time: 44.28s-44.29s (0.01s)
2025-12-07 17:18:56 - data_processing - INFO -     Example 3: Speakers ['MIO005', 'MIO023'] -> Slots [2, 0], Time: 45.79s-46.12s (0.33s)
2025-12-07 17:18:56 - data_processing - INFO -   [OVERLAP PROCESSING] Meeting IS1003d statistics:
2025-12-07 17:18:56 - data_processing - INFO -     - Original segments: 1091
2025-12-07 17:18:56 - data_processing - INFO -     - Overlapping segments created: 865
2025-12-07 17:18:56 - data_processing - INFO -     - Overlap ratio: 79.29%
2025-12-07 17:18:56 - data_processing - INFO -     ✓ CONFIRMED: Found and processed 865 overlapping segments for meeting IS1003d
2025-12-07 17:18:56 - data_processing - INFO - Meeting IS1004a: 4 speakers mapped to slots [0, 1, 2, 3]
2025-12-07 17:18:56 - data_processing - INFO -   [OVERLAP PROCESSING] Meeting IS1004a: Adding 167 original segments...
2025-12-07 17:18:56 - data_processing - INFO -   [OVERLAP PROCESSING] Meeting IS1004a: Detecting overlapping segments...
2025-12-07 17:18:57 - data_processing - INFO -   [OVERLAP PROCESSING] Examples of overlapping segments for meeting IS1004a:
2025-12-07 17:18:57 - data_processing - INFO -     Example 1: Speakers ['MIO019', 'MIO022'] -> Slots [1, 2], Time: 38.38s-38.86s (0.48s)
2025-12-07 17:18:57 - data_processing - INFO -     Example 2: Speakers ['MIE090', 'MIO019'] -> Slots [3, 1], Time: 43.88s-44.87s (0.99s)
2025-12-07 17:18:57 - data_processing - INFO -     Example 3: Speakers ['MIO019', 'MIE090'] -> Slots [1, 3], Time: 64.03s-64.44s (0.41s)
2025-12-07 17:18:57 - data_processing - INFO -   [OVERLAP PROCESSING] Meeting IS1004a statistics:
2025-12-07 17:18:57 - data_processing - INFO -     - Original segments: 167
2025-12-07 17:18:57 - data_processing - INFO -     - Overlapping segments created: 41
2025-12-07 17:18:57 - data_processing - INFO -     - Overlap ratio: 24.55%
2025-12-07 17:18:57 - data_processing - INFO -     ✓ CONFIRMED: Found and processed 41 overlapping segments for meeting IS1004a
2025-12-07 17:18:57 - data_processing - INFO - Meeting IS1004b: 4 speakers mapped to slots [0, 1, 2, 3]
2025-12-07 17:18:57 - data_processing - INFO -   [OVERLAP PROCESSING] Meeting IS1004b: Adding 632 original segments...
2025-12-07 17:18:57 - data_processing - INFO -   [OVERLAP PROCESSING] Meeting IS1004b: Detecting overlapping segments...
2025-12-07 17:18:57 - data_processing - INFO -   [OVERLAP PROCESSING] Examples of overlapping segments for meeting IS1004b:
2025-12-07 17:18:57 - data_processing - INFO -     Example 1: Speakers ['MIO019', 'MIE090'] -> Slots [1, 3], Time: 49.13s-49.65s (0.52s)
2025-12-07 17:18:57 - data_processing - INFO -     Example 2: Speakers ['MIO019', 'MIE090'] -> Slots [1, 3], Time: 52.65s-54.67s (2.02s)
2025-12-07 17:18:57 - data_processing - INFO -     Example 3: Speakers ['MIO019', 'MIO022'] -> Slots [1, 2], Time: 110.06s-110.24s (0.18s)
2025-12-07 17:18:57 - data_processing - INFO -   [OVERLAP PROCESSING] Meeting IS1004b statistics:
2025-12-07 17:18:57 - data_processing - INFO -     - Original segments: 632
2025-12-07 17:18:57 - data_processing - INFO -     - Overlapping segments created: 263
2025-12-07 17:18:57 - data_processing - INFO -     - Overlap ratio: 41.61%
2025-12-07 17:18:57 - data_processing - INFO -     ✓ CONFIRMED: Found and processed 263 overlapping segments for meeting IS1004b
2025-12-07 17:18:57 - data_processing - INFO - Meeting IS1004c: 4 speakers mapped to slots [0, 1, 2, 3]
2025-12-07 17:18:57 - data_processing - INFO -   [OVERLAP PROCESSING] Meeting IS1004c: Adding 774 original segments...
2025-12-07 17:18:57 - data_processing - INFO -   [OVERLAP PROCESSING] Meeting IS1004c: Detecting overlapping segments...
2025-12-07 17:18:57 - data_processing - INFO -   [OVERLAP PROCESSING] Examples of overlapping segments for meeting IS1004c:
2025-12-07 17:18:57 - data_processing - INFO -     Example 1: Speakers ['MIO019', 'MIO022'] -> Slots [1, 2], Time: 34.39s-35.53s (1.14s)
2025-12-07 17:18:57 - data_processing - INFO -     Example 2: Speakers ['MIO019', 'MIE090'] -> Slots [1, 3], Time: 34.85s-35.11s (0.26s)
2025-12-07 17:18:57 - data_processing - INFO -     Example 3: Speakers ['MIO022', 'MIE090'] -> Slots [2, 3], Time: 34.85s-35.11s (0.26s)
2025-12-07 17:18:57 - data_processing - INFO -   [OVERLAP PROCESSING] Meeting IS1004c statistics:
2025-12-07 17:18:57 - data_processing - INFO -     - Original segments: 774
2025-12-07 17:18:57 - data_processing - INFO -     - Overlapping segments created: 386
2025-12-07 17:18:57 - data_processing - INFO -     - Overlap ratio: 49.87%
2025-12-07 17:18:57 - data_processing - INFO -     ✓ CONFIRMED: Found and processed 386 overlapping segments for meeting IS1004c
2025-12-07 17:18:57 - data_processing - INFO - Meeting IS1004d: 4 speakers mapped to slots [0, 1, 2, 3]
2025-12-07 17:18:57 - data_processing - INFO -   [OVERLAP PROCESSING] Meeting IS1004d: Adding 870 original segments...
2025-12-07 17:18:57 - data_processing - INFO -   [OVERLAP PROCESSING] Meeting IS1004d: Detecting overlapping segments...
2025-12-07 17:18:58 - data_processing - INFO -   [OVERLAP PROCESSING] Examples of overlapping segments for meeting IS1004d:
2025-12-07 17:18:58 - data_processing - INFO -     Example 1: Speakers ['MIO022', 'MIO019'] -> Slots [2, 1], Time: 133.76s-134.18s (0.42s)
2025-12-07 17:18:58 - data_processing - INFO -     Example 2: Speakers ['MIO022', 'MIO019'] -> Slots [2, 1], Time: 134.18s-134.66s (0.48s)
2025-12-07 17:18:58 - data_processing - INFO -     Example 3: Speakers ['MIO019', 'MIO022'] -> Slots [1, 2], Time: 134.66s-134.79s (0.13s)
2025-12-07 17:18:58 - data_processing - INFO -   [OVERLAP PROCESSING] Meeting IS1004d statistics:
2025-12-07 17:18:58 - data_processing - INFO -     - Original segments: 870
2025-12-07 17:18:58 - data_processing - INFO -     - Overlapping segments created: 461
2025-12-07 17:18:58 - data_processing - INFO -     - Overlap ratio: 52.99%
2025-12-07 17:18:58 - data_processing - INFO -     ✓ CONFIRMED: Found and processed 461 overlapping segments for meeting IS1004d
2025-12-07 17:18:58 - data_processing - INFO - Meeting IS1005a: 4 speakers mapped to slots [0, 1, 2, 3]
2025-12-07 17:18:58 - data_processing - INFO -   [OVERLAP PROCESSING] Meeting IS1005a: Adding 251 original segments...
2025-12-07 17:18:58 - data_processing - INFO -   [OVERLAP PROCESSING] Meeting IS1005a: Detecting overlapping segments...
2025-12-07 17:18:58 - data_processing - INFO -   [OVERLAP PROCESSING] Examples of overlapping segments for meeting IS1005a:
2025-12-07 17:18:58 - data_processing - INFO -     Example 1: Speakers ['MIO055', 'MIO077'] -> Slots [3, 1], Time: 90.10s-90.13s (0.03s)
2025-12-07 17:18:58 - data_processing - INFO -     Example 2: Speakers ['MIO077', 'MIO055'] -> Slots [1, 3], Time: 95.76s-95.97s (0.21s)
2025-12-07 17:18:58 - data_processing - INFO -     Example 3: Speakers ['MIE002', 'MIO055'] -> Slots [0, 3], Time: 98.63s-99.31s (0.68s)
2025-12-07 17:18:58 - data_processing - INFO -   [OVERLAP PROCESSING] Meeting IS1005a statistics:
2025-12-07 17:18:58 - data_processing - INFO -     - Original segments: 251
2025-12-07 17:18:58 - data_processing - INFO -     - Overlapping segments created: 109
2025-12-07 17:18:58 - data_processing - INFO -     - Overlap ratio: 43.43%
2025-12-07 17:18:58 - data_processing - INFO -     ✓ CONFIRMED: Found and processed 109 overlapping segments for meeting IS1005a
2025-12-07 17:18:58 - data_processing - INFO - Meeting IS1005b: 4 speakers mapped to slots [0, 1, 2, 3]
2025-12-07 17:18:58 - data_processing - INFO -   [OVERLAP PROCESSING] Meeting IS1005b: Adding 628 original segments...
2025-12-07 17:18:58 - data_processing - INFO -   [OVERLAP PROCESSING] Meeting IS1005b: Detecting overlapping segments...
2025-12-07 17:18:58 - data_processing - INFO -   [OVERLAP PROCESSING] Examples of overlapping segments for meeting IS1005b:
2025-12-07 17:18:58 - data_processing - INFO -     Example 1: Speakers ['MIE002', 'MIO055'] -> Slots [0, 3], Time: 77.19s-77.93s (0.74s)
2025-12-07 17:18:58 - data_processing - INFO -     Example 2: Speakers ['MIE002', 'MIO055'] -> Slots [0, 3], Time: 77.93s-78.79s (0.86s)
2025-12-07 17:18:58 - data_processing - INFO -     Example 3: Speakers ['MIE002', 'MIO055'] -> Slots [0, 3], Time: 78.79s-79.08s (0.29s)
2025-12-07 17:18:58 - data_processing - INFO -   [OVERLAP PROCESSING] Meeting IS1005b statistics:
2025-12-07 17:18:58 - data_processing - INFO -     - Original segments: 628
2025-12-07 17:18:58 - data_processing - INFO -     - Overlapping segments created: 332
2025-12-07 17:18:58 - data_processing - INFO -     - Overlap ratio: 52.87%
2025-12-07 17:18:58 - data_processing - INFO -     ✓ CONFIRMED: Found and processed 332 overlapping segments for meeting IS1005b
2025-12-07 17:18:58 - data_processing - INFO - Meeting IS1005c: 4 speakers mapped to slots [0, 1, 2, 3]
2025-12-07 17:18:58 - data_processing - INFO -   [OVERLAP PROCESSING] Meeting IS1005c: Adding 577 original segments...
2025-12-07 17:18:58 - data_processing - INFO -   [OVERLAP PROCESSING] Meeting IS1005c: Detecting overlapping segments...
2025-12-07 17:18:58 - data_processing - INFO -   [OVERLAP PROCESSING] Examples of overlapping segments for meeting IS1005c:
2025-12-07 17:18:58 - data_processing - INFO -     Example 1: Speakers ['MIO055', 'MIE002'] -> Slots [3, 2], Time: 40.04s-40.52s (0.48s)
2025-12-07 17:18:58 - data_processing - INFO -     Example 2: Speakers ['MIO055', 'MIO077'] -> Slots [3, 1], Time: 41.21s-41.74s (0.53s)
2025-12-07 17:18:58 - data_processing - INFO -     Example 3: Speakers ['MIO055', 'MIO076'] -> Slots [3, 0], Time: 41.52s-41.66s (0.14s)
2025-12-07 17:18:58 - data_processing - INFO -   [OVERLAP PROCESSING] Meeting IS1005c statistics:
2025-12-07 17:18:58 - data_processing - INFO -     - Original segments: 577
2025-12-07 17:18:58 - data_processing - INFO -     - Overlapping segments created: 265
2025-12-07 17:18:58 - data_processing - INFO -     - Overlap ratio: 45.93%
2025-12-07 17:18:58 - data_processing - INFO -     ✓ CONFIRMED: Found and processed 265 overlapping segments for meeting IS1005c
2025-12-07 17:18:58 - data_processing - INFO - Meeting IS1006a: 4 speakers mapped to slots [0, 1, 2, 3]
2025-12-07 17:18:58 - data_processing - INFO -   [OVERLAP PROCESSING] Meeting IS1006a: Adding 352 original segments...
2025-12-07 17:18:58 - data_processing - INFO -   [OVERLAP PROCESSING] Meeting IS1006a: Detecting overlapping segments...
2025-12-07 17:18:59 - data_processing - INFO -   [OVERLAP PROCESSING] Examples of overlapping segments for meeting IS1006a:
2025-12-07 17:18:59 - data_processing - INFO -     Example 1: Speakers ['FIO041', 'MIO008'] -> Slots [2, 1], Time: 116.56s-118.68s (2.12s)
2025-12-07 17:18:59 - data_processing - INFO -     Example 2: Speakers ['FIO041', 'MIO040'] -> Slots [2, 0], Time: 124.48s-125.06s (0.58s)
2025-12-07 17:18:59 - data_processing - INFO -     Example 3: Speakers ['MIO008', 'FIO041'] -> Slots [1, 2], Time: 146.83s-148.65s (1.82s)
2025-12-07 17:18:59 - data_processing - INFO -   [OVERLAP PROCESSING] Meeting IS1006a statistics:
2025-12-07 17:18:59 - data_processing - INFO -     - Original segments: 352
2025-12-07 17:18:59 - data_processing - INFO -     - Overlapping segments created: 274
2025-12-07 17:18:59 - data_processing - INFO -     - Overlap ratio: 77.84%
2025-12-07 17:18:59 - data_processing - INFO -     ✓ CONFIRMED: Found and processed 274 overlapping segments for meeting IS1006a
2025-12-07 17:18:59 - data_processing - INFO - Meeting IS1006b: 4 speakers mapped to slots [0, 1, 2, 3]
2025-12-07 17:18:59 - data_processing - INFO -   [OVERLAP PROCESSING] Meeting IS1006b: Adding 677 original segments...
2025-12-07 17:18:59 - data_processing - INFO -   [OVERLAP PROCESSING] Meeting IS1006b: Detecting overlapping segments...
2025-12-07 17:18:59 - data_processing - INFO -   [OVERLAP PROCESSING] Examples of overlapping segments for meeting IS1006b:
2025-12-07 17:18:59 - data_processing - INFO -     Example 1: Speakers ['MIO008', 'FIO041'] -> Slots [1, 2], Time: 27.84s-28.20s (0.36s)
2025-12-07 17:18:59 - data_processing - INFO -     Example 2: Speakers ['FIO041', 'MIO008'] -> Slots [2, 1], Time: 85.31s-86.20s (0.89s)
2025-12-07 17:18:59 - data_processing - INFO -     Example 3: Speakers ['FIO041', 'MIO008'] -> Slots [2, 1], Time: 94.24s-94.98s (0.74s)
2025-12-07 17:18:59 - data_processing - INFO -   [OVERLAP PROCESSING] Meeting IS1006b statistics:
2025-12-07 17:18:59 - data_processing - INFO -     - Original segments: 677
2025-12-07 17:18:59 - data_processing - INFO -     - Overlapping segments created: 431
2025-12-07 17:18:59 - data_processing - INFO -     - Overlap ratio: 63.66%
2025-12-07 17:18:59 - data_processing - INFO -     ✓ CONFIRMED: Found and processed 431 overlapping segments for meeting IS1006b
2025-12-07 17:18:59 - data_processing - INFO - Meeting IS1006c: 4 speakers mapped to slots [0, 1, 2, 3]
2025-12-07 17:18:59 - data_processing - INFO -   [OVERLAP PROCESSING] Meeting IS1006c: Adding 686 original segments...
2025-12-07 17:18:59 - data_processing - INFO -   [OVERLAP PROCESSING] Meeting IS1006c: Detecting overlapping segments...
2025-12-07 17:19:00 - data_processing - INFO -   [OVERLAP PROCESSING] Examples of overlapping segments for meeting IS1006c:
2025-12-07 17:19:00 - data_processing - INFO -     Example 1: Speakers ['FIO041', 'MIO008'] -> Slots [2, 1], Time: 28.72s-28.92s (0.20s)
2025-12-07 17:19:00 - data_processing - INFO -     Example 2: Speakers ['FIO041', 'MIO040'] -> Slots [2, 0], Time: 36.26s-36.28s (0.02s)
2025-12-07 17:19:00 - data_processing - INFO -     Example 3: Speakers ['MIO040', 'MIO008'] -> Slots [0, 1], Time: 37.55s-45.45s (7.90s)
2025-12-07 17:19:00 - data_processing - INFO -   [OVERLAP PROCESSING] Meeting IS1006c statistics:
2025-12-07 17:19:00 - data_processing - INFO -     - Original segments: 686
2025-12-07 17:19:00 - data_processing - INFO -     - Overlapping segments created: 475
2025-12-07 17:19:00 - data_processing - INFO -     - Overlap ratio: 69.24%
2025-12-07 17:19:00 - data_processing - INFO -     ✓ CONFIRMED: Found and processed 475 overlapping segments for meeting IS1006c
2025-12-07 17:19:00 - data_processing - INFO - Meeting IS1006d: 4 speakers mapped to slots [0, 1, 2, 3]
2025-12-07 17:19:00 - data_processing - INFO -   [OVERLAP PROCESSING] Meeting IS1006d: Adding 1156 original segments...
2025-12-07 17:19:00 - data_processing - INFO -   [OVERLAP PROCESSING] Meeting IS1006d: Detecting overlapping segments...
2025-12-07 17:19:00 - data_processing - INFO -   [OVERLAP PROCESSING] Examples of overlapping segments for meeting IS1006d:
2025-12-07 17:19:00 - data_processing - INFO -     Example 1: Speakers ['MIO008', 'FIO041'] -> Slots [1, 2], Time: 33.63s-36.22s (2.59s)
2025-12-07 17:19:00 - data_processing - INFO -     Example 2: Speakers ['FIO041', 'MIO008'] -> Slots [2, 1], Time: 64.30s-64.62s (0.32s)
2025-12-07 17:19:00 - data_processing - INFO -     Example 3: Speakers ['FIO041', 'MIO040'] -> Slots [2, 0], Time: 64.49s-64.62s (0.13s)
2025-12-07 17:19:00 - data_processing - INFO -   [OVERLAP PROCESSING] Meeting IS1006d statistics:
2025-12-07 17:19:00 - data_processing - INFO -     - Original segments: 1156
2025-12-07 17:19:00 - data_processing - INFO -     - Overlapping segments created: 987
2025-12-07 17:19:00 - data_processing - INFO -     - Overlap ratio: 85.38%
2025-12-07 17:19:00 - data_processing - INFO -     ✓ CONFIRMED: Found and processed 987 overlapping segments for meeting IS1006d
2025-12-07 17:19:00 - data_processing - INFO - Meeting IS1007a: 4 speakers mapped to slots [0, 1, 2, 3]
2025-12-07 17:19:00 - data_processing - INFO -   [OVERLAP PROCESSING] Meeting IS1007a: Adding 326 original segments...
2025-12-07 17:19:00 - data_processing - INFO -   [OVERLAP PROCESSING] Meeting IS1007a: Detecting overlapping segments...
2025-12-07 17:19:01 - data_processing - INFO -   [OVERLAP PROCESSING] Examples of overlapping segments for meeting IS1007a:
2025-12-07 17:19:01 - data_processing - INFO -     Example 1: Speakers ['MIO049', 'MIO075'] -> Slots [0, 1], Time: 73.88s-74.15s (0.27s)
2025-12-07 17:19:01 - data_processing - INFO -     Example 2: Speakers ['MIO075', 'MIO025'] -> Slots [1, 2], Time: 75.15s-77.15s (2.00s)
2025-12-07 17:19:01 - data_processing - INFO -     Example 3: Speakers ['MIO075', 'MIO072'] -> Slots [1, 3], Time: 75.16s-75.70s (0.54s)
2025-12-07 17:19:01 - data_processing - INFO -   [OVERLAP PROCESSING] Meeting IS1007a statistics:
2025-12-07 17:19:01 - data_processing - INFO -     - Original segments: 326
2025-12-07 17:19:01 - data_processing - INFO -     - Overlapping segments created: 180
2025-12-07 17:19:01 - data_processing - INFO -     - Overlap ratio: 55.21%
2025-12-07 17:19:01 - data_processing - INFO -     ✓ CONFIRMED: Found and processed 180 overlapping segments for meeting IS1007a
2025-12-07 17:19:01 - data_processing - INFO - Meeting IS1007b: 4 speakers mapped to slots [0, 1, 2, 3]
2025-12-07 17:19:01 - data_processing - INFO -   [OVERLAP PROCESSING] Meeting IS1007b: Adding 432 original segments...
2025-12-07 17:19:01 - data_processing - INFO -   [OVERLAP PROCESSING] Meeting IS1007b: Detecting overlapping segments...
2025-12-07 17:19:01 - data_processing - INFO -   [OVERLAP PROCESSING] Examples of overlapping segments for meeting IS1007b:
2025-12-07 17:19:01 - data_processing - INFO -     Example 1: Speakers ['MIO049', 'MIO025'] -> Slots [0, 2], Time: 62.97s-63.43s (0.46s)
2025-12-07 17:19:01 - data_processing - INFO -     Example 2: Speakers ['MIO049', 'MIO075'] -> Slots [0, 1], Time: 69.65s-69.79s (0.14s)
2025-12-07 17:19:01 - data_processing - INFO -     Example 3: Speakers ['MIO075', 'MIO049'] -> Slots [1, 0], Time: 69.79s-70.02s (0.23s)
2025-12-07 17:19:01 - data_processing - INFO -   [OVERLAP PROCESSING] Meeting IS1007b statistics:
2025-12-07 17:19:01 - data_processing - INFO -     - Original segments: 432
2025-12-07 17:19:01 - data_processing - INFO -     - Overlapping segments created: 278
2025-12-07 17:19:01 - data_processing - INFO -     - Overlap ratio: 64.35%
2025-12-07 17:19:01 - data_processing - INFO -     ✓ CONFIRMED: Found and processed 278 overlapping segments for meeting IS1007b
2025-12-07 17:19:01 - data_processing - INFO - Meeting IS1007c: 4 speakers mapped to slots [0, 1, 2, 3]
2025-12-07 17:19:01 - data_processing - INFO -   [OVERLAP PROCESSING] Meeting IS1007c: Adding 655 original segments...
2025-12-07 17:19:01 - data_processing - INFO -   [OVERLAP PROCESSING] Meeting IS1007c: Detecting overlapping segments...
2025-12-07 17:19:02 - data_processing - INFO -   [OVERLAP PROCESSING] Examples of overlapping segments for meeting IS1007c:
2025-12-07 17:19:02 - data_processing - INFO -     Example 1: Speakers ['MIO075', 'MIO049'] -> Slots [1, 0], Time: 81.59s-82.75s (1.16s)
2025-12-07 17:19:02 - data_processing - INFO -     Example 2: Speakers ['MIO075', 'MIO049'] -> Slots [1, 0], Time: 83.73s-85.24s (1.51s)
2025-12-07 17:19:02 - data_processing - INFO -     Example 3: Speakers ['MIO075', 'MIO049'] -> Slots [1, 0], Time: 103.06s-103.80s (0.74s)
2025-12-07 17:19:02 - data_processing - INFO -   [OVERLAP PROCESSING] Meeting IS1007c statistics:
2025-12-07 17:19:02 - data_processing - INFO -     - Original segments: 655
2025-12-07 17:19:02 - data_processing - INFO -     - Overlapping segments created: 436
2025-12-07 17:19:02 - data_processing - INFO -     - Overlap ratio: 66.56%
2025-12-07 17:19:02 - data_processing - INFO -     ✓ CONFIRMED: Found and processed 436 overlapping segments for meeting IS1007c
2025-12-07 17:19:02 - data_processing - INFO - Meeting IS1007d: 4 speakers mapped to slots [0, 1, 2, 3]
2025-12-07 17:19:02 - data_processing - INFO -   [OVERLAP PROCESSING] Meeting IS1007d: Adding 637 original segments...
2025-12-07 17:19:02 - data_processing - INFO -   [OVERLAP PROCESSING] Meeting IS1007d: Detecting overlapping segments...
2025-12-07 17:19:02 - data_processing - INFO -   [OVERLAP PROCESSING] Examples of overlapping segments for meeting IS1007d:
2025-12-07 17:19:02 - data_processing - INFO -     Example 1: Speakers ['MIO025', 'MIO049'] -> Slots [2, 0], Time: 58.78s-65.80s (7.02s)
2025-12-07 17:19:02 - data_processing - INFO -     Example 2: Speakers ['MIO025', 'MIO049'] -> Slots [2, 0], Time: 65.80s-68.27s (2.47s)
2025-12-07 17:19:02 - data_processing - INFO -     Example 3: Speakers ['MIO025', 'MIO049'] -> Slots [2, 0], Time: 68.27s-69.53s (1.26s)
2025-12-07 17:19:02 - data_processing - INFO -   [OVERLAP PROCESSING] Meeting IS1007d statistics:
2025-12-07 17:19:02 - data_processing - INFO -     - Original segments: 637
2025-12-07 17:19:02 - data_processing - INFO -     - Overlapping segments created: 429
2025-12-07 17:19:02 - data_processing - INFO -     - Overlap ratio: 67.35%
2025-12-07 17:19:02 - data_processing - INFO -     ✓ CONFIRMED: Found and processed 429 overlapping segments for meeting IS1007d
2025-12-07 17:19:02 - data_processing - INFO - Meeting TS3005a: 4 speakers mapped to slots [0, 1, 2, 3]
2025-12-07 17:19:02 - data_processing - INFO -   [OVERLAP PROCESSING] Meeting TS3005a: Adding 441 original segments...
2025-12-07 17:19:02 - data_processing - INFO -   [OVERLAP PROCESSING] Meeting TS3005a: Detecting overlapping segments...
2025-12-07 17:19:03 - data_processing - INFO -   [OVERLAP PROCESSING] Examples of overlapping segments for meeting TS3005a:
2025-12-07 17:19:03 - data_processing - INFO -     Example 1: Speakers ['MTD018ID', 'FTD019UID'] -> Slots [2, 3], Time: 76.39s-76.48s (0.09s)
2025-12-07 17:19:03 - data_processing - INFO -     Example 2: Speakers ['MTD017PM', 'FTD019UID'] -> Slots [1, 3], Time: 156.81s-156.91s (0.10s)
2025-12-07 17:19:03 - data_processing - INFO -     Example 3: Speakers ['FTD019UID', 'MTD017PM'] -> Slots [3, 1], Time: 156.91s-157.58s (0.67s)
2025-12-07 17:19:03 - data_processing - INFO -   [OVERLAP PROCESSING] Meeting TS3005a statistics:
2025-12-07 17:19:03 - data_processing - INFO -     - Original segments: 441
2025-12-07 17:19:03 - data_processing - INFO -     - Overlapping segments created: 232
2025-12-07 17:19:03 - data_processing - INFO -     - Overlap ratio: 52.61%
2025-12-07 17:19:03 - data_processing - INFO -     ✓ CONFIRMED: Found and processed 232 overlapping segments for meeting TS3005a
2025-12-07 17:19:03 - data_processing - INFO - Meeting TS3005b: 4 speakers mapped to slots [0, 1, 2, 3]
2025-12-07 17:19:03 - data_processing - INFO -   [OVERLAP PROCESSING] Meeting TS3005b: Adding 1018 original segments...
2025-12-07 17:19:03 - data_processing - INFO -   [OVERLAP PROCESSING] Meeting TS3005b: Detecting overlapping segments...
2025-12-07 17:19:03 - data_processing - INFO -   [OVERLAP PROCESSING] Examples of overlapping segments for meeting TS3005b:
2025-12-07 17:19:03 - data_processing - INFO -     Example 1: Speakers ['FTD019UID', 'MTD018ID'] -> Slots [1, 3], Time: 53.94s-54.67s (0.73s)
2025-12-07 17:19:03 - data_processing - INFO -     Example 2: Speakers ['MTD018ID', 'FTD019UID'] -> Slots [3, 1], Time: 54.67s-55.56s (0.89s)
2025-12-07 17:19:03 - data_processing - INFO -     Example 3: Speakers ['FTD019UID', 'MTD018ID'] -> Slots [1, 3], Time: 55.56s-56.07s (0.51s)
2025-12-07 17:19:03 - data_processing - INFO -   [OVERLAP PROCESSING] Meeting TS3005b statistics:
2025-12-07 17:19:03 - data_processing - INFO -     - Original segments: 1018
2025-12-07 17:19:03 - data_processing - INFO -     - Overlapping segments created: 592
2025-12-07 17:19:03 - data_processing - INFO -     - Overlap ratio: 58.15%
2025-12-07 17:19:03 - data_processing - INFO -     ✓ CONFIRMED: Found and processed 592 overlapping segments for meeting TS3005b
2025-12-07 17:19:03 - data_processing - INFO - Meeting TS3005c: 4 speakers mapped to slots [0, 1, 2, 3]
2025-12-07 17:19:03 - data_processing - INFO -   [OVERLAP PROCESSING] Meeting TS3005c: Adding 904 original segments...
2025-12-07 17:19:03 - data_processing - INFO -   [OVERLAP PROCESSING] Meeting TS3005c: Detecting overlapping segments...
2025-12-07 17:19:04 - data_processing - INFO -   [OVERLAP PROCESSING] Examples of overlapping segments for meeting TS3005c:
2025-12-07 17:19:04 - data_processing - INFO -     Example 1: Speakers ['MTD017PM', 'MTD020ME'] -> Slots [2, 0], Time: 266.98s-267.45s (0.47s)
2025-12-07 17:19:04 - data_processing - INFO -     Example 2: Speakers ['MTD017PM', 'MTD018ID'] -> Slots [2, 1], Time: 270.14s-270.81s (0.67s)
2025-12-07 17:19:04 - data_processing - INFO -     Example 3: Speakers ['MTD017PM', 'FTD019UID'] -> Slots [2, 3], Time: 270.77s-271.35s (0.58s)
2025-12-07 17:19:04 - data_processing - INFO -   [OVERLAP PROCESSING] Meeting TS3005c statistics:
2025-12-07 17:19:04 - data_processing - INFO -     - Original segments: 904
2025-12-07 17:19:04 - data_processing - INFO -     - Overlapping segments created: 546
2025-12-07 17:19:04 - data_processing - INFO -     - Overlap ratio: 60.40%
2025-12-07 17:19:04 - data_processing - INFO -     ✓ CONFIRMED: Found and processed 546 overlapping segments for meeting TS3005c
2025-12-07 17:19:04 - data_processing - INFO - Meeting TS3005d: 4 speakers mapped to slots [0, 1, 2, 3]
2025-12-07 17:19:04 - data_processing - INFO -   [OVERLAP PROCESSING] Meeting TS3005d: Adding 1636 original segments...
2025-12-07 17:19:04 - data_processing - INFO -   [OVERLAP PROCESSING] Meeting TS3005d: Detecting overlapping segments...
2025-12-07 17:19:05 - data_processing - INFO -   [OVERLAP PROCESSING] Examples of overlapping segments for meeting TS3005d:
2025-12-07 17:19:05 - data_processing - INFO -     Example 1: Speakers ['FTD019UID', 'MTD017PM'] -> Slots [0, 1], Time: 9.27s-9.35s (0.08s)
2025-12-07 17:19:05 - data_processing - INFO -     Example 2: Speakers ['MTD017PM', 'FTD019UID'] -> Slots [1, 0], Time: 11.69s-11.89s (0.20s)
2025-12-07 17:19:05 - data_processing - INFO -     Example 3: Speakers ['MTD017PM', 'FTD019UID'] -> Slots [1, 0], Time: 18.03s-18.28s (0.25s)
2025-12-07 17:19:05 - data_processing - INFO -   [OVERLAP PROCESSING] Meeting TS3005d statistics:
2025-12-07 17:19:05 - data_processing - INFO -     - Original segments: 1636
2025-12-07 17:19:05 - data_processing - INFO -     - Overlapping segments created: 1248
2025-12-07 17:19:05 - data_processing - INFO -     - Overlap ratio: 76.28%
2025-12-07 17:19:05 - data_processing - INFO -     ✓ CONFIRMED: Found and processed 1248 overlapping segments for meeting TS3005d
2025-12-07 17:19:05 - data_processing - INFO - Meeting TS3006a: 4 speakers mapped to slots [0, 1, 2, 3]
2025-12-07 17:19:05 - data_processing - INFO -   [OVERLAP PROCESSING] Meeting TS3006a: Adding 594 original segments...
2025-12-07 17:19:05 - data_processing - INFO -   [OVERLAP PROCESSING] Meeting TS3006a: Detecting overlapping segments...
2025-12-07 17:19:05 - data_processing - INFO -   [OVERLAP PROCESSING] Examples of overlapping segments for meeting TS3006a:
2025-12-07 17:19:05 - data_processing - INFO -     Example 1: Speakers ['MTD024ME', 'MTD023UID'] -> Slots [3, 1], Time: 43.14s-43.34s (0.20s)
2025-12-07 17:19:05 - data_processing - INFO -     Example 2: Speakers ['MTD023UID', 'MTD024ME'] -> Slots [1, 3], Time: 74.79s-76.20s (1.41s)
2025-12-07 17:19:05 - data_processing - INFO -     Example 3: Speakers ['MTD023UID', 'MTD024ME'] -> Slots [1, 3], Time: 76.20s-77.47s (1.27s)
2025-12-07 17:19:05 - data_processing - INFO -   [OVERLAP PROCESSING] Meeting TS3006a statistics:
2025-12-07 17:19:05 - data_processing - INFO -     - Original segments: 594
2025-12-07 17:19:05 - data_processing - INFO -     - Overlapping segments created: 379
2025-12-07 17:19:05 - data_processing - INFO -     - Overlap ratio: 63.80%
2025-12-07 17:19:05 - data_processing - INFO -     ✓ CONFIRMED: Found and processed 379 overlapping segments for meeting TS3006a
2025-12-07 17:19:05 - data_processing - INFO - Meeting TS3006b: 4 speakers mapped to slots [0, 1, 2, 3]
2025-12-07 17:19:05 - data_processing - INFO -   [OVERLAP PROCESSING] Meeting TS3006b: Adding 1221 original segments...
2025-12-07 17:19:05 - data_processing - INFO -   [OVERLAP PROCESSING] Meeting TS3006b: Detecting overlapping segments...
2025-12-07 17:19:06 - data_processing - INFO -   [OVERLAP PROCESSING] Examples of overlapping segments for meeting TS3006b:
2025-12-07 17:19:06 - data_processing - INFO -     Example 1: Speakers ['MTD021PM', 'MTD022ID'] -> Slots [3, 0], Time: 31.51s-32.10s (0.59s)
2025-12-07 17:19:06 - data_processing - INFO -     Example 2: Speakers ['MTD021PM', 'MTD024ME'] -> Slots [3, 1], Time: 34.14s-35.09s (0.95s)
2025-12-07 17:19:06 - data_processing - INFO -     Example 3: Speakers ['MTD024ME', 'MTD021PM'] -> Slots [1, 3], Time: 36.01s-37.01s (1.00s)
2025-12-07 17:19:06 - data_processing - INFO -   [OVERLAP PROCESSING] Meeting TS3006b statistics:
2025-12-07 17:19:06 - data_processing - INFO -     - Original segments: 1221
2025-12-07 17:19:06 - data_processing - INFO -     - Overlapping segments created: 908
2025-12-07 17:19:06 - data_processing - INFO -     - Overlap ratio: 74.37%
2025-12-07 17:19:06 - data_processing - INFO -     ✓ CONFIRMED: Found and processed 908 overlapping segments for meeting TS3006b
2025-12-07 17:19:06 - data_processing - INFO - Meeting TS3006c: 4 speakers mapped to slots [0, 1, 2, 3]
2025-12-07 17:19:06 - data_processing - INFO -   [OVERLAP PROCESSING] Meeting TS3006c: Adding 1335 original segments...
2025-12-07 17:19:06 - data_processing - INFO -   [OVERLAP PROCESSING] Meeting TS3006c: Detecting overlapping segments...
2025-12-07 17:19:06 - data_processing - INFO -   [OVERLAP PROCESSING] Examples of overlapping segments for meeting TS3006c:
2025-12-07 17:19:06 - data_processing - INFO -     Example 1: Speakers ['MTD022ID', 'MTD024ME'] -> Slots [0, 3], Time: 90.38s-91.64s (1.26s)
2025-12-07 17:19:06 - data_processing - INFO -     Example 2: Speakers ['MTD022ID', 'MTD021PM'] -> Slots [0, 2], Time: 91.53s-92.51s (0.98s)
2025-12-07 17:19:06 - data_processing - INFO -     Example 3: Speakers ['MTD022ID', 'MTD024ME'] -> Slots [0, 3], Time: 92.86s-93.25s (0.39s)
2025-12-07 17:19:06 - data_processing - INFO -   [OVERLAP PROCESSING] Meeting TS3006c statistics:
2025-12-07 17:19:06 - data_processing - INFO -     - Original segments: 1335
2025-12-07 17:19:06 - data_processing - INFO -     - Overlapping segments created: 968
2025-12-07 17:19:06 - data_processing - INFO -     - Overlap ratio: 72.51%
2025-12-07 17:19:06 - data_processing - INFO -     ✓ CONFIRMED: Found and processed 968 overlapping segments for meeting TS3006c
2025-12-07 17:19:06 - data_processing - INFO - Meeting TS3006d: 4 speakers mapped to slots [0, 1, 2, 3]
2025-12-07 17:19:06 - data_processing - INFO -   [OVERLAP PROCESSING] Meeting TS3006d: Adding 1728 original segments...
2025-12-07 17:19:06 - data_processing - INFO -   [OVERLAP PROCESSING] Meeting TS3006d: Detecting overlapping segments...
2025-12-07 17:19:08 - data_processing - INFO -   [OVERLAP PROCESSING] Examples of overlapping segments for meeting TS3006d:
2025-12-07 17:19:08 - data_processing - INFO -     Example 1: Speakers ['MTD021PM', 'MTD023UID'] -> Slots [3, 2], Time: 8.72s-9.28s (0.56s)
2025-12-07 17:19:08 - data_processing - INFO -     Example 2: Speakers ['MTD021PM', 'MTD024ME'] -> Slots [3, 1], Time: 10.36s-11.02s (0.66s)
2025-12-07 17:19:08 - data_processing - INFO -     Example 3: Speakers ['MTD024ME', 'MTD021PM'] -> Slots [1, 3], Time: 11.02s-11.54s (0.52s)
2025-12-07 17:19:08 - data_processing - INFO -   [OVERLAP PROCESSING] Meeting TS3006d statistics:
2025-12-07 17:19:08 - data_processing - INFO -     - Original segments: 1728
2025-12-07 17:19:08 - data_processing - INFO -     - Overlapping segments created: 1196
2025-12-07 17:19:08 - data_processing - INFO -     - Overlap ratio: 69.21%
2025-12-07 17:19:08 - data_processing - INFO -     ✓ CONFIRMED: Found and processed 1196 overlapping segments for meeting TS3006d
2025-12-07 17:19:08 - data_processing - INFO - Meeting TS3007a: 4 speakers mapped to slots [0, 1, 2, 3]
2025-12-07 17:19:08 - data_processing - INFO -   [OVERLAP PROCESSING] Meeting TS3007a: Adding 593 original segments...
2025-12-07 17:19:08 - data_processing - INFO -   [OVERLAP PROCESSING] Meeting TS3007a: Detecting overlapping segments...
2025-12-07 17:19:08 - data_processing - INFO -   [OVERLAP PROCESSING] Examples of overlapping segments for meeting TS3007a:
2025-12-07 17:19:08 - data_processing - INFO -     Example 1: Speakers ['MTD027ID', 'MTD026UID'] -> Slots [0, 1], Time: 42.89s-43.27s (0.38s)
2025-12-07 17:19:08 - data_processing - INFO -     Example 2: Speakers ['MTD025PM', 'MTD028ME'] -> Slots [3, 2], Time: 55.46s-56.38s (0.92s)
2025-12-07 17:19:08 - data_processing - INFO -     Example 3: Speakers ['MTD025PM', 'MTD028ME'] -> Slots [3, 2], Time: 57.62s-58.02s (0.40s)
2025-12-07 17:19:08 - data_processing - INFO -   [OVERLAP PROCESSING] Meeting TS3007a statistics:
2025-12-07 17:19:08 - data_processing - INFO -     - Original segments: 593
2025-12-07 17:19:08 - data_processing - INFO -     - Overlapping segments created: 220
2025-12-07 17:19:08 - data_processing - INFO -     - Overlap ratio: 37.10%
2025-12-07 17:19:08 - data_processing - INFO -     ✓ CONFIRMED: Found and processed 220 overlapping segments for meeting TS3007a
2025-12-07 17:19:08 - data_processing - INFO - Meeting TS3007b: 4 speakers mapped to slots [0, 1, 2, 3]
2025-12-07 17:19:08 - data_processing - INFO -   [OVERLAP PROCESSING] Meeting TS3007b: Adding 727 original segments...
2025-12-07 17:19:08 - data_processing - INFO -   [OVERLAP PROCESSING] Meeting TS3007b: Detecting overlapping segments...
2025-12-07 17:19:08 - data_processing - INFO -   [OVERLAP PROCESSING] Examples of overlapping segments for meeting TS3007b:
2025-12-07 17:19:08 - data_processing - INFO -     Example 1: Speakers ['MTD026UID', 'MTD027ID'] -> Slots [1, 0], Time: 4.93s-5.50s (0.57s)
2025-12-07 17:19:08 - data_processing - INFO -     Example 2: Speakers ['MTD026UID', 'MTD025PM'] -> Slots [1, 3], Time: 5.44s-5.91s (0.47s)
2025-12-07 17:19:08 - data_processing - INFO -     Example 3: Speakers ['MTD027ID', 'MTD025PM'] -> Slots [0, 3], Time: 5.44s-5.50s (0.06s)
2025-12-07 17:19:08 - data_processing - INFO -   [OVERLAP PROCESSING] Meeting TS3007b statistics:
2025-12-07 17:19:08 - data_processing - INFO -     - Original segments: 727
2025-12-07 17:19:08 - data_processing - INFO -     - Overlapping segments created: 354
2025-12-07 17:19:08 - data_processing - INFO -     - Overlap ratio: 48.69%
2025-12-07 17:19:08 - data_processing - INFO -     ✓ CONFIRMED: Found and processed 354 overlapping segments for meeting TS3007b
2025-12-07 17:19:08 - data_processing - INFO - Meeting TS3007c: 4 speakers mapped to slots [0, 1, 2, 3]
2025-12-07 17:19:08 - data_processing - INFO -   [OVERLAP PROCESSING] Meeting TS3007c: Adding 987 original segments...
2025-12-07 17:19:08 - data_processing - INFO -   [OVERLAP PROCESSING] Meeting TS3007c: Detecting overlapping segments...
2025-12-07 17:19:09 - data_processing - INFO -   [OVERLAP PROCESSING] Examples of overlapping segments for meeting TS3007c:
2025-12-07 17:19:09 - data_processing - INFO -     Example 1: Speakers ['MTD026UID', 'MTD027ID'] -> Slots [0, 1], Time: 4.90s-5.40s (0.50s)
2025-12-07 17:19:09 - data_processing - INFO -     Example 2: Speakers ['MTD026UID', 'MTD028ME'] -> Slots [0, 2], Time: 5.62s-6.79s (1.17s)
2025-12-07 17:19:09 - data_processing - INFO -     Example 3: Speakers ['MTD027ID', 'MTD025PM'] -> Slots [1, 3], Time: 8.86s-9.30s (0.44s)
2025-12-07 17:19:09 - data_processing - INFO -   [OVERLAP PROCESSING] Meeting TS3007c statistics:
2025-12-07 17:19:09 - data_processing - INFO -     - Original segments: 987
2025-12-07 17:19:09 - data_processing - INFO -     - Overlapping segments created: 604
2025-12-07 17:19:09 - data_processing - INFO -     - Overlap ratio: 61.20%
2025-12-07 17:19:09 - data_processing - INFO -     ✓ CONFIRMED: Found and processed 604 overlapping segments for meeting TS3007c
2025-12-07 17:19:09 - data_processing - INFO - Meeting TS3007d: 4 speakers mapped to slots [0, 1, 2, 3]
2025-12-07 17:19:09 - data_processing - INFO -   [OVERLAP PROCESSING] Meeting TS3007d: Adding 1387 original segments...
2025-12-07 17:19:09 - data_processing - INFO -   [OVERLAP PROCESSING] Meeting TS3007d: Detecting overlapping segments...
2025-12-07 17:19:09 - data_processing - INFO -   [OVERLAP PROCESSING] Examples of overlapping segments for meeting TS3007d:
2025-12-07 17:19:09 - data_processing - INFO -     Example 1: Speakers ['MTD025PM', 'MTD027ID'] -> Slots [3, 1], Time: 115.84s-116.17s (0.33s)
2025-12-07 17:19:09 - data_processing - INFO -     Example 2: Speakers ['MTD025PM', 'MTD028ME'] -> Slots [3, 2], Time: 116.30s-117.66s (1.36s)
2025-12-07 17:19:09 - data_processing - INFO -     Example 3: Speakers ['MTD025PM', 'MTD026UID'] -> Slots [3, 0], Time: 121.20s-121.96s (0.76s)
2025-12-07 17:19:09 - data_processing - INFO -   [OVERLAP PROCESSING] Meeting TS3007d statistics:
2025-12-07 17:19:09 - data_processing - INFO -     - Original segments: 1387
2025-12-07 17:19:09 - data_processing - INFO -     - Overlapping segments created: 981
2025-12-07 17:19:09 - data_processing - INFO -     - Overlap ratio: 70.73%
2025-12-07 17:19:09 - data_processing - INFO -     ✓ CONFIRMED: Found and processed 981 overlapping segments for meeting TS3007d
2025-12-07 17:19:10 - data_processing - INFO - Meeting TS3008a: 4 speakers mapped to slots [0, 1, 2, 3]
2025-12-07 17:19:10 - data_processing - INFO -   [OVERLAP PROCESSING] Meeting TS3008a: Adding 493 original segments...
2025-12-07 17:19:10 - data_processing - INFO -   [OVERLAP PROCESSING] Meeting TS3008a: Detecting overlapping segments...
2025-12-07 17:19:10 - data_processing - INFO -   [OVERLAP PROCESSING] Examples of overlapping segments for meeting TS3008a:
2025-12-07 17:19:10 - data_processing - INFO -     Example 1: Speakers ['MTD029PM', 'MTD032ME'] -> Slots [3, 0], Time: 76.42s-76.43s (0.01s)
2025-12-07 17:19:10 - data_processing - INFO -     Example 2: Speakers ['MTD032ME', 'MTD031UID'] -> Slots [0, 1], Time: 110.97s-111.34s (0.37s)
2025-12-07 17:19:10 - data_processing - INFO -     Example 3: Speakers ['MTD032ME', 'MTD031UID'] -> Slots [0, 1], Time: 129.35s-129.83s (0.48s)
2025-12-07 17:19:10 - data_processing - INFO -   [OVERLAP PROCESSING] Meeting TS3008a statistics:
2025-12-07 17:19:10 - data_processing - INFO -     - Original segments: 493
2025-12-07 17:19:10 - data_processing - INFO -     - Overlapping segments created: 221
2025-12-07 17:19:10 - data_processing - INFO -     - Overlap ratio: 44.83%
2025-12-07 17:19:10 - data_processing - INFO -     ✓ CONFIRMED: Found and processed 221 overlapping segments for meeting TS3008a
2025-12-07 17:19:10 - data_processing - INFO - Meeting TS3008b: 4 speakers mapped to slots [0, 1, 2, 3]
2025-12-07 17:19:10 - data_processing - INFO -   [OVERLAP PROCESSING] Meeting TS3008b: Adding 889 original segments...
2025-12-07 17:19:10 - data_processing - INFO -   [OVERLAP PROCESSING] Meeting TS3008b: Detecting overlapping segments...
2025-12-07 17:19:10 - data_processing - INFO -   [OVERLAP PROCESSING] Examples of overlapping segments for meeting TS3008b:
2025-12-07 17:19:10 - data_processing - INFO -     Example 1: Speakers ['MTD030ID', 'MTD031UID'] -> Slots [2, 0], Time: 27.61s-28.01s (0.40s)
2025-12-07 17:19:10 - data_processing - INFO -     Example 2: Speakers ['MTD030ID', 'MTD032ME'] -> Slots [2, 1], Time: 28.25s-28.37s (0.12s)
2025-12-07 17:19:10 - data_processing - INFO -     Example 3: Speakers ['MTD032ME', 'MTD030ID'] -> Slots [1, 2], Time: 28.37s-28.57s (0.20s)
2025-12-07 17:19:10 - data_processing - INFO -   [OVERLAP PROCESSING] Meeting TS3008b statistics:
2025-12-07 17:19:10 - data_processing - INFO -     - Original segments: 889
2025-12-07 17:19:10 - data_processing - INFO -     - Overlapping segments created: 495
2025-12-07 17:19:10 - data_processing - INFO -     - Overlap ratio: 55.68%
2025-12-07 17:19:10 - data_processing - INFO -     ✓ CONFIRMED: Found and processed 495 overlapping segments for meeting TS3008b
2025-12-07 17:19:10 - data_processing - INFO - Meeting TS3008c: 4 speakers mapped to slots [0, 1, 2, 3]
2025-12-07 17:19:10 - data_processing - INFO -   [OVERLAP PROCESSING] Meeting TS3008c: Adding 961 original segments...
2025-12-07 17:19:10 - data_processing - INFO -   [OVERLAP PROCESSING] Meeting TS3008c: Detecting overlapping segments...
2025-12-07 17:19:11 - data_processing - INFO -   [OVERLAP PROCESSING] Examples of overlapping segments for meeting TS3008c:
2025-12-07 17:19:11 - data_processing - INFO -     Example 1: Speakers ['MTD029PM', 'MTD031UID'] -> Slots [3, 1], Time: 96.26s-96.80s (0.54s)
2025-12-07 17:19:11 - data_processing - INFO -     Example 2: Speakers ['MTD029PM', 'MTD030ID'] -> Slots [3, 2], Time: 96.31s-96.68s (0.37s)
2025-12-07 17:19:11 - data_processing - INFO -     Example 3: Speakers ['MTD031UID', 'MTD030ID'] -> Slots [1, 2], Time: 96.31s-96.68s (0.37s)
2025-12-07 17:19:11 - data_processing - INFO -   [OVERLAP PROCESSING] Meeting TS3008c statistics:
2025-12-07 17:19:11 - data_processing - INFO -     - Original segments: 961
2025-12-07 17:19:11 - data_processing - INFO -     - Overlapping segments created: 634
2025-12-07 17:19:11 - data_processing - INFO -     - Overlap ratio: 65.97%
2025-12-07 17:19:11 - data_processing - INFO -     ✓ CONFIRMED: Found and processed 634 overlapping segments for meeting TS3008c
2025-12-07 17:19:11 - data_processing - INFO - Meeting TS3008d: 4 speakers mapped to slots [0, 1, 2, 3]
2025-12-07 17:19:11 - data_processing - INFO -   [OVERLAP PROCESSING] Meeting TS3008d: Adding 1245 original segments...
2025-12-07 17:19:11 - data_processing - INFO -   [OVERLAP PROCESSING] Meeting TS3008d: Detecting overlapping segments...
2025-12-07 17:19:11 - data_processing - INFO -   [OVERLAP PROCESSING] Examples of overlapping segments for meeting TS3008d:
2025-12-07 17:19:11 - data_processing - INFO -     Example 1: Speakers ['MTD029PM', 'MTD030ID'] -> Slots [3, 2], Time: 94.74s-94.77s (0.03s)
2025-12-07 17:19:11 - data_processing - INFO -     Example 2: Speakers ['MTD030ID', 'MTD029PM'] -> Slots [2, 3], Time: 94.77s-94.93s (0.16s)
2025-12-07 17:19:11 - data_processing - INFO -     Example 3: Speakers ['MTD030ID', 'MTD031UID'] -> Slots [2, 0], Time: 172.10s-172.84s (0.74s)
2025-12-07 17:19:11 - data_processing - INFO -   [OVERLAP PROCESSING] Meeting TS3008d statistics:
2025-12-07 17:19:11 - data_processing - INFO -     - Original segments: 1245
2025-12-07 17:19:11 - data_processing - INFO -     - Overlapping segments created: 785
2025-12-07 17:19:11 - data_processing - INFO -     - Overlap ratio: 63.05%
2025-12-07 17:19:11 - data_processing - INFO -     ✓ CONFIRMED: Found and processed 785 overlapping segments for meeting TS3008d
2025-12-07 17:19:11 - data_processing - INFO - Meeting TS3009a: 4 speakers mapped to slots [0, 1, 2, 3]
2025-12-07 17:19:11 - data_processing - INFO -   [OVERLAP PROCESSING] Meeting TS3009a: Adding 636 original segments...
2025-12-07 17:19:11 - data_processing - INFO -   [OVERLAP PROCESSING] Meeting TS3009a: Detecting overlapping segments...
2025-12-07 17:19:12 - data_processing - INFO -   [OVERLAP PROCESSING] Examples of overlapping segments for meeting TS3009a:
2025-12-07 17:19:12 - data_processing - INFO -     Example 1: Speakers ['MTD033PM', 'MTD036ME'] -> Slots [3, 1], Time: 64.95s-65.16s (0.21s)
2025-12-07 17:19:12 - data_processing - INFO -     Example 2: Speakers ['MTD036ME', 'MTD033PM'] -> Slots [1, 3], Time: 68.58s-68.94s (0.36s)
2025-12-07 17:19:12 - data_processing - INFO -     Example 3: Speakers ['MTD033PM', 'MTD036ME'] -> Slots [3, 1], Time: 94.32s-94.49s (0.17s)
2025-12-07 17:19:12 - data_processing - INFO -   [OVERLAP PROCESSING] Meeting TS3009a statistics:
2025-12-07 17:19:12 - data_processing - INFO -     - Original segments: 636
2025-12-07 17:19:12 - data_processing - INFO -     - Overlapping segments created: 416
2025-12-07 17:19:12 - data_processing - INFO -     - Overlap ratio: 65.41%
2025-12-07 17:19:12 - data_processing - INFO -     ✓ CONFIRMED: Found and processed 416 overlapping segments for meeting TS3009a
2025-12-07 17:19:12 - data_processing - INFO - Meeting TS3009b: 4 speakers mapped to slots [0, 1, 2, 3]
2025-12-07 17:19:12 - data_processing - INFO -   [OVERLAP PROCESSING] Meeting TS3009b: Adding 1190 original segments...
2025-12-07 17:19:12 - data_processing - INFO -   [OVERLAP PROCESSING] Meeting TS3009b: Detecting overlapping segments...
2025-12-07 17:19:12 - data_processing - INFO -   [OVERLAP PROCESSING] Examples of overlapping segments for meeting TS3009b:
2025-12-07 17:19:12 - data_processing - INFO -     Example 1: Speakers ['MTD033PM', 'MTD036ME'] -> Slots [3, 2], Time: 67.09s-67.67s (0.58s)
2025-12-07 17:19:12 - data_processing - INFO -     Example 2: Speakers ['MTD033PM', 'MTD034ID'] -> Slots [3, 1], Time: 93.61s-94.14s (0.53s)
2025-12-07 17:19:12 - data_processing - INFO -     Example 3: Speakers ['MTD034ID', 'MTD033PM'] -> Slots [1, 3], Time: 94.14s-94.20s (0.06s)
2025-12-07 17:19:12 - data_processing - INFO -   [OVERLAP PROCESSING] Meeting TS3009b statistics:
2025-12-07 17:19:12 - data_processing - INFO -     - Original segments: 1190
2025-12-07 17:19:12 - data_processing - INFO -     - Overlapping segments created: 858
2025-12-07 17:19:12 - data_processing - INFO -     - Overlap ratio: 72.10%
2025-12-07 17:19:12 - data_processing - INFO -     ✓ CONFIRMED: Found and processed 858 overlapping segments for meeting TS3009b
2025-12-07 17:19:12 - data_processing - INFO - Meeting TS3009c: 4 speakers mapped to slots [0, 1, 2, 3]
2025-12-07 17:19:12 - data_processing - INFO -   [OVERLAP PROCESSING] Meeting TS3009c: Adding 1247 original segments...
2025-12-07 17:19:12 - data_processing - INFO -   [OVERLAP PROCESSING] Meeting TS3009c: Detecting overlapping segments...
2025-12-07 17:19:13 - data_processing - INFO -   [OVERLAP PROCESSING] Examples of overlapping segments for meeting TS3009c:
2025-12-07 17:19:13 - data_processing - INFO -     Example 1: Speakers ['MTD033PM', 'MTD036ME'] -> Slots [3, 2], Time: 43.59s-44.05s (0.46s)
2025-12-07 17:19:13 - data_processing - INFO -     Example 2: Speakers ['MTD033PM', 'MTD036ME'] -> Slots [3, 2], Time: 46.59s-47.10s (0.51s)
2025-12-07 17:19:13 - data_processing - INFO -     Example 3: Speakers ['MTD033PM', 'MTD036ME'] -> Slots [3, 2], Time: 51.57s-51.95s (0.38s)
2025-12-07 17:19:13 - data_processing - INFO -   [OVERLAP PROCESSING] Meeting TS3009c statistics:
2025-12-07 17:19:13 - data_processing - INFO -     - Original segments: 1247
2025-12-07 17:19:13 - data_processing - INFO -     - Overlapping segments created: 913
2025-12-07 17:19:13 - data_processing - INFO -     - Overlap ratio: 73.22%
2025-12-07 17:19:13 - data_processing - INFO -     ✓ CONFIRMED: Found and processed 913 overlapping segments for meeting TS3009c
2025-12-07 17:19:13 - data_processing - INFO - Meeting TS3009d: 4 speakers mapped to slots [0, 1, 2, 3]
2025-12-07 17:19:13 - data_processing - INFO -   [OVERLAP PROCESSING] Meeting TS3009d: Adding 1186 original segments...
2025-12-07 17:19:13 - data_processing - INFO -   [OVERLAP PROCESSING] Meeting TS3009d: Detecting overlapping segments...
2025-12-07 17:19:14 - data_processing - INFO -   [OVERLAP PROCESSING] Examples of overlapping segments for meeting TS3009d:
2025-12-07 17:19:14 - data_processing - INFO -     Example 1: Speakers ['MTD034ID', 'MTD033PM'] -> Slots [1, 3], Time: 39.43s-40.52s (1.09s)
2025-12-07 17:19:14 - data_processing - INFO -     Example 2: Speakers ['MTD034ID', 'MTD033PM'] -> Slots [1, 3], Time: 41.71s-41.92s (0.21s)
2025-12-07 17:19:14 - data_processing - INFO -     Example 3: Speakers ['MTD033PM', 'MTD034ID'] -> Slots [3, 1], Time: 41.92s-43.31s (1.39s)
2025-12-07 17:19:14 - data_processing - INFO -   [OVERLAP PROCESSING] Meeting TS3009d statistics:
2025-12-07 17:19:14 - data_processing - INFO -     - Original segments: 1186
2025-12-07 17:19:14 - data_processing - INFO -     - Overlapping segments created: 871
2025-12-07 17:19:14 - data_processing - INFO -     - Overlap ratio: 73.44%
2025-12-07 17:19:14 - data_processing - INFO -     ✓ CONFIRMED: Found and processed 871 overlapping segments for meeting TS3009d
2025-12-07 17:19:14 - data_processing - INFO - Meeting TS3010a: 4 speakers mapped to slots [0, 1, 2, 3]
2025-12-07 17:19:14 - data_processing - INFO -   [OVERLAP PROCESSING] Meeting TS3010a: Adding 231 original segments...
2025-12-07 17:19:14 - data_processing - INFO -   [OVERLAP PROCESSING] Meeting TS3010a: Detecting overlapping segments...
2025-12-07 17:19:14 - data_processing - INFO -   [OVERLAP PROCESSING] Examples of overlapping segments for meeting TS3010a:
2025-12-07 17:19:14 - data_processing - INFO -     Example 1: Speakers ['MTD037PM', 'MTD040ME'] -> Slots [0, 2], Time: 117.21s-117.30s (0.09s)
2025-12-07 17:19:14 - data_processing - INFO -     Example 2: Speakers ['MTD037PM', 'MTD038ID'] -> Slots [0, 1], Time: 130.91s-134.04s (3.13s)
2025-12-07 17:19:14 - data_processing - INFO -     Example 3: Speakers ['MTD038ID', 'MTD037PM'] -> Slots [1, 0], Time: 135.33s-136.06s (0.73s)
2025-12-07 17:19:14 - data_processing - INFO -   [OVERLAP PROCESSING] Meeting TS3010a statistics:
2025-12-07 17:19:14 - data_processing - INFO -     - Original segments: 231
2025-12-07 17:19:14 - data_processing - INFO -     - Overlapping segments created: 52
2025-12-07 17:19:14 - data_processing - INFO -     - Overlap ratio: 22.51%
2025-12-07 17:19:14 - data_processing - INFO -     ✓ CONFIRMED: Found and processed 52 overlapping segments for meeting TS3010a
2025-12-07 17:19:14 - data_processing - INFO - Meeting TS3010b: 4 speakers mapped to slots [0, 1, 2, 3]
2025-12-07 17:19:14 - data_processing - INFO -   [OVERLAP PROCESSING] Meeting TS3010b: Adding 556 original segments...
2025-12-07 17:19:14 - data_processing - INFO -   [OVERLAP PROCESSING] Meeting TS3010b: Detecting overlapping segments...
2025-12-07 17:19:14 - data_processing - INFO -   [OVERLAP PROCESSING] Examples of overlapping segments for meeting TS3010b:
2025-12-07 17:19:14 - data_processing - INFO -     Example 1: Speakers ['MTD037PM', 'MTD038ID'] -> Slots [0, 1], Time: 181.83s-182.51s (0.68s)
2025-12-07 17:19:14 - data_processing - INFO -     Example 2: Speakers ['MTD038ID', 'MTD037PM'] -> Slots [1, 0], Time: 182.51s-183.37s (0.86s)
2025-12-07 17:19:14 - data_processing - INFO -     Example 3: Speakers ['MTD038ID', 'MTD037PM'] -> Slots [1, 0], Time: 255.66s-256.68s (1.02s)
2025-12-07 17:19:14 - data_processing - INFO -   [OVERLAP PROCESSING] Meeting TS3010b statistics:
2025-12-07 17:19:14 - data_processing - INFO -     - Original segments: 556
2025-12-07 17:19:14 - data_processing - INFO -     - Overlapping segments created: 106
2025-12-07 17:19:14 - data_processing - INFO -     - Overlap ratio: 19.06%
2025-12-07 17:19:14 - data_processing - INFO -     ✓ CONFIRMED: Found and processed 106 overlapping segments for meeting TS3010b
2025-12-07 17:19:14 - data_processing - INFO - Meeting TS3010c: 4 speakers mapped to slots [0, 1, 2, 3]
2025-12-07 17:19:14 - data_processing - INFO -   [OVERLAP PROCESSING] Meeting TS3010c: Adding 711 original segments...
2025-12-07 17:19:14 - data_processing - INFO -   [OVERLAP PROCESSING] Meeting TS3010c: Detecting overlapping segments...
2025-12-07 17:19:14 - data_processing - INFO -   [OVERLAP PROCESSING] Examples of overlapping segments for meeting TS3010c:
2025-12-07 17:19:14 - data_processing - INFO -     Example 1: Speakers ['MTD037PM', 'MTD040ME'] -> Slots [0, 2], Time: 66.86s-67.52s (0.66s)
2025-12-07 17:19:14 - data_processing - INFO -     Example 2: Speakers ['MTD040ME', 'MTD037PM'] -> Slots [2, 0], Time: 67.52s-67.55s (0.03s)
2025-12-07 17:19:14 - data_processing - INFO -     Example 3: Speakers ['MTD037PM', 'MTD040ME'] -> Slots [0, 2], Time: 67.55s-67.98s (0.43s)
2025-12-07 17:19:14 - data_processing - INFO -   [OVERLAP PROCESSING] Meeting TS3010c statistics:
2025-12-07 17:19:14 - data_processing - INFO -     - Original segments: 711
2025-12-07 17:19:14 - data_processing - INFO -     - Overlapping segments created: 214
2025-12-07 17:19:14 - data_processing - INFO -     - Overlap ratio: 30.10%
2025-12-07 17:19:14 - data_processing - INFO -     ✓ CONFIRMED: Found and processed 214 overlapping segments for meeting TS3010c
2025-12-07 17:19:14 - data_processing - INFO - Meeting TS3010d: 4 speakers mapped to slots [0, 1, 2, 3]
2025-12-07 17:19:14 - data_processing - INFO -   [OVERLAP PROCESSING] Meeting TS3010d: Adding 655 original segments...
2025-12-07 17:19:14 - data_processing - INFO -   [OVERLAP PROCESSING] Meeting TS3010d: Detecting overlapping segments...
2025-12-07 17:19:15 - data_processing - INFO -   [OVERLAP PROCESSING] Examples of overlapping segments for meeting TS3010d:
2025-12-07 17:19:15 - data_processing - INFO -     Example 1: Speakers ['MTD039UID', 'MTD038ID'] -> Slots [3, 1], Time: 37.38s-37.75s (0.37s)
2025-12-07 17:19:15 - data_processing - INFO -     Example 2: Speakers ['MTD039UID', 'MTD037PM'] -> Slots [3, 0], Time: 37.53s-37.75s (0.22s)
2025-12-07 17:19:15 - data_processing - INFO -     Example 3: Speakers ['MTD038ID', 'MTD037PM'] -> Slots [1, 0], Time: 37.53s-37.75s (0.22s)
2025-12-07 17:19:15 - data_processing - INFO -   [OVERLAP PROCESSING] Meeting TS3010d statistics:
2025-12-07 17:19:15 - data_processing - INFO -     - Original segments: 655
2025-12-07 17:19:15 - data_processing - INFO -     - Overlapping segments created: 164
2025-12-07 17:19:15 - data_processing - INFO -     - Overlap ratio: 25.04%
2025-12-07 17:19:15 - data_processing - INFO -     ✓ CONFIRMED: Found and processed 164 overlapping segments for meeting TS3010d
2025-12-07 17:19:15 - data_processing - INFO - Meeting TS3011a: 4 speakers mapped to slots [0, 1, 2, 3]
2025-12-07 17:19:15 - data_processing - INFO -   [OVERLAP PROCESSING] Meeting TS3011a: Adding 439 original segments...
2025-12-07 17:19:15 - data_processing - INFO -   [OVERLAP PROCESSING] Meeting TS3011a: Detecting overlapping segments...
2025-12-07 17:19:15 - data_processing - INFO -   [OVERLAP PROCESSING] Examples of overlapping segments for meeting TS3011a:
2025-12-07 17:19:15 - data_processing - INFO -     Example 1: Speakers ['MTD043UID', 'MTD041PM'] -> Slots [2, 3], Time: 10.76s-11.74s (0.98s)
2025-12-07 17:19:15 - data_processing - INFO -     Example 2: Speakers ['MTD041PM', 'MTD043UID'] -> Slots [3, 2], Time: 29.00s-29.35s (0.35s)
2025-12-07 17:19:15 - data_processing - INFO -     Example 3: Speakers ['MTD043UID', 'MTD041PM'] -> Slots [2, 3], Time: 29.35s-29.61s (0.26s)
2025-12-07 17:19:15 - data_processing - INFO -   [OVERLAP PROCESSING] Meeting TS3011a statistics:
2025-12-07 17:19:15 - data_processing - INFO -     - Original segments: 439
2025-12-07 17:19:15 - data_processing - INFO -     - Overlapping segments created: 200
2025-12-07 17:19:15 - data_processing - INFO -     - Overlap ratio: 45.56%
2025-12-07 17:19:15 - data_processing - INFO -     ✓ CONFIRMED: Found and processed 200 overlapping segments for meeting TS3011a
2025-12-07 17:19:15 - data_processing - INFO - Meeting TS3011b: 4 speakers mapped to slots [0, 1, 2, 3]
2025-12-07 17:19:15 - data_processing - INFO -   [OVERLAP PROCESSING] Meeting TS3011b: Adding 845 original segments...
2025-12-07 17:19:15 - data_processing - INFO -   [OVERLAP PROCESSING] Meeting TS3011b: Detecting overlapping segments...
2025-12-07 17:19:15 - data_processing - INFO -   [OVERLAP PROCESSING] Examples of overlapping segments for meeting TS3011b:
2025-12-07 17:19:15 - data_processing - INFO -     Example 1: Speakers ['MTD043UID', 'MTD044ME'] -> Slots [2, 0], Time: 9.27s-9.53s (0.26s)
2025-12-07 17:19:15 - data_processing - INFO -     Example 2: Speakers ['MTD042ID', 'MTD043UID'] -> Slots [1, 2], Time: 39.54s-41.64s (2.10s)
2025-12-07 17:19:15 - data_processing - INFO -     Example 3: Speakers ['MTD042ID', 'MTD043UID'] -> Slots [1, 2], Time: 41.64s-43.04s (1.40s)
2025-12-07 17:19:15 - data_processing - INFO -   [OVERLAP PROCESSING] Meeting TS3011b statistics:
2025-12-07 17:19:15 - data_processing - INFO -     - Original segments: 845
2025-12-07 17:19:15 - data_processing - INFO -     - Overlapping segments created: 470
2025-12-07 17:19:15 - data_processing - INFO -     - Overlap ratio: 55.62%
2025-12-07 17:19:15 - data_processing - INFO -     ✓ CONFIRMED: Found and processed 470 overlapping segments for meeting TS3011b
2025-12-07 17:19:15 - data_processing - INFO - Meeting TS3011c: 4 speakers mapped to slots [0, 1, 2, 3]
2025-12-07 17:19:15 - data_processing - INFO -   [OVERLAP PROCESSING] Meeting TS3011c: Adding 868 original segments...
2025-12-07 17:19:15 - data_processing - INFO -   [OVERLAP PROCESSING] Meeting TS3011c: Detecting overlapping segments...
2025-12-07 17:19:16 - data_processing - INFO -   [OVERLAP PROCESSING] Examples of overlapping segments for meeting TS3011c:
2025-12-07 17:19:16 - data_processing - INFO -     Example 1: Speakers ['MTD041PM', 'MTD044ME'] -> Slots [3, 0], Time: 4.36s-4.50s (0.14s)
2025-12-07 17:19:16 - data_processing - INFO -     Example 2: Speakers ['MTD044ME', 'MTD041PM'] -> Slots [0, 3], Time: 4.50s-4.79s (0.29s)
2025-12-07 17:19:16 - data_processing - INFO -     Example 3: Speakers ['MTD044ME', 'MTD041PM'] -> Slots [0, 3], Time: 17.07s-19.02s (1.95s)
2025-12-07 17:19:16 - data_processing - INFO -   [OVERLAP PROCESSING] Meeting TS3011c statistics:
2025-12-07 17:19:16 - data_processing - INFO -     - Original segments: 868
2025-12-07 17:19:16 - data_processing - INFO -     - Overlapping segments created: 421
2025-12-07 17:19:16 - data_processing - INFO -     - Overlap ratio: 48.50%
2025-12-07 17:19:16 - data_processing - INFO -     ✓ CONFIRMED: Found and processed 421 overlapping segments for meeting TS3011c
2025-12-07 17:19:16 - data_processing - INFO - Meeting TS3011d: 4 speakers mapped to slots [0, 1, 2, 3]
2025-12-07 17:19:16 - data_processing - INFO -   [OVERLAP PROCESSING] Meeting TS3011d: Adding 788 original segments...
2025-12-07 17:19:16 - data_processing - INFO -   [OVERLAP PROCESSING] Meeting TS3011d: Detecting overlapping segments...
2025-12-07 17:19:16 - data_processing - INFO -   [OVERLAP PROCESSING] Examples of overlapping segments for meeting TS3011d:
2025-12-07 17:19:16 - data_processing - INFO -     Example 1: Speakers ['MTD043UID', 'MTD042ID'] -> Slots [2, 1], Time: 240.64s-241.19s (0.55s)
2025-12-07 17:19:16 - data_processing - INFO -     Example 2: Speakers ['MTD043UID', 'MTD042ID'] -> Slots [2, 1], Time: 246.64s-247.44s (0.80s)
2025-12-07 17:19:16 - data_processing - INFO -     Example 3: Speakers ['MTD043UID', 'MTD042ID'] -> Slots [2, 1], Time: 251.70s-252.65s (0.95s)
2025-12-07 17:19:16 - data_processing - INFO -   [OVERLAP PROCESSING] Meeting TS3011d statistics:
2025-12-07 17:19:16 - data_processing - INFO -     - Original segments: 788
2025-12-07 17:19:16 - data_processing - INFO -     - Overlapping segments created: 367
2025-12-07 17:19:16 - data_processing - INFO -     - Overlap ratio: 46.57%
2025-12-07 17:19:16 - data_processing - INFO -     ✓ CONFIRMED: Found and processed 367 overlapping segments for meeting TS3011d
2025-12-07 17:19:16 - data_processing - INFO - Meeting TS3012a: 4 speakers mapped to slots [0, 1, 2, 3]
2025-12-07 17:19:16 - data_processing - INFO -   [OVERLAP PROCESSING] Meeting TS3012a: Adding 301 original segments...
2025-12-07 17:19:16 - data_processing - INFO -   [OVERLAP PROCESSING] Meeting TS3012a: Detecting overlapping segments...
2025-12-07 17:19:16 - data_processing - INFO -   [OVERLAP PROCESSING] Examples of overlapping segments for meeting TS3012a:
2025-12-07 17:19:16 - data_processing - INFO -     Example 1: Speakers ['MTD045PM', 'MTD047UID'] -> Slots [1, 0], Time: 3.62s-4.23s (0.61s)
2025-12-07 17:19:16 - data_processing - INFO -     Example 2: Speakers ['MTD045PM', 'MTD048ME'] -> Slots [1, 3], Time: 4.82s-5.22s (0.40s)
2025-12-07 17:19:16 - data_processing - INFO -     Example 3: Speakers ['MTD045PM', 'MTD046ID'] -> Slots [1, 2], Time: 5.40s-5.79s (0.39s)
2025-12-07 17:19:16 - data_processing - INFO -   [OVERLAP PROCESSING] Meeting TS3012a statistics:
2025-12-07 17:19:16 - data_processing - INFO -     - Original segments: 301
2025-12-07 17:19:16 - data_processing - INFO -     - Overlapping segments created: 84
2025-12-07 17:19:16 - data_processing - INFO -     - Overlap ratio: 27.91%
2025-12-07 17:19:16 - data_processing - INFO -     ✓ CONFIRMED: Found and processed 84 overlapping segments for meeting TS3012a
2025-12-07 17:19:16 - data_processing - INFO - Meeting TS3012b: 4 speakers mapped to slots [0, 1, 2, 3]
2025-12-07 17:19:16 - data_processing - INFO -   [OVERLAP PROCESSING] Meeting TS3012b: Adding 1104 original segments...
2025-12-07 17:19:16 - data_processing - INFO -   [OVERLAP PROCESSING] Meeting TS3012b: Detecting overlapping segments...
2025-12-07 17:19:17 - data_processing - INFO -   [OVERLAP PROCESSING] Examples of overlapping segments for meeting TS3012b:
2025-12-07 17:19:17 - data_processing - INFO -     Example 1: Speakers ['MTD045PM', 'MTD047UID'] -> Slots [3, 1], Time: 29.57s-30.47s (0.90s)
2025-12-07 17:19:17 - data_processing - INFO -     Example 2: Speakers ['MTD045PM', 'MTD048ME'] -> Slots [3, 2], Time: 29.88s-30.47s (0.59s)
2025-12-07 17:19:17 - data_processing - INFO -     Example 3: Speakers ['MTD045PM', 'MTD046ID'] -> Slots [3, 0], Time: 29.93s-30.47s (0.54s)
2025-12-07 17:19:17 - data_processing - INFO -   [OVERLAP PROCESSING] Meeting TS3012b statistics:
2025-12-07 17:19:17 - data_processing - INFO -     - Original segments: 1104
2025-12-07 17:19:17 - data_processing - INFO -     - Overlapping segments created: 723
2025-12-07 17:19:17 - data_processing - INFO -     - Overlap ratio: 65.49%
2025-12-07 17:19:17 - data_processing - INFO -     ✓ CONFIRMED: Found and processed 723 overlapping segments for meeting TS3012b
2025-12-07 17:19:17 - data_processing - INFO - Meeting TS3012c: 4 speakers mapped to slots [0, 1, 2, 3]
2025-12-07 17:19:17 - data_processing - INFO -   [OVERLAP PROCESSING] Meeting TS3012c: Adding 1287 original segments...
2025-12-07 17:19:17 - data_processing - INFO -   [OVERLAP PROCESSING] Meeting TS3012c: Detecting overlapping segments...
2025-12-07 17:19:17 - data_processing - INFO -   [OVERLAP PROCESSING] Examples of overlapping segments for meeting TS3012c:
2025-12-07 17:19:17 - data_processing - INFO -     Example 1: Speakers ['MTD046ID', 'MTD048ME'] -> Slots [0, 3], Time: 18.76s-18.94s (0.18s)
2025-12-07 17:19:17 - data_processing - INFO -     Example 2: Speakers ['MTD048ME', 'MTD045PM'] -> Slots [3, 2], Time: 24.82s-24.88s (0.06s)
2025-12-07 17:19:17 - data_processing - INFO -     Example 3: Speakers ['MTD046ID', 'MTD048ME'] -> Slots [0, 3], Time: 25.82s-26.52s (0.70s)
2025-12-07 17:19:17 - data_processing - INFO -   [OVERLAP PROCESSING] Meeting TS3012c statistics:
2025-12-07 17:19:17 - data_processing - INFO -     - Original segments: 1287
2025-12-07 17:19:17 - data_processing - INFO -     - Overlapping segments created: 805
2025-12-07 17:19:17 - data_processing - INFO -     - Overlap ratio: 62.55%
2025-12-07 17:19:17 - data_processing - INFO -     ✓ CONFIRMED: Found and processed 805 overlapping segments for meeting TS3012c
2025-12-07 17:19:17 - data_processing - INFO - Meeting TS3012d: 4 speakers mapped to slots [0, 1, 2, 3]
2025-12-07 17:19:17 - data_processing - INFO -   [OVERLAP PROCESSING] Meeting TS3012d: Adding 1071 original segments...
2025-12-07 17:19:17 - data_processing - INFO -   [OVERLAP PROCESSING] Meeting TS3012d: Detecting overlapping segments...
2025-12-07 17:19:18 - data_processing - INFO -   [OVERLAP PROCESSING] Examples of overlapping segments for meeting TS3012d:
2025-12-07 17:19:18 - data_processing - INFO -     Example 1: Speakers ['MTD045PM', 'MTD047UID'] -> Slots [3, 1], Time: 12.50s-13.15s (0.65s)
2025-12-07 17:19:18 - data_processing - INFO -     Example 2: Speakers ['MTD047UID', 'MTD045PM'] -> Slots [1, 3], Time: 15.07s-15.36s (0.29s)
2025-12-07 17:19:18 - data_processing - INFO -     Example 3: Speakers ['MTD045PM', 'MTD048ME'] -> Slots [3, 2], Time: 103.44s-103.58s (0.14s)
2025-12-07 17:19:18 - data_processing - INFO -   [OVERLAP PROCESSING] Meeting TS3012d statistics:
2025-12-07 17:19:18 - data_processing - INFO -     - Original segments: 1071
2025-12-07 17:19:18 - data_processing - INFO -     - Overlapping segments created: 636
2025-12-07 17:19:18 - data_processing - INFO -     - Overlap ratio: 59.38%
2025-12-07 17:19:18 - data_processing - INFO -     ✓ CONFIRMED: Found and processed 636 overlapping segments for meeting TS3012d
2025-12-07 17:19:18 - data_processing - INFO - ================================================================================
2025-12-07 17:19:18 - data_processing - INFO - OVERLAPPING SPEECH PROCESSING: COMPLETE
2025-12-07 17:19:18 - data_processing - INFO - ================================================================================
2025-12-07 17:19:18 - data_processing - INFO - Total meetings processed: 137
2025-12-07 17:19:18 - data_processing - INFO - Total original segments: 108502
2025-12-07 17:19:18 - data_processing - INFO - Total overlapping segments created: 62668
2025-12-07 17:19:18 - data_processing - INFO - Total segments (original + overlaps): 171170
2025-12-07 17:19:18 - data_processing - INFO - Overall overlap ratio: 57.76%
2025-12-07 17:19:18 - data_processing - INFO - 
2025-12-07 17:19:18 - data_processing - INFO - ✓✓✓ CONFIRMATION: OVERLAPPING SPEECH SUCCESSFULLY PROCESSED ✓✓✓
2025-12-07 17:19:18 - data_processing - INFO -    - 62668 overlapping segments were detected and added to the dataset
2025-12-07 17:19:18 - data_processing - INFO -    - These segments will be used for training with multi-speaker labels
2025-12-07 17:19:18 - data_processing - INFO - 
2025-12-07 17:19:18 - data_processing - INFO - ================================================================================
2025-12-07 17:19:18 - data_processing - INFO - Total samples to process (including overlaps): 171170
2025-12-07 17:19:18 - data_processing - INFO - First pass: Extracting features in chunks to determine dimensions (checking ALL samples)...
2025-12-07 17:19:18 - root - INFO -     $binop_add32.6 = $8binary_subscr.2 + $22binary_subscr.5 ['$22binary_subscr.5', '$8binary_subscr.2', '$binop_add32.6']
2025-12-07 17:19:18 - root - INFO -     $binop_mul52.11 = $const36.7.3 * $42binary_subscr.10 ['$42binary_subscr.10', '$binop_mul52.11', '$const36.7.3']
2025-12-07 17:19:18 - root - INFO -     a = $binop_add32.6 - $binop_mul52.11     ['$binop_add32.6', '$binop_mul52.11', 'a']
2025-12-07 17:19:18 - root - INFO -     $binop_sub90.19 = $66binary_subscr.15 - $80binary_subscr.18 ['$66binary_subscr.15', '$80binary_subscr.18', '$binop_sub90.19']
2025-12-07 17:19:18 - root - INFO -     b = $binop_sub90.19 / $const94.20.3      ['$binop_sub90.19', '$const94.20.3', 'b']
2025-12-07 17:19:18 - root - INFO -     $102load_global.22 = global(np: <module 'numpy' from '/Users/khumachbayramova/anaconda3/lib/python3.11/site-packages/numpy/__init__.py'>) ['$102load_global.22']
2025-12-07 17:19:18 - root - INFO -     $114load_attr.24 = getattr(value=$102load_global.22, attr=abs) ['$102load_global.22', '$114load_attr.24']
2025-12-07 17:19:18 - root - INFO -     $140load_global.27 = global(np: <module 'numpy' from '/Users/khumachbayramova/anaconda3/lib/python3.11/site-packages/numpy/__init__.py'>) ['$140load_global.27']
2025-12-07 17:19:18 - root - INFO -     $152load_attr.29 = getattr(value=$140load_global.27, attr=abs) ['$140load_global.27', '$152load_attr.29']
2025-12-07 17:19:18 - root - INFO -     $178compare_op.32 = $130call.26 >= $168call.31 ['$130call.26', '$168call.31', '$178compare_op.32']
2025-12-07 17:19:18 - root - INFO -     bool184 = global(bool: <class 'bool'>)   ['bool184']
2025-12-07 17:19:18 - root - INFO -     $188return_value.1 = cast(value=$const186.0.4) ['$188return_value.1', '$const186.0.4']
2025-12-07 17:19:18 - root - INFO -     $binop_truediv196.3 = $192unary_negative.1 / a ['$192unary_negative.1', '$binop_truediv196.3', 'a']
2025-12-07 17:19:18 - root - INFO -     $200return_value.4 = cast(value=$binop_truediv196.3) ['$200return_value.4', '$binop_truediv196.3']
2025-12-07 17:19:22 - data_processing - INFO - Dimension discovery progress: 500/171170 samples checked, current max_len: 1496
2025-12-07 17:19:56 - data_processing - INFO - Dimension discovery progress: 5500/171170 samples checked, current max_len: 2412
2025-12-07 17:20:29 - data_processing - INFO - Dimension discovery progress: 10500/171170 samples checked, current max_len: 2412
2025-12-07 17:21:00 - data_processing - INFO - Dimension discovery progress: 15500/171170 samples checked, current max_len: 2528
2025-12-07 17:21:27 - data_processing - INFO - Dimension discovery progress: 20500/171170 samples checked, current max_len: 2528
2025-12-07 17:21:55 - data_processing - INFO - Dimension discovery progress: 25500/171170 samples checked, current max_len: 2528
2025-12-07 17:22:27 - data_processing - INFO - Dimension discovery progress: 30500/171170 samples checked, current max_len: 2528
2025-12-07 17:23:02 - data_processing - INFO - Dimension discovery progress: 35500/171170 samples checked, current max_len: 2528
2025-12-07 17:23:36 - data_processing - INFO - Dimension discovery progress: 40500/171170 samples checked, current max_len: 2528
2025-12-07 17:24:06 - data_processing - INFO - Dimension discovery progress: 45500/171170 samples checked, current max_len: 2528
2025-12-07 17:24:36 - data_processing - INFO - Dimension discovery progress: 50500/171170 samples checked, current max_len: 2545
2025-12-07 17:25:06 - data_processing - INFO - Dimension discovery progress: 55500/171170 samples checked, current max_len: 3038
2025-12-07 17:25:40 - data_processing - INFO - Dimension discovery progress: 60500/171170 samples checked, current max_len: 3038
2025-12-07 17:26:23 - data_processing - INFO - Dimension discovery progress: 65500/171170 samples checked, current max_len: 3038
2025-12-07 17:26:49 - data_processing - INFO - Dimension discovery progress: 70500/171170 samples checked, current max_len: 3038
2025-12-07 17:27:15 - data_processing - INFO - Dimension discovery progress: 75500/171170 samples checked, current max_len: 3038
2025-12-07 17:27:39 - data_processing - INFO - Dimension discovery progress: 80500/171170 samples checked, current max_len: 3038
2025-12-07 17:28:01 - data_processing - INFO - Dimension discovery progress: 85500/171170 samples checked, current max_len: 3038
2025-12-07 17:28:24 - data_processing - INFO - Dimension discovery progress: 90500/171170 samples checked, current max_len: 3038
2025-12-07 17:28:46 - data_processing - INFO - Dimension discovery progress: 95500/171170 samples checked, current max_len: 3038
2025-12-07 17:29:07 - data_processing - INFO - Dimension discovery progress: 100500/171170 samples checked, current max_len: 3319
2025-12-07 17:29:33 - data_processing - INFO - Dimension discovery progress: 105500/171170 samples checked, current max_len: 3319
2025-12-07 17:30:01 - data_processing - INFO - Dimension discovery progress: 110500/171170 samples checked, current max_len: 3319
2025-12-07 17:30:32 - data_processing - INFO - Dimension discovery progress: 115500/171170 samples checked, current max_len: 3319
2025-12-07 17:30:55 - data_processing - INFO - Dimension discovery progress: 120500/171170 samples checked, current max_len: 3319
2025-12-07 17:31:26 - data_processing - INFO - Dimension discovery progress: 125500/171170 samples checked, current max_len: 3319
2025-12-07 17:31:48 - data_processing - INFO - Dimension discovery progress: 130500/171170 samples checked, current max_len: 3319
2025-12-07 17:32:09 - data_processing - INFO - Dimension discovery progress: 135500/171170 samples checked, current max_len: 3319
2025-12-07 17:32:30 - data_processing - INFO - Dimension discovery progress: 140500/171170 samples checked, current max_len: 3319
2025-12-07 17:32:51 - data_processing - INFO - Dimension discovery progress: 145500/171170 samples checked, current max_len: 3319
2025-12-07 17:33:13 - data_processing - INFO - Dimension discovery progress: 150500/171170 samples checked, current max_len: 3319
2025-12-07 17:33:32 - data_processing - INFO - Dimension discovery progress: 155500/171170 samples checked, current max_len: 3319
2025-12-07 17:33:54 - data_processing - INFO - Dimension discovery progress: 160500/171170 samples checked, current max_len: 3319
2025-12-07 17:34:16 - data_processing - INFO - Dimension discovery progress: 165500/171170 samples checked, current max_len: 3319
2025-12-07 17:34:37 - data_processing - INFO - Dimension discovery progress: 170500/171170 samples checked, current max_len: 3319
2025-12-07 17:34:39 - data_processing - WARNING - Truncating max sequence length from 3319 to 1507 to save memory
2025-12-07 17:34:39 - data_processing - INFO - Final max sequence length: 1507 (original: 3319), Feature dimension: 80
2025-12-07 17:34:39 - data_processing - INFO - Estimated memory requirements:
2025-12-07 17:34:39 - data_processing - INFO -   Features array: 76.88 GB
2025-12-07 17:34:39 - data_processing - INFO -   Labels array: 1.92 GB
2025-12-07 17:34:39 - data_processing - INFO -   Meeting IDs array: 1.92 GB
2025-12-07 17:34:39 - data_processing - INFO -   Total: 80.72 GB
2025-12-07 17:34:39 - data_processing - INFO - Pre-allocating arrays for 171170 samples...
2025-12-07 17:34:40 - data_processing - INFO - Second pass: Extracting and padding features (chunk_size=500)...
2025-12-07 17:34:40 - data_processing - INFO - Processing both original and overlapping segments...
2025-12-07 17:34:41 - data_processing - INFO - Padding progress: 100/171170 (0.1%)
2025-12-07 17:34:41 - data_processing - INFO - Padding progress: 200/171170 (0.1%)
2025-12-07 17:34:42 - data_processing - INFO - Padding progress: 300/171170 (0.2%)
2025-12-07 17:34:43 - data_processing - INFO - Padding progress: 400/171170 (0.2%)
2025-12-07 17:34:44 - data_processing - INFO - Padding progress: 500/171170 (0.3%)
2025-12-07 17:34:44 - data_processing - INFO - Padding progress: 600/171170 (0.4%)
2025-12-07 17:34:45 - data_processing - INFO - Padding progress: 700/171170 (0.4%)
2025-12-07 17:34:46 - data_processing - INFO - Padding progress: 800/171170 (0.5%)
2025-12-07 17:34:46 - data_processing - INFO - Padding progress: 900/171170 (0.5%)
2025-12-07 17:34:47 - data_processing - INFO - Padding progress: 1000/171170 (0.6%)
2025-12-07 17:34:47 - data_processing - INFO - Padding progress: 1100/171170 (0.6%)
2025-12-07 17:34:48 - data_processing - INFO - Padding progress: 1200/171170 (0.7%)
2025-12-07 17:34:49 - data_processing - INFO - Padding progress: 1300/171170 (0.8%)
2025-12-07 17:34:49 - data_processing - INFO - Padding progress: 1400/171170 (0.8%)
2025-12-07 17:34:50 - data_processing - INFO - Padding progress: 1500/171170 (0.9%)
2025-12-07 17:34:51 - data_processing - INFO - Padding progress: 1600/171170 (0.9%)
2025-12-07 17:34:51 - data_processing - INFO -   [LABEL EXAMPLE] Overlap segment 1: Speakers ['MEE068', 'MEO069'] -> Slots [1, 0] -> Encoded label: 6 -> Decoded slots: [0, 1]
2025-12-07 17:34:51 - data_processing - INFO -   [LABEL EXAMPLE] Overlap segment 2: Speakers ['MEO069', 'MEE067'] -> Slots [0, 4] -> Encoded label: 9 -> Decoded slots: [0, 4]
2025-12-07 17:34:51 - data_processing - INFO -   [LABEL EXAMPLE] Overlap segment 3: Speakers ['MEE067', 'MEE068'] -> Slots [4, 1] -> Encoded label: 12 -> Decoded slots: [1, 4]
2025-12-07 17:34:51 - data_processing - INFO -   [LABEL EXAMPLE] Overlap segment 4: Speakers ['MEE067', 'MEO069'] -> Slots [4, 0] -> Encoded label: 9 -> Decoded slots: [0, 4]
2025-12-07 17:34:51 - data_processing - INFO -   [LABEL EXAMPLE] Overlap segment 5: Speakers ['MEE068', 'MEO069'] -> Slots [1, 0] -> Encoded label: 6 -> Decoded slots: [0, 1]
2025-12-07 17:34:51 - data_processing - INFO - Padding progress: 1700/171170 (1.0%)
2025-12-07 17:34:52 - data_processing - INFO - Padding progress: 1800/171170 (1.1%)
2025-12-07 17:34:52 - data_processing - INFO - Padding progress: 1900/171170 (1.1%)
2025-12-07 17:34:52 - data_processing - INFO - Padding progress: 2000/171170 (1.2%)
2025-12-07 17:34:53 - data_processing - INFO - Padding progress: 2100/171170 (1.2%)
2025-12-07 17:34:53 - data_processing - INFO - Padding progress: 2200/171170 (1.3%)
2025-12-07 17:34:54 - data_processing - INFO - Padding progress: 2300/171170 (1.3%)
2025-12-07 17:34:54 - data_processing - INFO - Padding progress: 2400/171170 (1.4%)
2025-12-07 17:34:55 - data_processing - INFO - Padding progress: 2500/171170 (1.5%)
2025-12-07 17:34:56 - data_processing - INFO - Padding progress: 2600/171170 (1.5%)
2025-12-07 17:34:57 - data_processing - INFO - Padding progress: 2700/171170 (1.6%)
2025-12-07 17:34:58 - data_processing - INFO - Padding progress: 2800/171170 (1.6%)
2025-12-07 17:34:58 - data_processing - INFO - Padding progress: 2900/171170 (1.7%)
2025-12-07 17:34:59 - data_processing - INFO - Padding progress: 3000/171170 (1.8%)
2025-12-07 17:35:00 - data_processing - INFO - Padding progress: 3100/171170 (1.8%)
2025-12-07 17:35:01 - data_processing - INFO - Padding progress: 3200/171170 (1.9%)
2025-12-07 17:35:01 - data_processing - INFO - Padding progress: 3300/171170 (1.9%)
2025-12-07 17:35:02 - data_processing - INFO - Padding progress: 3400/171170 (2.0%)
2025-12-07 17:35:02 - data_processing - INFO - Padding progress: 3500/171170 (2.0%)
2025-12-07 17:35:02 - data_processing - INFO - Padding progress: 3600/171170 (2.1%)
2025-12-07 17:35:03 - data_processing - INFO - Padding progress: 3700/171170 (2.2%)
2025-12-07 17:35:03 - data_processing - INFO - Padding progress: 3800/171170 (2.2%)
2025-12-07 17:35:04 - data_processing - INFO - Padding progress: 3900/171170 (2.3%)
2025-12-07 17:35:05 - data_processing - INFO - Padding progress: 4000/171170 (2.3%)
2025-12-07 17:35:06 - data_processing - INFO - Padding progress: 4100/171170 (2.4%)
2025-12-07 17:35:07 - data_processing - INFO - Padding progress: 4200/171170 (2.5%)
2025-12-07 17:35:08 - data_processing - INFO - Padding progress: 4300/171170 (2.5%)
2025-12-07 17:35:08 - data_processing - INFO - Padding progress: 4400/171170 (2.6%)
2025-12-07 17:35:09 - data_processing - INFO - Padding progress: 4500/171170 (2.6%)
2025-12-07 17:35:10 - data_processing - INFO - Padding progress: 4600/171170 (2.7%)
2025-12-07 17:35:11 - data_processing - INFO - Padding progress: 4700/171170 (2.7%)
2025-12-07 17:35:12 - data_processing - INFO - Padding progress: 4800/171170 (2.8%)
2025-12-07 17:35:12 - data_processing - INFO - Padding progress: 4900/171170 (2.9%)
2025-12-07 17:35:13 - data_processing - INFO - Padding progress: 5000/171170 (2.9%)
2025-12-07 17:35:13 - data_processing - INFO - Padding progress: 5100/171170 (3.0%)
2025-12-07 17:35:14 - data_processing - INFO - Padding progress: 5200/171170 (3.0%)
2025-12-07 17:35:14 - data_processing - INFO - Padding progress: 5300/171170 (3.1%)
2025-12-07 17:35:14 - data_processing - INFO - Padding progress: 5400/171170 (3.2%)
2025-12-07 17:35:15 - data_processing - INFO - Padding progress: 5500/171170 (3.2%)
2025-12-07 17:35:16 - data_processing - INFO - Padding progress: 5600/171170 (3.3%)
2025-12-07 17:35:16 - data_processing - INFO - Padding progress: 5700/171170 (3.3%)
2025-12-07 17:35:17 - data_processing - INFO - Padding progress: 5800/171170 (3.4%)
2025-12-07 17:35:18 - data_processing - INFO - Padding progress: 5900/171170 (3.4%)
2025-12-07 17:35:19 - data_processing - INFO - Padding progress: 6000/171170 (3.5%)
2025-12-07 17:35:20 - data_processing - INFO - Padding progress: 6100/171170 (3.6%)
2025-12-07 17:35:21 - data_processing - INFO - Padding progress: 6200/171170 (3.6%)
2025-12-07 17:35:21 - data_processing - INFO - Padding progress: 6300/171170 (3.7%)
2025-12-07 17:35:22 - data_processing - INFO - Padding progress: 6400/171170 (3.7%)
2025-12-07 17:35:22 - data_processing - INFO - Padding progress: 6500/171170 (3.8%)
2025-12-07 17:35:23 - data_processing - INFO - Padding progress: 6600/171170 (3.9%)
2025-12-07 17:35:23 - data_processing - INFO - Padding progress: 6700/171170 (3.9%)
2025-12-07 17:35:24 - data_processing - INFO - Padding progress: 6800/171170 (4.0%)
2025-12-07 17:35:24 - data_processing - INFO - Padding progress: 6900/171170 (4.0%)
2025-12-07 17:35:24 - data_processing - INFO - Padding progress: 7000/171170 (4.1%)
2025-12-07 17:35:25 - data_processing - INFO - Padding progress: 7100/171170 (4.1%)
2025-12-07 17:35:25 - data_processing - INFO - Padding progress: 7200/171170 (4.2%)
2025-12-07 17:35:25 - data_processing - INFO - Padding progress: 7300/171170 (4.3%)
2025-12-07 17:35:26 - data_processing - INFO - Padding progress: 7400/171170 (4.3%)
2025-12-07 17:35:27 - data_processing - INFO - Padding progress: 7500/171170 (4.4%)
2025-12-07 17:35:28 - data_processing - INFO - Padding progress: 7600/171170 (4.4%)
2025-12-07 17:35:28 - data_processing - INFO - Padding progress: 7700/171170 (4.5%)
2025-12-07 17:35:29 - data_processing - INFO - Padding progress: 7800/171170 (4.6%)
2025-12-07 17:35:30 - data_processing - INFO - Padding progress: 7900/171170 (4.6%)
2025-12-07 17:35:30 - data_processing - INFO - Padding progress: 8000/171170 (4.7%)
2025-12-07 17:35:31 - data_processing - INFO - Padding progress: 8100/171170 (4.7%)
2025-12-07 17:35:31 - data_processing - INFO - Padding progress: 8200/171170 (4.8%)
2025-12-07 17:35:32 - data_processing - INFO - Padding progress: 8300/171170 (4.8%)
2025-12-07 17:35:32 - data_processing - INFO - Padding progress: 8400/171170 (4.9%)
2025-12-07 17:35:33 - data_processing - INFO - Padding progress: 8500/171170 (5.0%)
2025-12-07 17:35:34 - data_processing - INFO - Padding progress: 8600/171170 (5.0%)
2025-12-07 17:35:35 - data_processing - INFO - Padding progress: 8700/171170 (5.1%)
2025-12-07 17:35:36 - data_processing - INFO - Padding progress: 8800/171170 (5.1%)
2025-12-07 17:35:36 - data_processing - INFO - Padding progress: 8900/171170 (5.2%)
2025-12-07 17:35:37 - data_processing - INFO - Padding progress: 9000/171170 (5.3%)
2025-12-07 17:35:38 - data_processing - INFO - Padding progress: 9100/171170 (5.3%)
2025-12-07 17:35:38 - data_processing - INFO - Padding progress: 9200/171170 (5.4%)
2025-12-07 17:35:39 - data_processing - INFO - Padding progress: 9300/171170 (5.4%)
2025-12-07 17:35:39 - data_processing - INFO - Padding progress: 9400/171170 (5.5%)
2025-12-07 17:35:40 - data_processing - INFO - Padding progress: 9500/171170 (5.6%)
2025-12-07 17:35:41 - data_processing - INFO - Padding progress: 9600/171170 (5.6%)
2025-12-07 17:35:41 - data_processing - INFO - Padding progress: 9700/171170 (5.7%)
2025-12-07 17:35:42 - data_processing - INFO - Padding progress: 9800/171170 (5.7%)
2025-12-07 17:35:42 - data_processing - INFO - Padding progress: 9900/171170 (5.8%)
2025-12-07 17:35:43 - data_processing - INFO - Padding progress: 10000/171170 (5.8%)
2025-12-07 17:35:43 - data_processing - INFO - Padding progress: 10100/171170 (5.9%)
2025-12-07 17:35:43 - data_processing - INFO - Padding progress: 10200/171170 (6.0%)
2025-12-07 17:35:44 - data_processing - INFO - Padding progress: 10300/171170 (6.0%)
2025-12-07 17:35:44 - data_processing - INFO - Padding progress: 10400/171170 (6.1%)
2025-12-07 17:35:44 - data_processing - INFO - Padding progress: 10500/171170 (6.1%)
2025-12-07 17:35:45 - data_processing - INFO - Padding progress: 10600/171170 (6.2%)
2025-12-07 17:35:45 - data_processing - INFO - Padding progress: 10700/171170 (6.3%)
2025-12-07 17:35:46 - data_processing - INFO - Padding progress: 10800/171170 (6.3%)
2025-12-07 17:35:46 - data_processing - INFO - Padding progress: 10900/171170 (6.4%)
2025-12-07 17:35:47 - data_processing - INFO - Padding progress: 11000/171170 (6.4%)
2025-12-07 17:35:48 - data_processing - INFO - Padding progress: 11100/171170 (6.5%)
2025-12-07 17:35:49 - data_processing - INFO - Padding progress: 11200/171170 (6.5%)
2025-12-07 17:35:49 - data_processing - INFO - Padding progress: 11300/171170 (6.6%)
2025-12-07 17:35:50 - data_processing - INFO - Padding progress: 11400/171170 (6.7%)
2025-12-07 17:35:51 - data_processing - INFO - Padding progress: 11500/171170 (6.7%)
2025-12-07 17:35:52 - data_processing - INFO - Padding progress: 11600/171170 (6.8%)
2025-12-07 17:35:53 - data_processing - INFO - Padding progress: 11700/171170 (6.8%)
2025-12-07 17:35:54 - data_processing - INFO - Padding progress: 11800/171170 (6.9%)
2025-12-07 17:35:55 - data_processing - INFO - Padding progress: 11900/171170 (7.0%)
2025-12-07 17:35:56 - data_processing - INFO - Padding progress: 12000/171170 (7.0%)
2025-12-07 17:35:56 - data_processing - INFO - Padding progress: 12100/171170 (7.1%)
2025-12-07 17:35:57 - data_processing - INFO - Padding progress: 12200/171170 (7.1%)
2025-12-07 17:35:57 - data_processing - INFO - Padding progress: 12300/171170 (7.2%)
2025-12-07 17:35:58 - data_processing - INFO - Padding progress: 12400/171170 (7.2%)
2025-12-07 17:35:59 - data_processing - INFO - Padding progress: 12500/171170 (7.3%)
2025-12-07 17:35:59 - data_processing - INFO - Padding progress: 12600/171170 (7.4%)
2025-12-07 17:35:59 - data_processing - INFO - Padding progress: 12700/171170 (7.4%)
2025-12-07 17:36:00 - data_processing - INFO - Padding progress: 12800/171170 (7.5%)
2025-12-07 17:36:00 - data_processing - INFO - Padding progress: 12900/171170 (7.5%)
2025-12-07 17:36:00 - data_processing - INFO - Padding progress: 13000/171170 (7.6%)
2025-12-07 17:36:01 - data_processing - INFO - Padding progress: 13100/171170 (7.7%)
2025-12-07 17:36:01 - data_processing - INFO - Padding progress: 13200/171170 (7.7%)
2025-12-07 17:36:02 - data_processing - INFO - Padding progress: 13300/171170 (7.8%)
2025-12-07 17:36:02 - data_processing - INFO - Padding progress: 13400/171170 (7.8%)
2025-12-07 17:36:02 - data_processing - INFO - Padding progress: 13500/171170 (7.9%)
2025-12-07 17:36:03 - data_processing - INFO - Padding progress: 13600/171170 (7.9%)
2025-12-07 17:36:04 - data_processing - INFO - Padding progress: 13700/171170 (8.0%)
2025-12-07 17:36:05 - data_processing - INFO - Padding progress: 13800/171170 (8.1%)
2025-12-07 17:36:05 - data_processing - INFO - Padding progress: 13900/171170 (8.1%)
2025-12-07 17:36:06 - data_processing - INFO - Padding progress: 14000/171170 (8.2%)
2025-12-07 17:36:07 - data_processing - INFO - Padding progress: 14100/171170 (8.2%)
2025-12-07 17:36:07 - data_processing - INFO - Padding progress: 14200/171170 (8.3%)
2025-12-07 17:36:07 - data_processing - INFO - Padding progress: 14300/171170 (8.4%)
2025-12-07 17:36:08 - data_processing - INFO - Padding progress: 14400/171170 (8.4%)
2025-12-07 17:36:08 - data_processing - INFO - Padding progress: 14500/171170 (8.5%)
2025-12-07 17:36:09 - data_processing - INFO - Padding progress: 14600/171170 (8.5%)
2025-12-07 17:36:09 - data_processing - INFO - Padding progress: 14700/171170 (8.6%)
2025-12-07 17:36:10 - data_processing - INFO - Padding progress: 14800/171170 (8.6%)
2025-12-07 17:36:10 - data_processing - INFO - Padding progress: 14900/171170 (8.7%)
2025-12-07 17:36:11 - data_processing - INFO - Padding progress: 15000/171170 (8.8%)
2025-12-07 17:36:11 - data_processing - INFO - Padding progress: 15100/171170 (8.8%)
2025-12-07 17:36:11 - data_processing - INFO - Padding progress: 15200/171170 (8.9%)
2025-12-07 17:36:12 - data_processing - INFO - Padding progress: 15300/171170 (8.9%)
2025-12-07 17:36:12 - data_processing - INFO - Padding progress: 15400/171170 (9.0%)
2025-12-07 17:36:12 - data_processing - INFO - Padding progress: 15500/171170 (9.1%)
2025-12-07 17:36:13 - data_processing - INFO - Padding progress: 15600/171170 (9.1%)
2025-12-07 17:36:13 - data_processing - INFO - Padding progress: 15700/171170 (9.2%)
2025-12-07 17:36:13 - data_processing - INFO - Padding progress: 15800/171170 (9.2%)
2025-12-07 17:36:13 - data_processing - INFO - Padding progress: 15900/171170 (9.3%)
2025-12-07 17:36:14 - data_processing - INFO - Padding progress: 16000/171170 (9.3%)
2025-12-07 17:36:14 - data_processing - INFO - Padding progress: 16100/171170 (9.4%)
2025-12-07 17:36:15 - data_processing - INFO - Padding progress: 16200/171170 (9.5%)
2025-12-07 17:36:15 - data_processing - INFO - Padding progress: 16300/171170 (9.5%)
2025-12-07 17:36:16 - data_processing - INFO - Padding progress: 16400/171170 (9.6%)
2025-12-07 17:36:16 - data_processing - INFO - Padding progress: 16500/171170 (9.6%)
2025-12-07 17:36:17 - data_processing - INFO - Padding progress: 16600/171170 (9.7%)
2025-12-07 17:36:17 - data_processing - INFO - Padding progress: 16700/171170 (9.8%)
2025-12-07 17:36:18 - data_processing - INFO - Padding progress: 16800/171170 (9.8%)
2025-12-07 17:36:18 - data_processing - INFO - Padding progress: 16900/171170 (9.9%)
2025-12-07 17:36:19 - data_processing - INFO - Padding progress: 17000/171170 (9.9%)
2025-12-07 17:36:19 - data_processing - INFO - Padding progress: 17100/171170 (10.0%)
2025-12-07 17:36:19 - data_processing - INFO - Padding progress: 17200/171170 (10.0%)
2025-12-07 17:36:20 - data_processing - INFO - Padding progress: 17300/171170 (10.1%)
2025-12-07 17:36:20 - data_processing - INFO - Padding progress: 17400/171170 (10.2%)
2025-12-07 17:36:20 - data_processing - INFO - Padding progress: 17500/171170 (10.2%)
2025-12-07 17:36:21 - data_processing - INFO - Padding progress: 17600/171170 (10.3%)
2025-12-07 17:36:21 - data_processing - INFO - Padding progress: 17700/171170 (10.3%)
2025-12-07 17:36:21 - data_processing - INFO - Padding progress: 17800/171170 (10.4%)
2025-12-07 17:36:22 - data_processing - INFO - Padding progress: 17900/171170 (10.5%)
2025-12-07 17:36:22 - data_processing - INFO - Padding progress: 18000/171170 (10.5%)
2025-12-07 17:36:22 - data_processing - INFO - Padding progress: 18100/171170 (10.6%)
2025-12-07 17:36:23 - data_processing - INFO - Padding progress: 18200/171170 (10.6%)
2025-12-07 17:36:23 - data_processing - INFO - Padding progress: 18300/171170 (10.7%)
2025-12-07 17:36:24 - data_processing - INFO - Padding progress: 18400/171170 (10.7%)
2025-12-07 17:36:24 - data_processing - INFO - Padding progress: 18500/171170 (10.8%)
2025-12-07 17:36:25 - data_processing - INFO - Padding progress: 18600/171170 (10.9%)
2025-12-07 17:36:26 - data_processing - INFO - Padding progress: 18700/171170 (10.9%)
2025-12-07 17:36:27 - data_processing - INFO - Padding progress: 18800/171170 (11.0%)
2025-12-07 17:36:27 - data_processing - INFO - Padding progress: 18900/171170 (11.0%)
2025-12-07 17:36:28 - data_processing - INFO - Padding progress: 19000/171170 (11.1%)
2025-12-07 17:36:29 - data_processing - INFO - Padding progress: 19100/171170 (11.2%)
2025-12-07 17:36:29 - data_processing - INFO - Padding progress: 19200/171170 (11.2%)
2025-12-07 17:36:29 - data_processing - INFO - Padding progress: 19300/171170 (11.3%)
2025-12-07 17:36:29 - data_processing - INFO - Padding progress: 19400/171170 (11.3%)
2025-12-07 17:36:30 - data_processing - INFO - Padding progress: 19500/171170 (11.4%)
2025-12-07 17:36:30 - data_processing - INFO - Padding progress: 19600/171170 (11.5%)
2025-12-07 17:36:30 - data_processing - INFO - Padding progress: 19700/171170 (11.5%)
2025-12-07 17:36:31 - data_processing - INFO - Padding progress: 19800/171170 (11.6%)
2025-12-07 17:36:31 - data_processing - INFO - Padding progress: 19900/171170 (11.6%)
2025-12-07 17:36:32 - data_processing - INFO - Padding progress: 20000/171170 (11.7%)
2025-12-07 17:36:33 - data_processing - INFO - Padding progress: 20100/171170 (11.7%)
2025-12-07 17:36:33 - data_processing - INFO - Padding progress: 20200/171170 (11.8%)
2025-12-07 17:36:35 - data_processing - INFO - Padding progress: 20300/171170 (11.9%)
2025-12-07 17:36:35 - data_processing - INFO - Padding progress: 20400/171170 (11.9%)
2025-12-07 17:36:36 - data_processing - INFO - Padding progress: 20500/171170 (12.0%)
2025-12-07 17:36:37 - data_processing - INFO - Padding progress: 20600/171170 (12.0%)
2025-12-07 17:36:37 - data_processing - INFO - Padding progress: 20700/171170 (12.1%)
2025-12-07 17:36:38 - data_processing - INFO - Padding progress: 20800/171170 (12.2%)
2025-12-07 17:36:39 - data_processing - INFO - Padding progress: 20900/171170 (12.2%)
2025-12-07 17:36:39 - data_processing - INFO - Padding progress: 21000/171170 (12.3%)
2025-12-07 17:36:40 - data_processing - INFO - Padding progress: 21100/171170 (12.3%)
2025-12-07 17:36:40 - data_processing - INFO - Padding progress: 21200/171170 (12.4%)
2025-12-07 17:36:40 - data_processing - INFO - Padding progress: 21300/171170 (12.4%)
2025-12-07 17:36:41 - data_processing - INFO - Padding progress: 21400/171170 (12.5%)
2025-12-07 17:36:41 - data_processing - INFO - Padding progress: 21500/171170 (12.6%)
2025-12-07 17:36:41 - data_processing - INFO - Padding progress: 21600/171170 (12.6%)
2025-12-07 17:36:42 - data_processing - INFO - Padding progress: 21700/171170 (12.7%)
2025-12-07 17:36:42 - data_processing - INFO - Padding progress: 21800/171170 (12.7%)
2025-12-07 17:36:43 - data_processing - INFO - Padding progress: 21900/171170 (12.8%)
2025-12-07 17:36:43 - data_processing - INFO - Padding progress: 22000/171170 (12.9%)
2025-12-07 17:36:44 - data_processing - INFO - Padding progress: 22100/171170 (12.9%)
2025-12-07 17:36:45 - data_processing - INFO - Padding progress: 22200/171170 (13.0%)
2025-12-07 17:36:45 - data_processing - INFO - Padding progress: 22300/171170 (13.0%)
2025-12-07 17:36:46 - data_processing - INFO - Padding progress: 22400/171170 (13.1%)
2025-12-07 17:36:46 - data_processing - INFO - Padding progress: 22500/171170 (13.1%)
2025-12-07 17:36:47 - data_processing - INFO - Padding progress: 22600/171170 (13.2%)
2025-12-07 17:36:47 - data_processing - INFO - Padding progress: 22700/171170 (13.3%)
2025-12-07 17:36:48 - data_processing - INFO - Padding progress: 22800/171170 (13.3%)
2025-12-07 17:36:48 - data_processing - INFO - Padding progress: 22900/171170 (13.4%)
2025-12-07 17:36:49 - data_processing - INFO - Padding progress: 23000/171170 (13.4%)
2025-12-07 17:36:49 - data_processing - INFO - Padding progress: 23100/171170 (13.5%)
2025-12-07 17:36:50 - data_processing - INFO - Padding progress: 23200/171170 (13.6%)
2025-12-07 17:36:50 - data_processing - INFO - Padding progress: 23300/171170 (13.6%)
2025-12-07 17:36:51 - data_processing - INFO - Padding progress: 23400/171170 (13.7%)
2025-12-07 17:36:51 - data_processing - INFO - Padding progress: 23500/171170 (13.7%)
2025-12-07 17:36:52 - data_processing - INFO - Padding progress: 23600/171170 (13.8%)
2025-12-07 17:36:52 - data_processing - INFO - Padding progress: 23700/171170 (13.8%)
2025-12-07 17:36:53 - data_processing - INFO - Padding progress: 23800/171170 (13.9%)
2025-12-07 17:36:53 - data_processing - INFO - Padding progress: 23900/171170 (14.0%)
2025-12-07 17:36:54 - data_processing - INFO - Padding progress: 24000/171170 (14.0%)
2025-12-07 17:36:54 - data_processing - INFO - Padding progress: 24100/171170 (14.1%)
2025-12-07 17:36:55 - data_processing - INFO - Padding progress: 24200/171170 (14.1%)
2025-12-07 17:36:55 - data_processing - INFO - Padding progress: 24300/171170 (14.2%)
2025-12-07 17:36:55 - data_processing - INFO - Padding progress: 24400/171170 (14.3%)
2025-12-07 17:36:55 - data_processing - INFO - Padding progress: 24500/171170 (14.3%)
2025-12-07 17:36:56 - data_processing - INFO - Padding progress: 24600/171170 (14.4%)
2025-12-07 17:36:56 - data_processing - INFO - Padding progress: 24700/171170 (14.4%)
2025-12-07 17:36:56 - data_processing - INFO - Padding progress: 24800/171170 (14.5%)
2025-12-07 17:36:56 - data_processing - INFO - Padding progress: 24900/171170 (14.5%)
2025-12-07 17:36:56 - data_processing - INFO - Padding progress: 25000/171170 (14.6%)
2025-12-07 17:36:57 - data_processing - INFO - Padding progress: 25100/171170 (14.7%)
2025-12-07 17:36:57 - data_processing - INFO - Padding progress: 25200/171170 (14.7%)
2025-12-07 17:36:57 - data_processing - INFO - Padding progress: 25300/171170 (14.8%)
2025-12-07 17:36:57 - data_processing - INFO - Padding progress: 25400/171170 (14.8%)
2025-12-07 17:36:58 - data_processing - INFO - Padding progress: 25500/171170 (14.9%)
2025-12-07 17:36:58 - data_processing - INFO - Padding progress: 25600/171170 (15.0%)
2025-12-07 17:36:58 - data_processing - INFO - Padding progress: 25700/171170 (15.0%)
2025-12-07 17:36:58 - data_processing - INFO - Padding progress: 25800/171170 (15.1%)
2025-12-07 17:36:59 - data_processing - INFO - Padding progress: 25900/171170 (15.1%)
2025-12-07 17:36:59 - data_processing - INFO - Padding progress: 26000/171170 (15.2%)
2025-12-07 17:37:00 - data_processing - INFO - Padding progress: 26100/171170 (15.2%)
2025-12-07 17:37:00 - data_processing - INFO - Padding progress: 26200/171170 (15.3%)
2025-12-07 17:37:01 - data_processing - INFO - Padding progress: 26300/171170 (15.4%)
2025-12-07 17:37:01 - data_processing - INFO - Padding progress: 26400/171170 (15.4%)
2025-12-07 17:37:02 - data_processing - INFO - Padding progress: 26500/171170 (15.5%)
2025-12-07 17:37:02 - data_processing - INFO - Padding progress: 26600/171170 (15.5%)
2025-12-07 17:37:03 - data_processing - INFO - Padding progress: 26700/171170 (15.6%)
2025-12-07 17:37:04 - data_processing - INFO - Padding progress: 26800/171170 (15.7%)
2025-12-07 17:37:05 - data_processing - INFO - Padding progress: 26900/171170 (15.7%)
2025-12-07 17:37:06 - data_processing - INFO - Padding progress: 27000/171170 (15.8%)
2025-12-07 17:37:07 - data_processing - INFO - Padding progress: 27100/171170 (15.8%)
2025-12-07 17:37:07 - data_processing - INFO - Padding progress: 27200/171170 (15.9%)
2025-12-07 17:37:07 - data_processing - INFO - Padding progress: 27300/171170 (15.9%)
2025-12-07 17:37:08 - data_processing - INFO - Padding progress: 27400/171170 (16.0%)
2025-12-07 17:37:08 - data_processing - INFO - Padding progress: 27500/171170 (16.1%)
2025-12-07 17:37:08 - data_processing - INFO - Padding progress: 27600/171170 (16.1%)
2025-12-07 17:37:08 - data_processing - INFO - Padding progress: 27700/171170 (16.2%)
2025-12-07 17:37:09 - data_processing - INFO - Padding progress: 27800/171170 (16.2%)
2025-12-07 17:37:10 - data_processing - INFO - Padding progress: 27900/171170 (16.3%)
2025-12-07 17:37:10 - data_processing - INFO - Padding progress: 28000/171170 (16.4%)
2025-12-07 17:37:11 - data_processing - INFO - Padding progress: 28100/171170 (16.4%)
2025-12-07 17:37:12 - data_processing - INFO - Padding progress: 28200/171170 (16.5%)
2025-12-07 17:37:13 - data_processing - INFO - Padding progress: 28300/171170 (16.5%)
2025-12-07 17:37:13 - data_processing - INFO - Padding progress: 28400/171170 (16.6%)
2025-12-07 17:37:14 - data_processing - INFO - Padding progress: 28500/171170 (16.7%)
2025-12-07 17:37:14 - data_processing - INFO - Padding progress: 28600/171170 (16.7%)
2025-12-07 17:37:15 - data_processing - INFO - Padding progress: 28700/171170 (16.8%)
2025-12-07 17:37:15 - data_processing - INFO - Padding progress: 28800/171170 (16.8%)
2025-12-07 17:37:15 - data_processing - INFO - Padding progress: 28900/171170 (16.9%)
2025-12-07 17:37:16 - data_processing - INFO - Padding progress: 29000/171170 (16.9%)
2025-12-07 17:37:16 - data_processing - INFO - Padding progress: 29100/171170 (17.0%)
2025-12-07 17:37:17 - data_processing - INFO - Padding progress: 29200/171170 (17.1%)
2025-12-07 17:37:17 - data_processing - INFO - Padding progress: 29300/171170 (17.1%)
2025-12-07 17:37:18 - data_processing - INFO - Padding progress: 29400/171170 (17.2%)
2025-12-07 17:37:18 - data_processing - INFO - Padding progress: 29500/171170 (17.2%)
2025-12-07 17:37:19 - data_processing - INFO - Padding progress: 29600/171170 (17.3%)
2025-12-07 17:37:20 - data_processing - INFO - Padding progress: 29700/171170 (17.4%)
2025-12-07 17:37:21 - data_processing - INFO - Padding progress: 29800/171170 (17.4%)
2025-12-07 17:37:21 - data_processing - INFO - Padding progress: 29900/171170 (17.5%)
2025-12-07 17:37:22 - data_processing - INFO - Padding progress: 30000/171170 (17.5%)
2025-12-07 17:37:23 - data_processing - INFO - Padding progress: 30100/171170 (17.6%)
2025-12-07 17:37:23 - data_processing - INFO - Padding progress: 30200/171170 (17.6%)
2025-12-07 17:37:24 - data_processing - INFO - Padding progress: 30300/171170 (17.7%)
2025-12-07 17:37:24 - data_processing - INFO - Padding progress: 30400/171170 (17.8%)
2025-12-07 17:37:25 - data_processing - INFO - Padding progress: 30500/171170 (17.8%)
2025-12-07 17:37:25 - data_processing - INFO - Padding progress: 30600/171170 (17.9%)
2025-12-07 17:37:26 - data_processing - INFO - Padding progress: 30700/171170 (17.9%)
2025-12-07 17:37:26 - data_processing - INFO - Padding progress: 30800/171170 (18.0%)
2025-12-07 17:37:27 - data_processing - INFO - Padding progress: 30900/171170 (18.1%)
2025-12-07 17:37:28 - data_processing - INFO - Padding progress: 31000/171170 (18.1%)
2025-12-07 17:37:29 - data_processing - INFO - Padding progress: 31100/171170 (18.2%)
2025-12-07 17:37:30 - data_processing - INFO - Padding progress: 31200/171170 (18.2%)
2025-12-07 17:37:31 - data_processing - INFO - Padding progress: 31300/171170 (18.3%)
2025-12-07 17:37:31 - data_processing - INFO - Padding progress: 31400/171170 (18.3%)
2025-12-07 17:37:32 - data_processing - INFO - Padding progress: 31500/171170 (18.4%)
2025-12-07 17:37:32 - data_processing - INFO - Padding progress: 31600/171170 (18.5%)
2025-12-07 17:37:32 - data_processing - INFO - Padding progress: 31700/171170 (18.5%)
2025-12-07 17:37:33 - data_processing - INFO - Padding progress: 31800/171170 (18.6%)
2025-12-07 17:37:34 - data_processing - INFO - Padding progress: 31900/171170 (18.6%)
2025-12-07 17:37:35 - data_processing - INFO - Padding progress: 32000/171170 (18.7%)
2025-12-07 17:37:36 - data_processing - INFO - Padding progress: 32100/171170 (18.8%)
2025-12-07 17:37:37 - data_processing - INFO - Padding progress: 32200/171170 (18.8%)
2025-12-07 17:37:38 - data_processing - INFO - Padding progress: 32300/171170 (18.9%)
2025-12-07 17:37:38 - data_processing - INFO - Padding progress: 32400/171170 (18.9%)
2025-12-07 17:37:38 - data_processing - INFO - Padding progress: 32500/171170 (19.0%)
2025-12-07 17:37:39 - data_processing - INFO - Padding progress: 32600/171170 (19.0%)
2025-12-07 17:37:40 - data_processing - INFO - Padding progress: 32700/171170 (19.1%)
2025-12-07 17:37:40 - data_processing - INFO - Padding progress: 32800/171170 (19.2%)
2025-12-07 17:37:41 - data_processing - INFO - Padding progress: 32900/171170 (19.2%)
2025-12-07 17:37:41 - data_processing - INFO - Padding progress: 33000/171170 (19.3%)
2025-12-07 17:37:42 - data_processing - INFO - Padding progress: 33100/171170 (19.3%)
2025-12-07 17:37:42 - data_processing - INFO - Padding progress: 33200/171170 (19.4%)
2025-12-07 17:37:43 - data_processing - INFO - Padding progress: 33300/171170 (19.5%)
2025-12-07 17:37:43 - data_processing - INFO - Padding progress: 33400/171170 (19.5%)
2025-12-07 17:37:44 - data_processing - INFO - Padding progress: 33500/171170 (19.6%)
2025-12-07 17:37:44 - data_processing - INFO - Padding progress: 33600/171170 (19.6%)
2025-12-07 17:37:45 - data_processing - INFO - Padding progress: 33700/171170 (19.7%)
2025-12-07 17:37:46 - data_processing - INFO - Padding progress: 33800/171170 (19.7%)
2025-12-07 17:37:47 - data_processing - INFO - Padding progress: 33900/171170 (19.8%)
2025-12-07 17:37:48 - data_processing - INFO - Padding progress: 34000/171170 (19.9%)
2025-12-07 17:37:49 - data_processing - INFO - Padding progress: 34100/171170 (19.9%)
2025-12-07 17:37:50 - data_processing - INFO - Padding progress: 34200/171170 (20.0%)
2025-12-07 17:37:50 - data_processing - INFO - Padding progress: 34300/171170 (20.0%)
2025-12-07 17:37:51 - data_processing - INFO - Padding progress: 34400/171170 (20.1%)
2025-12-07 17:37:51 - data_processing - INFO - Padding progress: 34500/171170 (20.2%)
2025-12-07 17:37:52 - data_processing - INFO - Padding progress: 34600/171170 (20.2%)
2025-12-07 17:37:52 - data_processing - INFO - Padding progress: 34700/171170 (20.3%)
2025-12-07 17:37:52 - data_processing - INFO - Padding progress: 34800/171170 (20.3%)
2025-12-07 17:37:52 - data_processing - INFO - Padding progress: 34900/171170 (20.4%)
2025-12-07 17:37:53 - data_processing - INFO - Padding progress: 35000/171170 (20.4%)
2025-12-07 17:37:53 - data_processing - INFO - Padding progress: 35100/171170 (20.5%)
2025-12-07 17:37:54 - data_processing - INFO - Padding progress: 35200/171170 (20.6%)
2025-12-07 17:37:55 - data_processing - INFO - Padding progress: 35300/171170 (20.6%)
2025-12-07 17:37:55 - data_processing - INFO - Padding progress: 35400/171170 (20.7%)
2025-12-07 17:37:56 - data_processing - INFO - Padding progress: 35500/171170 (20.7%)
2025-12-07 17:37:56 - data_processing - INFO - Padding progress: 35600/171170 (20.8%)
2025-12-07 17:37:57 - data_processing - INFO - Padding progress: 35700/171170 (20.9%)
2025-12-07 17:37:58 - data_processing - INFO - Padding progress: 35800/171170 (20.9%)
2025-12-07 17:37:58 - data_processing - INFO - Padding progress: 35900/171170 (21.0%)
2025-12-07 17:37:59 - data_processing - INFO - Padding progress: 36000/171170 (21.0%)
2025-12-07 17:37:59 - data_processing - INFO - Padding progress: 36100/171170 (21.1%)
2025-12-07 17:38:00 - data_processing - INFO - Padding progress: 36200/171170 (21.1%)
2025-12-07 17:38:00 - data_processing - INFO - Padding progress: 36300/171170 (21.2%)
2025-12-07 17:38:00 - data_processing - INFO - Padding progress: 36400/171170 (21.3%)
2025-12-07 17:38:01 - data_processing - INFO - Padding progress: 36500/171170 (21.3%)
2025-12-07 17:38:01 - data_processing - INFO - Padding progress: 36600/171170 (21.4%)
2025-12-07 17:38:02 - data_processing - INFO - Padding progress: 36700/171170 (21.4%)
2025-12-07 17:38:02 - data_processing - INFO - Padding progress: 36800/171170 (21.5%)
2025-12-07 17:38:02 - data_processing - INFO - Padding progress: 36900/171170 (21.6%)
2025-12-07 17:38:03 - data_processing - INFO - Padding progress: 37000/171170 (21.6%)
2025-12-07 17:38:04 - data_processing - INFO - Padding progress: 37100/171170 (21.7%)
2025-12-07 17:38:05 - data_processing - INFO - Padding progress: 37200/171170 (21.7%)
2025-12-07 17:38:05 - data_processing - INFO - Padding progress: 37300/171170 (21.8%)
2025-12-07 17:38:06 - data_processing - INFO - Padding progress: 37400/171170 (21.8%)
2025-12-07 17:38:06 - data_processing - INFO - Padding progress: 37500/171170 (21.9%)
2025-12-07 17:38:07 - data_processing - INFO - Padding progress: 37600/171170 (22.0%)
2025-12-07 17:38:08 - data_processing - INFO - Padding progress: 37700/171170 (22.0%)
2025-12-07 17:38:09 - data_processing - INFO - Padding progress: 37800/171170 (22.1%)
2025-12-07 17:38:10 - data_processing - INFO - Padding progress: 37900/171170 (22.1%)
2025-12-07 17:38:11 - data_processing - INFO - Padding progress: 38000/171170 (22.2%)
2025-12-07 17:38:12 - data_processing - INFO - Padding progress: 38100/171170 (22.3%)
2025-12-07 17:38:13 - data_processing - INFO - Padding progress: 38200/171170 (22.3%)
2025-12-07 17:38:13 - data_processing - INFO - Padding progress: 38300/171170 (22.4%)
2025-12-07 17:38:14 - data_processing - INFO - Padding progress: 38400/171170 (22.4%)
2025-12-07 17:38:15 - data_processing - INFO - Padding progress: 38500/171170 (22.5%)
2025-12-07 17:38:15 - data_processing - INFO - Padding progress: 38600/171170 (22.6%)
2025-12-07 17:38:16 - data_processing - INFO - Padding progress: 38700/171170 (22.6%)
2025-12-07 17:38:16 - data_processing - INFO - Padding progress: 38800/171170 (22.7%)
2025-12-07 17:38:16 - data_processing - INFO - Padding progress: 38900/171170 (22.7%)
2025-12-07 17:38:17 - data_processing - INFO - Padding progress: 39000/171170 (22.8%)
2025-12-07 17:38:17 - data_processing - INFO - Padding progress: 39100/171170 (22.8%)
2025-12-07 17:38:18 - data_processing - INFO - Padding progress: 39200/171170 (22.9%)
2025-12-07 17:38:20 - data_processing - INFO - Padding progress: 39300/171170 (23.0%)
2025-12-07 17:38:20 - data_processing - INFO - Padding progress: 39400/171170 (23.0%)
2025-12-07 17:38:21 - data_processing - INFO - Padding progress: 39500/171170 (23.1%)
2025-12-07 17:38:22 - data_processing - INFO - Padding progress: 39600/171170 (23.1%)
2025-12-07 17:38:23 - data_processing - INFO - Padding progress: 39700/171170 (23.2%)
2025-12-07 17:38:23 - data_processing - INFO - Padding progress: 39800/171170 (23.3%)
2025-12-07 17:38:23 - data_processing - INFO - Padding progress: 39900/171170 (23.3%)
2025-12-07 17:38:24 - data_processing - INFO - Padding progress: 40000/171170 (23.4%)
2025-12-07 17:38:24 - data_processing - INFO - Padding progress: 40100/171170 (23.4%)
2025-12-07 17:38:25 - data_processing - INFO - Padding progress: 40200/171170 (23.5%)
2025-12-07 17:38:25 - data_processing - INFO - Padding progress: 40300/171170 (23.5%)
2025-12-07 17:38:26 - data_processing - INFO - Padding progress: 40400/171170 (23.6%)
2025-12-07 17:38:27 - data_processing - INFO - Padding progress: 40500/171170 (23.7%)
2025-12-07 17:38:27 - data_processing - INFO - Padding progress: 40600/171170 (23.7%)
2025-12-07 17:38:28 - data_processing - INFO - Padding progress: 40700/171170 (23.8%)
2025-12-07 17:38:29 - data_processing - INFO - Padding progress: 40800/171170 (23.8%)
2025-12-07 17:38:30 - data_processing - INFO - Padding progress: 40900/171170 (23.9%)
2025-12-07 17:38:30 - data_processing - INFO - Padding progress: 41000/171170 (24.0%)
2025-12-07 17:38:31 - data_processing - INFO - Padding progress: 41100/171170 (24.0%)
2025-12-07 17:38:32 - data_processing - INFO - Padding progress: 41200/171170 (24.1%)
2025-12-07 17:38:32 - data_processing - INFO - Padding progress: 41300/171170 (24.1%)
2025-12-07 17:38:32 - data_processing - INFO - Padding progress: 41400/171170 (24.2%)
2025-12-07 17:38:33 - data_processing - INFO - Padding progress: 41500/171170 (24.2%)
2025-12-07 17:38:33 - data_processing - INFO - Padding progress: 41600/171170 (24.3%)
2025-12-07 17:38:33 - data_processing - INFO - Padding progress: 41700/171170 (24.4%)
2025-12-07 17:38:34 - data_processing - INFO - Padding progress: 41800/171170 (24.4%)
2025-12-07 17:38:35 - data_processing - INFO - Padding progress: 41900/171170 (24.5%)
2025-12-07 17:38:36 - data_processing - INFO - Padding progress: 42000/171170 (24.5%)
2025-12-07 17:38:36 - data_processing - INFO - Padding progress: 42100/171170 (24.6%)
2025-12-07 17:38:37 - data_processing - INFO - Padding progress: 42200/171170 (24.7%)
2025-12-07 17:38:38 - data_processing - INFO - Padding progress: 42300/171170 (24.7%)
2025-12-07 17:38:38 - data_processing - INFO - Padding progress: 42400/171170 (24.8%)
2025-12-07 17:38:39 - data_processing - INFO - Padding progress: 42500/171170 (24.8%)
2025-12-07 17:38:39 - data_processing - INFO - Padding progress: 42600/171170 (24.9%)
2025-12-07 17:38:40 - data_processing - INFO - Padding progress: 42700/171170 (24.9%)
2025-12-07 17:38:41 - data_processing - INFO - Padding progress: 42800/171170 (25.0%)
2025-12-07 17:38:41 - data_processing - INFO - Padding progress: 42900/171170 (25.1%)
2025-12-07 17:38:42 - data_processing - INFO - Padding progress: 43000/171170 (25.1%)
2025-12-07 17:38:43 - data_processing - INFO - Padding progress: 43100/171170 (25.2%)
2025-12-07 17:38:43 - data_processing - INFO - Padding progress: 43200/171170 (25.2%)
2025-12-07 17:38:44 - data_processing - INFO - Padding progress: 43300/171170 (25.3%)
2025-12-07 17:38:44 - data_processing - INFO - Padding progress: 43400/171170 (25.4%)
2025-12-07 17:38:45 - data_processing - INFO - Padding progress: 43500/171170 (25.4%)
2025-12-07 17:38:46 - data_processing - INFO - Padding progress: 43600/171170 (25.5%)
2025-12-07 17:38:46 - data_processing - INFO - Padding progress: 43700/171170 (25.5%)
2025-12-07 17:38:47 - data_processing - INFO - Padding progress: 43800/171170 (25.6%)
2025-12-07 17:38:48 - data_processing - INFO - Padding progress: 43900/171170 (25.6%)
2025-12-07 17:38:48 - data_processing - INFO - Padding progress: 44000/171170 (25.7%)
2025-12-07 17:38:49 - data_processing - INFO - Padding progress: 44100/171170 (25.8%)
2025-12-07 17:38:49 - data_processing - INFO - Padding progress: 44200/171170 (25.8%)
2025-12-07 17:38:50 - data_processing - INFO - Padding progress: 44300/171170 (25.9%)
2025-12-07 17:38:50 - data_processing - INFO - Padding progress: 44400/171170 (25.9%)
2025-12-07 17:38:51 - data_processing - INFO - Padding progress: 44500/171170 (26.0%)
2025-12-07 17:38:51 - data_processing - INFO - Padding progress: 44600/171170 (26.1%)
2025-12-07 17:38:52 - data_processing - INFO - Padding progress: 44700/171170 (26.1%)
2025-12-07 17:38:52 - data_processing - INFO - Padding progress: 44800/171170 (26.2%)
2025-12-07 17:38:53 - data_processing - INFO - Padding progress: 44900/171170 (26.2%)
2025-12-07 17:38:53 - data_processing - INFO - Padding progress: 45000/171170 (26.3%)
2025-12-07 17:38:54 - data_processing - INFO - Padding progress: 45100/171170 (26.3%)
2025-12-07 17:38:54 - data_processing - INFO - Padding progress: 45200/171170 (26.4%)
2025-12-07 17:38:55 - data_processing - INFO - Padding progress: 45300/171170 (26.5%)
2025-12-07 17:38:56 - data_processing - INFO - Padding progress: 45400/171170 (26.5%)
2025-12-07 17:38:56 - data_processing - INFO - Padding progress: 45500/171170 (26.6%)
2025-12-07 17:38:57 - data_processing - INFO - Padding progress: 45600/171170 (26.6%)
2025-12-07 17:38:57 - data_processing - INFO - Padding progress: 45700/171170 (26.7%)
2025-12-07 17:38:58 - data_processing - INFO - Padding progress: 45800/171170 (26.8%)
2025-12-07 17:38:58 - data_processing - INFO - Padding progress: 45900/171170 (26.8%)
2025-12-07 17:38:59 - data_processing - INFO - Padding progress: 46000/171170 (26.9%)
2025-12-07 17:39:00 - data_processing - INFO - Padding progress: 46100/171170 (26.9%)
2025-12-07 17:39:00 - data_processing - INFO - Padding progress: 46200/171170 (27.0%)
2025-12-07 17:39:00 - data_processing - INFO - Padding progress: 46300/171170 (27.0%)
2025-12-07 17:39:00 - data_processing - INFO - Padding progress: 46400/171170 (27.1%)
2025-12-07 17:39:01 - data_processing - INFO - Padding progress: 46500/171170 (27.2%)
2025-12-07 17:39:02 - data_processing - INFO - Padding progress: 46600/171170 (27.2%)
2025-12-07 17:39:02 - data_processing - INFO - Padding progress: 46700/171170 (27.3%)
2025-12-07 17:39:03 - data_processing - INFO - Padding progress: 46800/171170 (27.3%)
2025-12-07 17:39:04 - data_processing - INFO - Padding progress: 46900/171170 (27.4%)
2025-12-07 17:39:05 - data_processing - INFO - Padding progress: 47000/171170 (27.5%)
2025-12-07 17:39:06 - data_processing - INFO - Padding progress: 47100/171170 (27.5%)
2025-12-07 17:39:06 - data_processing - INFO - Padding progress: 47200/171170 (27.6%)
2025-12-07 17:39:06 - data_processing - INFO - Padding progress: 47300/171170 (27.6%)
2025-12-07 17:39:07 - data_processing - INFO - Padding progress: 47400/171170 (27.7%)
2025-12-07 17:39:07 - data_processing - INFO - Padding progress: 47500/171170 (27.8%)
2025-12-07 17:39:08 - data_processing - INFO - Padding progress: 47600/171170 (27.8%)
2025-12-07 17:39:09 - data_processing - INFO - Padding progress: 47700/171170 (27.9%)
2025-12-07 17:39:09 - data_processing - INFO - Padding progress: 47800/171170 (27.9%)
2025-12-07 17:39:10 - data_processing - INFO - Padding progress: 47900/171170 (28.0%)
2025-12-07 17:39:11 - data_processing - INFO - Padding progress: 48000/171170 (28.0%)
2025-12-07 17:39:12 - data_processing - INFO - Padding progress: 48100/171170 (28.1%)
2025-12-07 17:39:13 - data_processing - INFO - Padding progress: 48200/171170 (28.2%)
2025-12-07 17:39:13 - data_processing - INFO - Padding progress: 48300/171170 (28.2%)
2025-12-07 17:39:14 - data_processing - INFO - Padding progress: 48400/171170 (28.3%)
2025-12-07 17:39:14 - data_processing - INFO - Padding progress: 48500/171170 (28.3%)
2025-12-07 17:39:15 - data_processing - INFO - Padding progress: 48600/171170 (28.4%)
2025-12-07 17:39:15 - data_processing - INFO - Padding progress: 48700/171170 (28.5%)
2025-12-07 17:39:15 - data_processing - INFO - Padding progress: 48800/171170 (28.5%)
2025-12-07 17:39:16 - data_processing - INFO - Padding progress: 48900/171170 (28.6%)
2025-12-07 17:39:16 - data_processing - INFO - Padding progress: 49000/171170 (28.6%)
2025-12-07 17:39:17 - data_processing - INFO - Padding progress: 49100/171170 (28.7%)
2025-12-07 17:39:17 - data_processing - INFO - Padding progress: 49200/171170 (28.7%)
2025-12-07 17:39:18 - data_processing - INFO - Padding progress: 49300/171170 (28.8%)
2025-12-07 17:39:19 - data_processing - INFO - Padding progress: 49400/171170 (28.9%)
2025-12-07 17:39:19 - data_processing - INFO - Padding progress: 49500/171170 (28.9%)
2025-12-07 17:39:20 - data_processing - INFO - Padding progress: 49600/171170 (29.0%)
2025-12-07 17:39:20 - data_processing - INFO - Padding progress: 49700/171170 (29.0%)
2025-12-07 17:39:20 - data_processing - INFO - Padding progress: 49800/171170 (29.1%)
2025-12-07 17:39:21 - data_processing - INFO - Padding progress: 49900/171170 (29.2%)
2025-12-07 17:39:22 - data_processing - INFO - Padding progress: 50000/171170 (29.2%)
2025-12-07 17:39:23 - data_processing - INFO - Padding progress: 50100/171170 (29.3%)
2025-12-07 17:39:24 - data_processing - INFO - Padding progress: 50200/171170 (29.3%)
2025-12-07 17:39:24 - data_processing - INFO - Padding progress: 50300/171170 (29.4%)
2025-12-07 17:39:25 - data_processing - INFO - Padding progress: 50400/171170 (29.4%)
2025-12-07 17:39:25 - data_processing - INFO - Padding progress: 50500/171170 (29.5%)
2025-12-07 17:39:26 - data_processing - INFO - Padding progress: 50600/171170 (29.6%)
2025-12-07 17:39:27 - data_processing - INFO - Padding progress: 50700/171170 (29.6%)
2025-12-07 17:39:28 - data_processing - INFO - Padding progress: 50800/171170 (29.7%)
2025-12-07 17:39:29 - data_processing - INFO - Padding progress: 50900/171170 (29.7%)
2025-12-07 17:39:30 - data_processing - INFO - Padding progress: 51000/171170 (29.8%)
2025-12-07 17:39:31 - data_processing - INFO - Padding progress: 51100/171170 (29.9%)
2025-12-07 17:39:31 - data_processing - INFO - Padding progress: 51200/171170 (29.9%)
2025-12-07 17:39:31 - data_processing - INFO - Padding progress: 51300/171170 (30.0%)
2025-12-07 17:39:32 - data_processing - INFO - Padding progress: 51400/171170 (30.0%)
2025-12-07 17:39:33 - data_processing - INFO - Padding progress: 51500/171170 (30.1%)
2025-12-07 17:39:33 - data_processing - INFO - Padding progress: 51600/171170 (30.1%)
2025-12-07 17:39:35 - data_processing - INFO - Padding progress: 51700/171170 (30.2%)
2025-12-07 17:39:35 - data_processing - INFO - Padding progress: 51800/171170 (30.3%)
2025-12-07 17:39:36 - data_processing - INFO - Padding progress: 51900/171170 (30.3%)
2025-12-07 17:39:36 - data_processing - INFO - Padding progress: 52000/171170 (30.4%)
2025-12-07 17:39:37 - data_processing - INFO - Padding progress: 52100/171170 (30.4%)
2025-12-07 17:39:37 - data_processing - INFO - Padding progress: 52200/171170 (30.5%)
2025-12-07 17:39:38 - data_processing - INFO - Padding progress: 52300/171170 (30.6%)
2025-12-07 17:39:38 - data_processing - INFO - Padding progress: 52400/171170 (30.6%)
2025-12-07 17:39:39 - data_processing - INFO - Padding progress: 52500/171170 (30.7%)
2025-12-07 17:39:39 - data_processing - INFO - Padding progress: 52600/171170 (30.7%)
2025-12-07 17:39:40 - data_processing - INFO - Padding progress: 52700/171170 (30.8%)
2025-12-07 17:39:41 - data_processing - INFO - Padding progress: 52800/171170 (30.8%)
2025-12-07 17:39:41 - data_processing - INFO - Padding progress: 52900/171170 (30.9%)
2025-12-07 17:39:42 - data_processing - INFO - Padding progress: 53000/171170 (31.0%)
2025-12-07 17:39:42 - data_processing - INFO - Padding progress: 53100/171170 (31.0%)
2025-12-07 17:39:43 - data_processing - INFO - Padding progress: 53200/171170 (31.1%)
2025-12-07 17:39:44 - data_processing - INFO - Padding progress: 53300/171170 (31.1%)
2025-12-07 17:39:44 - data_processing - INFO - Padding progress: 53400/171170 (31.2%)
2025-12-07 17:39:45 - data_processing - INFO - Padding progress: 53500/171170 (31.3%)
2025-12-07 17:39:46 - data_processing - INFO - Padding progress: 53600/171170 (31.3%)
2025-12-07 17:39:46 - data_processing - INFO - Padding progress: 53700/171170 (31.4%)
2025-12-07 17:39:47 - data_processing - INFO - Padding progress: 53800/171170 (31.4%)
2025-12-07 17:39:47 - data_processing - INFO - Padding progress: 53900/171170 (31.5%)
2025-12-07 17:39:48 - data_processing - INFO - Padding progress: 54000/171170 (31.5%)
2025-12-07 17:39:49 - data_processing - INFO - Padding progress: 54100/171170 (31.6%)
2025-12-07 17:39:49 - data_processing - INFO - Padding progress: 54200/171170 (31.7%)
2025-12-07 17:39:50 - data_processing - INFO - Padding progress: 54300/171170 (31.7%)
2025-12-07 17:39:50 - data_processing - INFO - Padding progress: 54400/171170 (31.8%)
2025-12-07 17:39:50 - data_processing - INFO - Padding progress: 54500/171170 (31.8%)
2025-12-07 17:39:51 - data_processing - INFO - Padding progress: 54600/171170 (31.9%)
2025-12-07 17:39:51 - data_processing - INFO - Padding progress: 54700/171170 (32.0%)
2025-12-07 17:39:52 - data_processing - INFO - Padding progress: 54800/171170 (32.0%)
2025-12-07 17:39:52 - data_processing - INFO - Padding progress: 54900/171170 (32.1%)
2025-12-07 17:39:53 - data_processing - INFO - Padding progress: 55000/171170 (32.1%)
2025-12-07 17:39:54 - data_processing - INFO - Padding progress: 55100/171170 (32.2%)
2025-12-07 17:39:55 - data_processing - INFO - Padding progress: 55200/171170 (32.2%)
2025-12-07 17:39:56 - data_processing - INFO - Padding progress: 55300/171170 (32.3%)
2025-12-07 17:39:56 - data_processing - INFO - Padding progress: 55400/171170 (32.4%)
2025-12-07 17:39:56 - data_processing - INFO - Padding progress: 55500/171170 (32.4%)
2025-12-07 17:39:57 - data_processing - INFO - Padding progress: 55600/171170 (32.5%)
2025-12-07 17:39:59 - data_processing - INFO - Padding progress: 55700/171170 (32.5%)
2025-12-07 17:40:00 - data_processing - INFO - Padding progress: 55800/171170 (32.6%)
2025-12-07 17:40:00 - data_processing - INFO - Padding progress: 55900/171170 (32.7%)
2025-12-07 17:40:02 - data_processing - INFO - Padding progress: 56000/171170 (32.7%)
2025-12-07 17:40:03 - data_processing - INFO - Padding progress: 56100/171170 (32.8%)
2025-12-07 17:40:04 - data_processing - INFO - Padding progress: 56200/171170 (32.8%)
2025-12-07 17:40:06 - data_processing - INFO - Padding progress: 56300/171170 (32.9%)
2025-12-07 17:40:06 - data_processing - INFO - Padding progress: 56400/171170 (32.9%)
2025-12-07 17:40:07 - data_processing - INFO - Padding progress: 56500/171170 (33.0%)
2025-12-07 17:40:07 - data_processing - INFO - Padding progress: 56600/171170 (33.1%)
2025-12-07 17:40:08 - data_processing - INFO - Padding progress: 56700/171170 (33.1%)
2025-12-07 17:40:10 - data_processing - INFO - Padding progress: 56800/171170 (33.2%)
2025-12-07 17:40:11 - data_processing - INFO - Padding progress: 56900/171170 (33.2%)
2025-12-07 17:40:12 - data_processing - INFO - Padding progress: 57000/171170 (33.3%)
2025-12-07 17:40:13 - data_processing - INFO - Padding progress: 57100/171170 (33.4%)
2025-12-07 17:40:14 - data_processing - INFO - Padding progress: 57200/171170 (33.4%)
2025-12-07 17:40:14 - data_processing - INFO - Padding progress: 57300/171170 (33.5%)
2025-12-07 17:40:15 - data_processing - INFO - Padding progress: 57400/171170 (33.5%)
2025-12-07 17:40:15 - data_processing - INFO - Padding progress: 57500/171170 (33.6%)
2025-12-07 17:40:16 - data_processing - INFO - Padding progress: 57600/171170 (33.7%)
2025-12-07 17:40:16 - data_processing - INFO - Padding progress: 57700/171170 (33.7%)
2025-12-07 17:40:16 - data_processing - INFO - Padding progress: 57800/171170 (33.8%)
2025-12-07 17:40:17 - data_processing - INFO - Padding progress: 57900/171170 (33.8%)
2025-12-07 17:40:19 - data_processing - INFO - Padding progress: 58000/171170 (33.9%)
2025-12-07 17:40:19 - data_processing - INFO - Padding progress: 58100/171170 (33.9%)
2025-12-07 17:40:20 - data_processing - INFO - Padding progress: 58200/171170 (34.0%)
2025-12-07 17:40:20 - data_processing - INFO - Padding progress: 58300/171170 (34.1%)
2025-12-07 17:40:21 - data_processing - INFO - Padding progress: 58400/171170 (34.1%)
2025-12-07 17:40:21 - data_processing - INFO - Padding progress: 58500/171170 (34.2%)
2025-12-07 17:40:22 - data_processing - INFO - Padding progress: 58600/171170 (34.2%)
2025-12-07 17:40:23 - data_processing - INFO - Padding progress: 58700/171170 (34.3%)
2025-12-07 17:40:24 - data_processing - INFO - Padding progress: 58800/171170 (34.4%)
2025-12-07 17:40:24 - data_processing - INFO - Padding progress: 58900/171170 (34.4%)
2025-12-07 17:40:25 - data_processing - INFO - Padding progress: 59000/171170 (34.5%)
2025-12-07 17:40:26 - data_processing - INFO - Padding progress: 59100/171170 (34.5%)
2025-12-07 17:40:26 - data_processing - INFO - Padding progress: 59200/171170 (34.6%)
2025-12-07 17:40:27 - data_processing - INFO - Padding progress: 59300/171170 (34.6%)
2025-12-07 17:40:27 - data_processing - INFO - Padding progress: 59400/171170 (34.7%)
2025-12-07 17:40:28 - data_processing - INFO - Padding progress: 59500/171170 (34.8%)
2025-12-07 17:40:29 - data_processing - INFO - Padding progress: 59600/171170 (34.8%)
2025-12-07 17:40:30 - data_processing - INFO - Padding progress: 59700/171170 (34.9%)
2025-12-07 17:40:33 - data_processing - INFO - Padding progress: 59800/171170 (34.9%)
2025-12-07 17:40:35 - data_processing - INFO - Padding progress: 59900/171170 (35.0%)
2025-12-07 17:40:36 - data_processing - INFO - Padding progress: 60000/171170 (35.1%)
2025-12-07 17:40:37 - data_processing - INFO - Padding progress: 60100/171170 (35.1%)
2025-12-07 17:40:39 - data_processing - INFO - Padding progress: 60200/171170 (35.2%)
2025-12-07 17:40:41 - data_processing - INFO - Padding progress: 60300/171170 (35.2%)
2025-12-07 17:40:42 - data_processing - INFO - Padding progress: 60400/171170 (35.3%)
2025-12-07 17:40:42 - data_processing - INFO - Padding progress: 60500/171170 (35.3%)
2025-12-07 17:40:43 - data_processing - INFO - Padding progress: 60600/171170 (35.4%)
2025-12-07 17:40:44 - data_processing - INFO - Padding progress: 60700/171170 (35.5%)
2025-12-07 17:40:47 - data_processing - INFO - Padding progress: 60800/171170 (35.5%)
2025-12-07 17:40:48 - data_processing - INFO - Padding progress: 60900/171170 (35.6%)
2025-12-07 17:40:49 - data_processing - INFO - Padding progress: 61000/171170 (35.6%)
2025-12-07 17:40:49 - data_processing - INFO - Padding progress: 61100/171170 (35.7%)
2025-12-07 17:40:50 - data_processing - INFO - Padding progress: 61200/171170 (35.8%)
2025-12-07 17:40:51 - data_processing - INFO - Padding progress: 61300/171170 (35.8%)
2025-12-07 17:40:51 - data_processing - INFO - Padding progress: 61400/171170 (35.9%)
2025-12-07 17:40:52 - data_processing - INFO - Padding progress: 61500/171170 (35.9%)
2025-12-07 17:40:53 - data_processing - INFO - Padding progress: 61600/171170 (36.0%)
2025-12-07 17:40:53 - data_processing - INFO - Padding progress: 61700/171170 (36.0%)
2025-12-07 17:40:54 - data_processing - INFO - Padding progress: 61800/171170 (36.1%)
2025-12-07 17:40:55 - data_processing - INFO - Padding progress: 61900/171170 (36.2%)
2025-12-07 17:40:55 - data_processing - INFO - Padding progress: 62000/171170 (36.2%)
2025-12-07 17:40:56 - data_processing - INFO - Padding progress: 62100/171170 (36.3%)
2025-12-07 17:40:56 - data_processing - INFO - Padding progress: 62200/171170 (36.3%)
2025-12-07 17:40:56 - data_processing - INFO - Padding progress: 62300/171170 (36.4%)
2025-12-07 17:40:57 - data_processing - INFO - Padding progress: 62400/171170 (36.5%)
2025-12-07 17:40:57 - data_processing - INFO - Padding progress: 62500/171170 (36.5%)
2025-12-07 17:40:58 - data_processing - INFO - Padding progress: 62600/171170 (36.6%)
2025-12-07 17:40:58 - data_processing - INFO - Padding progress: 62700/171170 (36.6%)
2025-12-07 17:40:59 - data_processing - INFO - Padding progress: 62800/171170 (36.7%)
2025-12-07 17:41:00 - data_processing - INFO - Padding progress: 62900/171170 (36.7%)
2025-12-07 17:41:00 - data_processing - INFO - Padding progress: 63000/171170 (36.8%)
2025-12-07 17:41:01 - data_processing - INFO - Padding progress: 63100/171170 (36.9%)
2025-12-07 17:41:01 - data_processing - INFO - Padding progress: 63200/171170 (36.9%)
2025-12-07 17:41:02 - data_processing - INFO - Padding progress: 63300/171170 (37.0%)
2025-12-07 17:41:02 - data_processing - INFO - Padding progress: 63400/171170 (37.0%)
2025-12-07 17:41:02 - data_processing - INFO - Padding progress: 63500/171170 (37.1%)
2025-12-07 17:41:02 - data_processing - INFO - Padding progress: 63600/171170 (37.2%)
2025-12-07 17:41:03 - data_processing - INFO - Padding progress: 63700/171170 (37.2%)
2025-12-07 17:41:03 - data_processing - INFO - Padding progress: 63800/171170 (37.3%)
2025-12-07 17:41:05 - data_processing - INFO - Padding progress: 63900/171170 (37.3%)
2025-12-07 17:41:05 - data_processing - INFO - Padding progress: 64000/171170 (37.4%)
2025-12-07 17:41:06 - data_processing - INFO - Padding progress: 64100/171170 (37.4%)
2025-12-07 17:41:07 - data_processing - INFO - Padding progress: 64200/171170 (37.5%)
2025-12-07 17:41:07 - data_processing - INFO - Padding progress: 64300/171170 (37.6%)
2025-12-07 17:41:07 - data_processing - INFO - Padding progress: 64400/171170 (37.6%)
2025-12-07 17:41:08 - data_processing - INFO - Padding progress: 64500/171170 (37.7%)
2025-12-07 17:41:09 - data_processing - INFO - Padding progress: 64600/171170 (37.7%)
2025-12-07 17:41:09 - data_processing - INFO - Padding progress: 64700/171170 (37.8%)
2025-12-07 17:41:09 - data_processing - INFO - Padding progress: 64800/171170 (37.9%)
2025-12-07 17:41:09 - data_processing - INFO - Padding progress: 64900/171170 (37.9%)
2025-12-07 17:41:10 - data_processing - INFO - Padding progress: 65000/171170 (38.0%)
2025-12-07 17:41:10 - data_processing - INFO - Padding progress: 65100/171170 (38.0%)
2025-12-07 17:41:10 - data_processing - INFO - Padding progress: 65200/171170 (38.1%)
2025-12-07 17:41:11 - data_processing - INFO - Padding progress: 65300/171170 (38.1%)
2025-12-07 17:41:11 - data_processing - INFO - Padding progress: 65400/171170 (38.2%)
2025-12-07 17:41:12 - data_processing - INFO - Padding progress: 65500/171170 (38.3%)
2025-12-07 17:41:13 - data_processing - INFO - Padding progress: 65600/171170 (38.3%)
2025-12-07 17:41:13 - data_processing - INFO - Padding progress: 65700/171170 (38.4%)
2025-12-07 17:41:14 - data_processing - INFO - Padding progress: 65800/171170 (38.4%)
2025-12-07 17:41:14 - data_processing - INFO - Padding progress: 65900/171170 (38.5%)
2025-12-07 17:41:15 - data_processing - INFO - Padding progress: 66000/171170 (38.6%)
2025-12-07 17:41:15 - data_processing - INFO - Padding progress: 66100/171170 (38.6%)
2025-12-07 17:41:16 - data_processing - INFO - Padding progress: 66200/171170 (38.7%)
2025-12-07 17:41:16 - data_processing - INFO - Padding progress: 66300/171170 (38.7%)
2025-12-07 17:41:16 - data_processing - INFO - Padding progress: 66400/171170 (38.8%)
2025-12-07 17:41:17 - data_processing - INFO - Padding progress: 66500/171170 (38.9%)
2025-12-07 17:41:17 - data_processing - INFO - Padding progress: 66600/171170 (38.9%)
2025-12-07 17:41:18 - data_processing - INFO - Padding progress: 66700/171170 (39.0%)
2025-12-07 17:41:18 - data_processing - INFO - Padding progress: 66800/171170 (39.0%)
2025-12-07 17:41:18 - data_processing - INFO - Padding progress: 66900/171170 (39.1%)
2025-12-07 17:41:18 - data_processing - INFO - Padding progress: 67000/171170 (39.1%)
2025-12-07 17:41:19 - data_processing - INFO - Padding progress: 67100/171170 (39.2%)
2025-12-07 17:41:19 - data_processing - INFO - Padding progress: 67200/171170 (39.3%)
2025-12-07 17:41:19 - data_processing - INFO - Padding progress: 67300/171170 (39.3%)
2025-12-07 17:41:20 - data_processing - INFO - Padding progress: 67400/171170 (39.4%)
2025-12-07 17:41:20 - data_processing - INFO - Padding progress: 67500/171170 (39.4%)
2025-12-07 17:41:21 - data_processing - INFO - Padding progress: 67600/171170 (39.5%)
2025-12-07 17:41:21 - data_processing - INFO - Padding progress: 67700/171170 (39.6%)
2025-12-07 17:41:22 - data_processing - INFO - Padding progress: 67800/171170 (39.6%)
2025-12-07 17:41:22 - data_processing - INFO - Padding progress: 67900/171170 (39.7%)
2025-12-07 17:41:23 - data_processing - INFO - Padding progress: 68000/171170 (39.7%)
2025-12-07 17:41:23 - data_processing - INFO - Padding progress: 68100/171170 (39.8%)
2025-12-07 17:41:23 - data_processing - INFO - Padding progress: 68200/171170 (39.8%)
2025-12-07 17:41:24 - data_processing - INFO - Padding progress: 68300/171170 (39.9%)
2025-12-07 17:41:24 - data_processing - INFO - Padding progress: 68400/171170 (40.0%)
2025-12-07 17:41:24 - data_processing - INFO - Padding progress: 68500/171170 (40.0%)
2025-12-07 17:41:24 - data_processing - INFO - Padding progress: 68600/171170 (40.1%)
2025-12-07 17:41:25 - data_processing - INFO - Padding progress: 68700/171170 (40.1%)
2025-12-07 17:41:25 - data_processing - INFO - Padding progress: 68800/171170 (40.2%)
2025-12-07 17:41:25 - data_processing - INFO - Padding progress: 68900/171170 (40.3%)
2025-12-07 17:41:26 - data_processing - INFO - Padding progress: 69000/171170 (40.3%)
2025-12-07 17:41:27 - data_processing - INFO - Padding progress: 69100/171170 (40.4%)
2025-12-07 17:41:27 - data_processing - INFO - Padding progress: 69200/171170 (40.4%)
2025-12-07 17:41:27 - data_processing - INFO - Padding progress: 69300/171170 (40.5%)
2025-12-07 17:41:28 - data_processing - INFO - Padding progress: 69400/171170 (40.5%)
2025-12-07 17:41:28 - data_processing - INFO - Padding progress: 69500/171170 (40.6%)
2025-12-07 17:41:29 - data_processing - INFO - Padding progress: 69600/171170 (40.7%)
2025-12-07 17:41:29 - data_processing - INFO - Padding progress: 69700/171170 (40.7%)
2025-12-07 17:41:30 - data_processing - INFO - Padding progress: 69800/171170 (40.8%)
2025-12-07 17:41:30 - data_processing - INFO - Padding progress: 69900/171170 (40.8%)
2025-12-07 17:41:30 - data_processing - INFO - Padding progress: 70000/171170 (40.9%)
2025-12-07 17:41:30 - data_processing - INFO - Padding progress: 70100/171170 (41.0%)
2025-12-07 17:41:31 - data_processing - INFO - Padding progress: 70200/171170 (41.0%)
2025-12-07 17:41:31 - data_processing - INFO - Padding progress: 70300/171170 (41.1%)
2025-12-07 17:41:31 - data_processing - INFO - Padding progress: 70400/171170 (41.1%)
2025-12-07 17:41:31 - data_processing - INFO - Padding progress: 70500/171170 (41.2%)
2025-12-07 17:41:32 - data_processing - INFO - Padding progress: 70600/171170 (41.2%)
2025-12-07 17:41:32 - data_processing - INFO - Padding progress: 70700/171170 (41.3%)
2025-12-07 17:41:33 - data_processing - INFO - Padding progress: 70800/171170 (41.4%)
2025-12-07 17:41:33 - data_processing - INFO - Padding progress: 70900/171170 (41.4%)
2025-12-07 17:41:35 - data_processing - INFO - Padding progress: 71000/171170 (41.5%)
2025-12-07 17:41:35 - data_processing - INFO - Padding progress: 71100/171170 (41.5%)
2025-12-07 17:41:36 - data_processing - INFO - Padding progress: 71200/171170 (41.6%)
2025-12-07 17:41:36 - data_processing - INFO - Padding progress: 71300/171170 (41.7%)
2025-12-07 17:41:37 - data_processing - INFO - Padding progress: 71400/171170 (41.7%)
2025-12-07 17:41:38 - data_processing - INFO - Padding progress: 71500/171170 (41.8%)
2025-12-07 17:41:38 - data_processing - INFO - Padding progress: 71600/171170 (41.8%)
2025-12-07 17:41:39 - data_processing - INFO - Padding progress: 71700/171170 (41.9%)
2025-12-07 17:41:39 - data_processing - INFO - Padding progress: 71800/171170 (41.9%)
2025-12-07 17:41:40 - data_processing - INFO - Padding progress: 71900/171170 (42.0%)
2025-12-07 17:41:40 - data_processing - INFO - Padding progress: 72000/171170 (42.1%)
2025-12-07 17:41:41 - data_processing - INFO - Padding progress: 72100/171170 (42.1%)
2025-12-07 17:41:41 - data_processing - INFO - Padding progress: 72200/171170 (42.2%)
2025-12-07 17:41:42 - data_processing - INFO - Padding progress: 72300/171170 (42.2%)
2025-12-07 17:41:43 - data_processing - INFO - Padding progress: 72400/171170 (42.3%)
2025-12-07 17:41:43 - data_processing - INFO - Padding progress: 72500/171170 (42.4%)
2025-12-07 17:41:44 - data_processing - INFO - Padding progress: 72600/171170 (42.4%)
2025-12-07 17:41:44 - data_processing - INFO - Padding progress: 72700/171170 (42.5%)
2025-12-07 17:41:45 - data_processing - INFO - Padding progress: 72800/171170 (42.5%)
2025-12-07 17:41:45 - data_processing - INFO - Padding progress: 72900/171170 (42.6%)
2025-12-07 17:41:45 - data_processing - INFO - Padding progress: 73000/171170 (42.6%)
2025-12-07 17:41:46 - data_processing - INFO - Padding progress: 73100/171170 (42.7%)
2025-12-07 17:41:46 - data_processing - INFO - Padding progress: 73200/171170 (42.8%)
2025-12-07 17:41:47 - data_processing - INFO - Padding progress: 73300/171170 (42.8%)
2025-12-07 17:41:47 - data_processing - INFO - Padding progress: 73400/171170 (42.9%)
2025-12-07 17:41:47 - data_processing - INFO - Padding progress: 73500/171170 (42.9%)
2025-12-07 17:41:48 - data_processing - INFO - Padding progress: 73600/171170 (43.0%)
2025-12-07 17:41:48 - data_processing - INFO - Padding progress: 73700/171170 (43.1%)
2025-12-07 17:41:49 - data_processing - INFO - Padding progress: 73800/171170 (43.1%)
2025-12-07 17:41:49 - data_processing - INFO - Padding progress: 73900/171170 (43.2%)
2025-12-07 17:41:50 - data_processing - INFO - Padding progress: 74000/171170 (43.2%)
2025-12-07 17:41:50 - data_processing - INFO - Padding progress: 74100/171170 (43.3%)
2025-12-07 17:41:51 - data_processing - INFO - Padding progress: 74200/171170 (43.3%)
2025-12-07 17:41:51 - data_processing - INFO - Padding progress: 74300/171170 (43.4%)
2025-12-07 17:41:52 - data_processing - INFO - Padding progress: 74400/171170 (43.5%)
2025-12-07 17:41:52 - data_processing - INFO - Padding progress: 74500/171170 (43.5%)
2025-12-07 17:41:53 - data_processing - INFO - Padding progress: 74600/171170 (43.6%)
2025-12-07 17:41:53 - data_processing - INFO - Padding progress: 74700/171170 (43.6%)
2025-12-07 17:41:53 - data_processing - INFO - Padding progress: 74800/171170 (43.7%)
2025-12-07 17:41:54 - data_processing - INFO - Padding progress: 74900/171170 (43.8%)
2025-12-07 17:41:54 - data_processing - INFO - Padding progress: 75000/171170 (43.8%)
2025-12-07 17:41:55 - data_processing - INFO - Padding progress: 75100/171170 (43.9%)
2025-12-07 17:41:55 - data_processing - INFO - Padding progress: 75200/171170 (43.9%)
2025-12-07 17:41:56 - data_processing - INFO - Padding progress: 75300/171170 (44.0%)
2025-12-07 17:41:56 - data_processing - INFO - Padding progress: 75400/171170 (44.0%)
2025-12-07 17:41:57 - data_processing - INFO - Padding progress: 75500/171170 (44.1%)
2025-12-07 17:41:58 - data_processing - INFO - Padding progress: 75600/171170 (44.2%)
2025-12-07 17:41:58 - data_processing - INFO - Padding progress: 75700/171170 (44.2%)
2025-12-07 17:41:59 - data_processing - INFO - Padding progress: 75800/171170 (44.3%)
2025-12-07 17:42:00 - data_processing - INFO - Padding progress: 75900/171170 (44.3%)
2025-12-07 17:42:01 - data_processing - INFO - Padding progress: 76000/171170 (44.4%)
2025-12-07 17:42:01 - data_processing - INFO - Padding progress: 76100/171170 (44.5%)
2025-12-07 17:42:02 - data_processing - INFO - Padding progress: 76200/171170 (44.5%)
2025-12-07 17:42:02 - data_processing - INFO - Padding progress: 76300/171170 (44.6%)
2025-12-07 17:42:03 - data_processing - INFO - Padding progress: 76400/171170 (44.6%)
2025-12-07 17:42:03 - data_processing - INFO - Padding progress: 76500/171170 (44.7%)
2025-12-07 17:42:03 - data_processing - INFO - Padding progress: 76600/171170 (44.8%)
2025-12-07 17:42:04 - data_processing - INFO - Padding progress: 76700/171170 (44.8%)
2025-12-07 17:42:04 - data_processing - INFO - Padding progress: 76800/171170 (44.9%)
2025-12-07 17:42:05 - data_processing - INFO - Padding progress: 76900/171170 (44.9%)
2025-12-07 17:42:05 - data_processing - INFO - Padding progress: 77000/171170 (45.0%)
2025-12-07 17:42:06 - data_processing - INFO - Padding progress: 77100/171170 (45.0%)
2025-12-07 17:42:06 - data_processing - INFO - Padding progress: 77200/171170 (45.1%)
2025-12-07 17:42:07 - data_processing - INFO - Padding progress: 77300/171170 (45.2%)
2025-12-07 17:42:07 - data_processing - INFO - Padding progress: 77400/171170 (45.2%)
2025-12-07 17:42:08 - data_processing - INFO - Padding progress: 77500/171170 (45.3%)
2025-12-07 17:42:08 - data_processing - INFO - Padding progress: 77600/171170 (45.3%)
2025-12-07 17:42:09 - data_processing - INFO - Padding progress: 77700/171170 (45.4%)
2025-12-07 17:42:09 - data_processing - INFO - Padding progress: 77800/171170 (45.5%)
2025-12-07 17:42:10 - data_processing - INFO - Padding progress: 77900/171170 (45.5%)
2025-12-07 17:42:10 - data_processing - INFO - Padding progress: 78000/171170 (45.6%)
2025-12-07 17:42:11 - data_processing - INFO - Padding progress: 78100/171170 (45.6%)
2025-12-07 17:42:11 - data_processing - INFO - Padding progress: 78200/171170 (45.7%)
2025-12-07 17:42:12 - data_processing - INFO - Padding progress: 78300/171170 (45.7%)
2025-12-07 17:42:12 - data_processing - INFO - Padding progress: 78400/171170 (45.8%)
2025-12-07 17:42:12 - data_processing - INFO - Padding progress: 78500/171170 (45.9%)
2025-12-07 17:42:13 - data_processing - INFO - Padding progress: 78600/171170 (45.9%)
2025-12-07 17:42:13 - data_processing - INFO - Padding progress: 78700/171170 (46.0%)
2025-12-07 17:42:13 - data_processing - INFO - Padding progress: 78800/171170 (46.0%)
2025-12-07 17:42:14 - data_processing - INFO - Padding progress: 78900/171170 (46.1%)
2025-12-07 17:42:14 - data_processing - INFO - Padding progress: 79000/171170 (46.2%)
2025-12-07 17:42:15 - data_processing - INFO - Padding progress: 79100/171170 (46.2%)
2025-12-07 17:42:16 - data_processing - INFO - Padding progress: 79200/171170 (46.3%)
2025-12-07 17:42:16 - data_processing - INFO - Padding progress: 79300/171170 (46.3%)
2025-12-07 17:42:17 - data_processing - INFO - Padding progress: 79400/171170 (46.4%)
2025-12-07 17:42:17 - data_processing - INFO - Padding progress: 79500/171170 (46.4%)
2025-12-07 17:42:18 - data_processing - INFO - Padding progress: 79600/171170 (46.5%)
2025-12-07 17:42:19 - data_processing - INFO - Padding progress: 79700/171170 (46.6%)
2025-12-07 17:42:19 - data_processing - INFO - Padding progress: 79800/171170 (46.6%)
2025-12-07 17:42:20 - data_processing - INFO - Padding progress: 79900/171170 (46.7%)
2025-12-07 17:42:20 - data_processing - INFO - Padding progress: 80000/171170 (46.7%)
2025-12-07 17:42:20 - data_processing - INFO - Padding progress: 80100/171170 (46.8%)
2025-12-07 17:42:20 - data_processing - INFO - Padding progress: 80200/171170 (46.9%)
2025-12-07 17:42:21 - data_processing - INFO - Padding progress: 80300/171170 (46.9%)
2025-12-07 17:42:21 - data_processing - INFO - Padding progress: 80400/171170 (47.0%)
2025-12-07 17:42:22 - data_processing - INFO - Padding progress: 80500/171170 (47.0%)
2025-12-07 17:42:22 - data_processing - INFO - Padding progress: 80600/171170 (47.1%)
2025-12-07 17:42:23 - data_processing - INFO - Padding progress: 80700/171170 (47.1%)
2025-12-07 17:42:23 - data_processing - INFO - Padding progress: 80800/171170 (47.2%)
2025-12-07 17:42:24 - data_processing - INFO - Padding progress: 80900/171170 (47.3%)
2025-12-07 17:42:24 - data_processing - INFO - Padding progress: 81000/171170 (47.3%)
2025-12-07 17:42:25 - data_processing - INFO - Padding progress: 81100/171170 (47.4%)
2025-12-07 17:42:25 - data_processing - INFO - Padding progress: 81200/171170 (47.4%)
2025-12-07 17:42:26 - data_processing - INFO - Padding progress: 81300/171170 (47.5%)
2025-12-07 17:42:26 - data_processing - INFO - Padding progress: 81400/171170 (47.6%)
2025-12-07 17:42:27 - data_processing - INFO - Padding progress: 81500/171170 (47.6%)
2025-12-07 17:42:27 - data_processing - INFO - Padding progress: 81600/171170 (47.7%)
2025-12-07 17:42:27 - data_processing - INFO - Padding progress: 81700/171170 (47.7%)
2025-12-07 17:42:28 - data_processing - INFO - Padding progress: 81800/171170 (47.8%)
2025-12-07 17:42:28 - data_processing - INFO - Padding progress: 81900/171170 (47.8%)
2025-12-07 17:42:28 - data_processing - INFO - Padding progress: 82000/171170 (47.9%)
2025-12-07 17:42:28 - data_processing - INFO - Padding progress: 82100/171170 (48.0%)
2025-12-07 17:42:29 - data_processing - INFO - Padding progress: 82200/171170 (48.0%)
2025-12-07 17:42:29 - data_processing - INFO - Padding progress: 82300/171170 (48.1%)
2025-12-07 17:42:29 - data_processing - INFO - Padding progress: 82400/171170 (48.1%)
2025-12-07 17:42:29 - data_processing - INFO - Padding progress: 82500/171170 (48.2%)
2025-12-07 17:42:30 - data_processing - INFO - Padding progress: 82600/171170 (48.3%)
2025-12-07 17:42:31 - data_processing - INFO - Padding progress: 82700/171170 (48.3%)
2025-12-07 17:42:31 - data_processing - INFO - Padding progress: 82800/171170 (48.4%)
2025-12-07 17:42:32 - data_processing - INFO - Padding progress: 82900/171170 (48.4%)
2025-12-07 17:42:32 - data_processing - INFO - Padding progress: 83000/171170 (48.5%)
2025-12-07 17:42:33 - data_processing - INFO - Padding progress: 83100/171170 (48.5%)
2025-12-07 17:42:34 - data_processing - INFO - Padding progress: 83200/171170 (48.6%)
2025-12-07 17:42:35 - data_processing - INFO - Padding progress: 83300/171170 (48.7%)
2025-12-07 17:42:36 - data_processing - INFO - Padding progress: 83400/171170 (48.7%)
2025-12-07 17:42:36 - data_processing - INFO - Padding progress: 83500/171170 (48.8%)
2025-12-07 17:42:37 - data_processing - INFO - Padding progress: 83600/171170 (48.8%)
2025-12-07 17:42:38 - data_processing - INFO - Padding progress: 83700/171170 (48.9%)
2025-12-07 17:42:38 - data_processing - INFO - Padding progress: 83800/171170 (49.0%)
2025-12-07 17:42:38 - data_processing - INFO - Padding progress: 83900/171170 (49.0%)
2025-12-07 17:42:38 - data_processing - INFO - Padding progress: 84000/171170 (49.1%)
2025-12-07 17:42:39 - data_processing - INFO - Padding progress: 84100/171170 (49.1%)
2025-12-07 17:42:39 - data_processing - INFO - Padding progress: 84200/171170 (49.2%)
2025-12-07 17:42:39 - data_processing - INFO - Padding progress: 84300/171170 (49.2%)
2025-12-07 17:42:39 - data_processing - INFO - Padding progress: 84400/171170 (49.3%)
2025-12-07 17:42:40 - data_processing - INFO - Padding progress: 84500/171170 (49.4%)
2025-12-07 17:42:41 - data_processing - INFO - Padding progress: 84600/171170 (49.4%)
2025-12-07 17:42:41 - data_processing - INFO - Padding progress: 84700/171170 (49.5%)
2025-12-07 17:42:42 - data_processing - INFO - Padding progress: 84800/171170 (49.5%)
2025-12-07 17:42:42 - data_processing - INFO - Padding progress: 84900/171170 (49.6%)
2025-12-07 17:42:43 - data_processing - INFO - Padding progress: 85000/171170 (49.7%)
2025-12-07 17:42:43 - data_processing - INFO - Padding progress: 85100/171170 (49.7%)
2025-12-07 17:42:44 - data_processing - INFO - Padding progress: 85200/171170 (49.8%)
2025-12-07 17:42:44 - data_processing - INFO - Padding progress: 85300/171170 (49.8%)
2025-12-07 17:42:45 - data_processing - INFO - Padding progress: 85400/171170 (49.9%)
2025-12-07 17:42:46 - data_processing - INFO - Padding progress: 85500/171170 (50.0%)
2025-12-07 17:42:47 - data_processing - INFO - Padding progress: 85600/171170 (50.0%)
2025-12-07 17:42:48 - data_processing - INFO - Padding progress: 85700/171170 (50.1%)
2025-12-07 17:42:48 - data_processing - INFO - Padding progress: 85800/171170 (50.1%)
2025-12-07 17:42:49 - data_processing - INFO - Padding progress: 85900/171170 (50.2%)
2025-12-07 17:42:49 - data_processing - INFO - Padding progress: 86000/171170 (50.2%)
2025-12-07 17:42:50 - data_processing - INFO - Padding progress: 86100/171170 (50.3%)
2025-12-07 17:42:51 - data_processing - INFO - Padding progress: 86200/171170 (50.4%)
2025-12-07 17:42:52 - data_processing - INFO - Padding progress: 86300/171170 (50.4%)
2025-12-07 17:42:52 - data_processing - INFO - Padding progress: 86400/171170 (50.5%)
2025-12-07 17:42:52 - data_processing - INFO - Padding progress: 86500/171170 (50.5%)
2025-12-07 17:42:53 - data_processing - INFO - Padding progress: 86600/171170 (50.6%)
2025-12-07 17:42:53 - data_processing - INFO - Padding progress: 86700/171170 (50.7%)
2025-12-07 17:42:53 - data_processing - INFO - Padding progress: 86800/171170 (50.7%)
2025-12-07 17:42:54 - data_processing - INFO - Padding progress: 86900/171170 (50.8%)
2025-12-07 17:42:54 - data_processing - INFO - Padding progress: 87000/171170 (50.8%)
2025-12-07 17:42:54 - data_processing - INFO - Padding progress: 87100/171170 (50.9%)
2025-12-07 17:42:55 - data_processing - INFO - Padding progress: 87200/171170 (50.9%)
2025-12-07 17:42:55 - data_processing - INFO - Padding progress: 87300/171170 (51.0%)
2025-12-07 17:42:55 - data_processing - INFO - Padding progress: 87400/171170 (51.1%)
2025-12-07 17:42:55 - data_processing - INFO - Padding progress: 87500/171170 (51.1%)
2025-12-07 17:42:56 - data_processing - INFO - Padding progress: 87600/171170 (51.2%)
2025-12-07 17:42:56 - data_processing - INFO - Padding progress: 87700/171170 (51.2%)
2025-12-07 17:42:57 - data_processing - INFO - Padding progress: 87800/171170 (51.3%)
2025-12-07 17:42:58 - data_processing - INFO - Padding progress: 87900/171170 (51.4%)
2025-12-07 17:42:58 - data_processing - INFO - Padding progress: 88000/171170 (51.4%)
2025-12-07 17:42:59 - data_processing - INFO - Padding progress: 88100/171170 (51.5%)
2025-12-07 17:42:59 - data_processing - INFO - Padding progress: 88200/171170 (51.5%)
2025-12-07 17:43:01 - data_processing - INFO - Padding progress: 88300/171170 (51.6%)
2025-12-07 17:43:01 - data_processing - INFO - Padding progress: 88400/171170 (51.6%)
2025-12-07 17:43:02 - data_processing - INFO - Padding progress: 88500/171170 (51.7%)
2025-12-07 17:43:03 - data_processing - INFO - Padding progress: 88600/171170 (51.8%)
2025-12-07 17:43:04 - data_processing - INFO - Padding progress: 88700/171170 (51.8%)
2025-12-07 17:43:05 - data_processing - INFO - Padding progress: 88800/171170 (51.9%)
2025-12-07 17:43:06 - data_processing - INFO - Padding progress: 88900/171170 (51.9%)
2025-12-07 17:43:06 - data_processing - INFO - Padding progress: 89000/171170 (52.0%)
2025-12-07 17:43:07 - data_processing - INFO - Padding progress: 89100/171170 (52.1%)
2025-12-07 17:43:07 - data_processing - INFO - Padding progress: 89200/171170 (52.1%)
2025-12-07 17:43:08 - data_processing - INFO - Padding progress: 89300/171170 (52.2%)
2025-12-07 17:43:08 - data_processing - INFO - Padding progress: 89400/171170 (52.2%)
2025-12-07 17:43:09 - data_processing - INFO - Padding progress: 89500/171170 (52.3%)
2025-12-07 17:43:09 - data_processing - INFO - Padding progress: 89600/171170 (52.3%)
2025-12-07 17:43:09 - data_processing - INFO - Padding progress: 89700/171170 (52.4%)
2025-12-07 17:43:09 - data_processing - INFO - Padding progress: 89800/171170 (52.5%)
2025-12-07 17:43:10 - data_processing - INFO - Padding progress: 89900/171170 (52.5%)
2025-12-07 17:43:10 - data_processing - INFO - Padding progress: 90000/171170 (52.6%)
2025-12-07 17:43:10 - data_processing - INFO - Padding progress: 90100/171170 (52.6%)
2025-12-07 17:43:11 - data_processing - INFO - Padding progress: 90200/171170 (52.7%)
2025-12-07 17:43:11 - data_processing - INFO - Padding progress: 90300/171170 (52.8%)
2025-12-07 17:43:11 - data_processing - INFO - Padding progress: 90400/171170 (52.8%)
2025-12-07 17:43:11 - data_processing - INFO - Padding progress: 90500/171170 (52.9%)
2025-12-07 17:43:12 - data_processing - INFO - Padding progress: 90600/171170 (52.9%)
2025-12-07 17:43:12 - data_processing - INFO - Padding progress: 90700/171170 (53.0%)
2025-12-07 17:43:12 - data_processing - INFO - Padding progress: 90800/171170 (53.0%)
2025-12-07 17:43:13 - data_processing - INFO - Padding progress: 90900/171170 (53.1%)
2025-12-07 17:43:13 - data_processing - INFO - Padding progress: 91000/171170 (53.2%)
2025-12-07 17:43:14 - data_processing - INFO - Padding progress: 91100/171170 (53.2%)
2025-12-07 17:43:15 - data_processing - INFO - Padding progress: 91200/171170 (53.3%)
2025-12-07 17:43:15 - data_processing - INFO - Padding progress: 91300/171170 (53.3%)
2025-12-07 17:43:16 - data_processing - INFO - Padding progress: 91400/171170 (53.4%)
2025-12-07 17:43:16 - data_processing - INFO - Padding progress: 91500/171170 (53.5%)
2025-12-07 17:43:17 - data_processing - INFO - Padding progress: 91600/171170 (53.5%)
2025-12-07 17:43:18 - data_processing - INFO - Padding progress: 91700/171170 (53.6%)
2025-12-07 17:43:18 - data_processing - INFO - Padding progress: 91800/171170 (53.6%)
2025-12-07 17:43:19 - data_processing - INFO - Padding progress: 91900/171170 (53.7%)
2025-12-07 17:43:19 - data_processing - INFO - Padding progress: 92000/171170 (53.7%)
2025-12-07 17:43:20 - data_processing - INFO - Padding progress: 92100/171170 (53.8%)
2025-12-07 17:43:20 - data_processing - INFO - Padding progress: 92200/171170 (53.9%)
2025-12-07 17:43:21 - data_processing - INFO - Padding progress: 92300/171170 (53.9%)
2025-12-07 17:43:21 - data_processing - INFO - Padding progress: 92400/171170 (54.0%)
2025-12-07 17:43:21 - data_processing - INFO - Padding progress: 92500/171170 (54.0%)
2025-12-07 17:43:21 - data_processing - INFO - Padding progress: 92600/171170 (54.1%)
2025-12-07 17:43:22 - data_processing - INFO - Padding progress: 92700/171170 (54.2%)
2025-12-07 17:43:22 - data_processing - INFO - Padding progress: 92800/171170 (54.2%)
2025-12-07 17:43:22 - data_processing - INFO - Padding progress: 92900/171170 (54.3%)
2025-12-07 17:43:23 - data_processing - INFO - Padding progress: 93000/171170 (54.3%)
2025-12-07 17:43:23 - data_processing - INFO - Padding progress: 93100/171170 (54.4%)
2025-12-07 17:43:24 - data_processing - INFO - Padding progress: 93200/171170 (54.4%)
2025-12-07 17:43:25 - data_processing - INFO - Padding progress: 93300/171170 (54.5%)
2025-12-07 17:43:25 - data_processing - INFO - Padding progress: 93400/171170 (54.6%)
2025-12-07 17:43:26 - data_processing - INFO - Padding progress: 93500/171170 (54.6%)
2025-12-07 17:43:26 - data_processing - INFO - Padding progress: 93600/171170 (54.7%)
2025-12-07 17:43:28 - data_processing - INFO - Padding progress: 93700/171170 (54.7%)
2025-12-07 17:43:30 - data_processing - INFO - Padding progress: 93800/171170 (54.8%)
2025-12-07 17:43:30 - data_processing - INFO - Padding progress: 93900/171170 (54.9%)
2025-12-07 17:43:31 - data_processing - INFO - Padding progress: 94000/171170 (54.9%)
2025-12-07 17:43:32 - data_processing - INFO - Padding progress: 94100/171170 (55.0%)
2025-12-07 17:43:33 - data_processing - INFO - Padding progress: 94200/171170 (55.0%)
2025-12-07 17:43:34 - data_processing - INFO - Padding progress: 94300/171170 (55.1%)
2025-12-07 17:43:36 - data_processing - INFO - Padding progress: 94400/171170 (55.1%)
2025-12-07 17:43:36 - data_processing - INFO - Padding progress: 94500/171170 (55.2%)
2025-12-07 17:43:36 - data_processing - INFO - Padding progress: 94600/171170 (55.3%)
2025-12-07 17:43:37 - data_processing - INFO - Padding progress: 94700/171170 (55.3%)
2025-12-07 17:43:37 - data_processing - INFO - Padding progress: 94800/171170 (55.4%)
2025-12-07 17:43:38 - data_processing - INFO - Padding progress: 94900/171170 (55.4%)
2025-12-07 17:43:38 - data_processing - INFO - Padding progress: 95000/171170 (55.5%)
2025-12-07 17:43:39 - data_processing - INFO - Padding progress: 95100/171170 (55.6%)
2025-12-07 17:43:39 - data_processing - INFO - Padding progress: 95200/171170 (55.6%)
2025-12-07 17:43:40 - data_processing - INFO - Padding progress: 95300/171170 (55.7%)
2025-12-07 17:43:40 - data_processing - INFO - Padding progress: 95400/171170 (55.7%)
2025-12-07 17:43:40 - data_processing - INFO - Padding progress: 95500/171170 (55.8%)
2025-12-07 17:43:41 - data_processing - INFO - Padding progress: 95600/171170 (55.9%)
2025-12-07 17:43:41 - data_processing - INFO - Padding progress: 95700/171170 (55.9%)
2025-12-07 17:43:42 - data_processing - INFO - Padding progress: 95800/171170 (56.0%)
2025-12-07 17:43:42 - data_processing - INFO - Padding progress: 95900/171170 (56.0%)
2025-12-07 17:43:43 - data_processing - INFO - Padding progress: 96000/171170 (56.1%)
2025-12-07 17:43:43 - data_processing - INFO - Padding progress: 96100/171170 (56.1%)
2025-12-07 17:43:44 - data_processing - INFO - Padding progress: 96200/171170 (56.2%)
2025-12-07 17:43:44 - data_processing - INFO - Padding progress: 96300/171170 (56.3%)
2025-12-07 17:43:44 - data_processing - INFO - Padding progress: 96400/171170 (56.3%)
2025-12-07 17:43:45 - data_processing - INFO - Padding progress: 96500/171170 (56.4%)
2025-12-07 17:43:46 - data_processing - INFO - Padding progress: 96600/171170 (56.4%)
2025-12-07 17:43:47 - data_processing - INFO - Padding progress: 96700/171170 (56.5%)
2025-12-07 17:43:47 - data_processing - INFO - Padding progress: 96800/171170 (56.6%)
2025-12-07 17:43:48 - data_processing - INFO - Padding progress: 96900/171170 (56.6%)
2025-12-07 17:43:49 - data_processing - INFO - Padding progress: 97000/171170 (56.7%)
2025-12-07 17:43:50 - data_processing - INFO - Padding progress: 97100/171170 (56.7%)
2025-12-07 17:43:50 - data_processing - INFO - Padding progress: 97200/171170 (56.8%)
2025-12-07 17:43:50 - data_processing - INFO - Padding progress: 97300/171170 (56.8%)
2025-12-07 17:43:50 - data_processing - INFO - Padding progress: 97400/171170 (56.9%)
2025-12-07 17:43:51 - data_processing - INFO - Padding progress: 97500/171170 (57.0%)
2025-12-07 17:43:51 - data_processing - INFO - Padding progress: 97600/171170 (57.0%)
2025-12-07 17:43:52 - data_processing - INFO - Padding progress: 97700/171170 (57.1%)
2025-12-07 17:43:53 - data_processing - INFO - Padding progress: 97800/171170 (57.1%)
2025-12-07 17:43:53 - data_processing - INFO - Padding progress: 97900/171170 (57.2%)
2025-12-07 17:43:54 - data_processing - INFO - Padding progress: 98000/171170 (57.3%)
2025-12-07 17:43:55 - data_processing - INFO - Padding progress: 98100/171170 (57.3%)
2025-12-07 17:43:56 - data_processing - INFO - Padding progress: 98200/171170 (57.4%)
2025-12-07 17:43:56 - data_processing - INFO - Padding progress: 98300/171170 (57.4%)
2025-12-07 17:43:56 - data_processing - INFO - Padding progress: 98400/171170 (57.5%)
2025-12-07 17:43:56 - data_processing - INFO - Padding progress: 98500/171170 (57.5%)
2025-12-07 17:43:57 - data_processing - INFO - Padding progress: 98600/171170 (57.6%)
2025-12-07 17:43:58 - data_processing - INFO - Padding progress: 98700/171170 (57.7%)
2025-12-07 17:43:58 - data_processing - INFO - Padding progress: 98800/171170 (57.7%)
2025-12-07 17:43:59 - data_processing - INFO - Padding progress: 98900/171170 (57.8%)
2025-12-07 17:44:00 - data_processing - INFO - Padding progress: 99000/171170 (57.8%)
2025-12-07 17:44:00 - data_processing - INFO - Padding progress: 99100/171170 (57.9%)
2025-12-07 17:44:01 - data_processing - INFO - Padding progress: 99200/171170 (58.0%)
2025-12-07 17:44:02 - data_processing - INFO - Padding progress: 99300/171170 (58.0%)
2025-12-07 17:44:02 - data_processing - INFO - Padding progress: 99400/171170 (58.1%)
2025-12-07 17:44:03 - data_processing - INFO - Padding progress: 99500/171170 (58.1%)
2025-12-07 17:44:03 - data_processing - INFO - Padding progress: 99600/171170 (58.2%)
2025-12-07 17:44:05 - data_processing - INFO - Padding progress: 99700/171170 (58.2%)
2025-12-07 17:44:05 - data_processing - INFO - Padding progress: 99800/171170 (58.3%)
2025-12-07 17:44:06 - data_processing - INFO - Padding progress: 99900/171170 (58.4%)
2025-12-07 17:44:06 - data_processing - INFO - Padding progress: 100000/171170 (58.4%)
2025-12-07 17:44:06 - data_processing - INFO - Padding progress: 100100/171170 (58.5%)
2025-12-07 17:44:07 - data_processing - INFO - Padding progress: 100200/171170 (58.5%)
2025-12-07 17:44:07 - data_processing - INFO - Padding progress: 100300/171170 (58.6%)
2025-12-07 17:44:07 - data_processing - INFO - Padding progress: 100400/171170 (58.7%)
2025-12-07 17:44:07 - data_processing - INFO - Padding progress: 100500/171170 (58.7%)
2025-12-07 17:44:08 - data_processing - INFO - Padding progress: 100600/171170 (58.8%)
2025-12-07 17:44:09 - data_processing - INFO - Padding progress: 100700/171170 (58.8%)
2025-12-07 17:44:09 - data_processing - INFO - Padding progress: 100800/171170 (58.9%)
2025-12-07 17:44:09 - data_processing - INFO - Padding progress: 100900/171170 (58.9%)
2025-12-07 17:44:10 - data_processing - INFO - Padding progress: 101000/171170 (59.0%)
2025-12-07 17:44:11 - data_processing - INFO - Padding progress: 101100/171170 (59.1%)
2025-12-07 17:44:11 - data_processing - INFO - Padding progress: 101200/171170 (59.1%)
2025-12-07 17:44:12 - data_processing - INFO - Padding progress: 101300/171170 (59.2%)
2025-12-07 17:44:14 - data_processing - INFO - Padding progress: 101400/171170 (59.2%)
2025-12-07 17:44:14 - data_processing - INFO - Padding progress: 101500/171170 (59.3%)
2025-12-07 17:44:15 - data_processing - INFO - Padding progress: 101600/171170 (59.4%)
2025-12-07 17:44:15 - data_processing - INFO - Padding progress: 101700/171170 (59.4%)
2025-12-07 17:44:16 - data_processing - INFO - Padding progress: 101800/171170 (59.5%)
2025-12-07 17:44:19 - data_processing - INFO - Padding progress: 101900/171170 (59.5%)
2025-12-07 17:44:23 - data_processing - INFO - Padding progress: 102000/171170 (59.6%)
2025-12-07 17:44:24 - data_processing - INFO - Padding progress: 102100/171170 (59.6%)
2025-12-07 17:44:25 - data_processing - INFO - Padding progress: 102200/171170 (59.7%)
2025-12-07 17:44:25 - data_processing - INFO - Padding progress: 102300/171170 (59.8%)
2025-12-07 17:44:26 - data_processing - INFO - Padding progress: 102400/171170 (59.8%)
2025-12-07 17:44:26 - data_processing - INFO - Padding progress: 102500/171170 (59.9%)
2025-12-07 17:44:27 - data_processing - INFO - Padding progress: 102600/171170 (59.9%)
2025-12-07 17:44:28 - data_processing - INFO - Padding progress: 102700/171170 (60.0%)
2025-12-07 17:44:28 - data_processing - INFO - Padding progress: 102800/171170 (60.1%)
2025-12-07 17:44:29 - data_processing - INFO - Padding progress: 102900/171170 (60.1%)
2025-12-07 17:44:29 - data_processing - INFO - Padding progress: 103000/171170 (60.2%)
2025-12-07 17:44:29 - data_processing - INFO - Padding progress: 103100/171170 (60.2%)
2025-12-07 17:44:30 - data_processing - INFO - Padding progress: 103200/171170 (60.3%)
2025-12-07 17:44:31 - data_processing - INFO - Padding progress: 103300/171170 (60.3%)
2025-12-07 17:44:32 - data_processing - INFO - Padding progress: 103400/171170 (60.4%)
2025-12-07 17:44:32 - data_processing - INFO - Padding progress: 103500/171170 (60.5%)
2025-12-07 17:44:33 - data_processing - INFO - Padding progress: 103600/171170 (60.5%)
2025-12-07 17:44:35 - data_processing - INFO - Padding progress: 103700/171170 (60.6%)
2025-12-07 17:44:36 - data_processing - INFO - Padding progress: 103800/171170 (60.6%)
2025-12-07 17:44:36 - data_processing - INFO - Padding progress: 103900/171170 (60.7%)
2025-12-07 17:47:14 - data_processing - INFO - Padding progress: 104000/171170 (60.8%)
2025-12-07 17:47:16 - data_processing - INFO - Padding progress: 104100/171170 (60.8%)
2025-12-07 17:47:16 - data_processing - INFO - Padding progress: 104200/171170 (60.9%)
2025-12-07 17:47:17 - data_processing - INFO - Padding progress: 104300/171170 (60.9%)
2025-12-07 17:47:18 - data_processing - INFO - Padding progress: 104400/171170 (61.0%)
2025-12-07 17:47:19 - data_processing - INFO - Padding progress: 104500/171170 (61.1%)
2025-12-07 17:47:20 - data_processing - INFO - Padding progress: 104600/171170 (61.1%)
2025-12-07 17:47:20 - data_processing - INFO - Padding progress: 104700/171170 (61.2%)
2025-12-07 17:47:21 - data_processing - INFO - Padding progress: 104800/171170 (61.2%)
2025-12-07 17:47:22 - data_processing - INFO - Padding progress: 104900/171170 (61.3%)
2025-12-07 17:47:23 - data_processing - INFO - Padding progress: 105000/171170 (61.3%)
2025-12-07 17:47:24 - data_processing - INFO - Padding progress: 105100/171170 (61.4%)
2025-12-07 18:02:25 - data_processing - INFO - Padding progress: 105200/171170 (61.5%)
2025-12-07 18:02:25 - data_processing - INFO - Padding progress: 105300/171170 (61.5%)
2025-12-07 18:02:27 - data_processing - INFO - Padding progress: 105400/171170 (61.6%)
2025-12-07 18:02:29 - data_processing - INFO - Padding progress: 105500/171170 (61.6%)
2025-12-07 18:02:30 - data_processing - INFO - Padding progress: 105600/171170 (61.7%)
2025-12-07 18:24:12 - data_processing - INFO - Padding progress: 105700/171170 (61.8%)
2025-12-07 18:24:13 - data_processing - INFO - Padding progress: 105800/171170 (61.8%)
2025-12-07 18:24:20 - data_processing - INFO - Padding progress: 105900/171170 (61.9%)
2025-12-07 18:24:27 - data_processing - INFO - Padding progress: 106000/171170 (61.9%)
2025-12-07 18:24:28 - data_processing - INFO - Padding progress: 106100/171170 (62.0%)
2025-12-07 18:24:28 - data_processing - INFO - Padding progress: 106200/171170 (62.0%)
2025-12-07 18:24:29 - data_processing - INFO - Padding progress: 106300/171170 (62.1%)
2025-12-07 18:24:29 - data_processing - INFO - Padding progress: 106400/171170 (62.2%)
2025-12-07 18:24:30 - data_processing - INFO - Padding progress: 106500/171170 (62.2%)
2025-12-07 18:24:31 - data_processing - INFO - Padding progress: 106600/171170 (62.3%)
2025-12-07 18:24:32 - data_processing - INFO - Padding progress: 106700/171170 (62.3%)
2025-12-07 18:24:32 - data_processing - INFO - Padding progress: 106800/171170 (62.4%)
2025-12-07 18:24:33 - data_processing - INFO - Padding progress: 106900/171170 (62.5%)
2025-12-07 18:24:33 - data_processing - INFO - Padding progress: 107000/171170 (62.5%)
2025-12-07 19:39:41 - data_processing - INFO - Padding progress: 107100/171170 (62.6%)
2025-12-07 19:39:42 - data_processing - INFO - Padding progress: 107200/171170 (62.6%)
2025-12-07 19:39:51 - data_processing - INFO - Padding progress: 107300/171170 (62.7%)
2025-12-07 19:40:01 - data_processing - INFO - Padding progress: 107400/171170 (62.7%)
2025-12-07 19:40:13 - data_processing - INFO - Padding progress: 107500/171170 (62.8%)
2025-12-07 19:40:27 - data_processing - INFO - Padding progress: 107600/171170 (62.9%)
2025-12-07 19:40:43 - data_processing - INFO - Padding progress: 107700/171170 (62.9%)
2025-12-07 19:40:59 - data_processing - INFO - Padding progress: 107800/171170 (63.0%)
2025-12-07 19:41:02 - data_processing - INFO - Padding progress: 107900/171170 (63.0%)
2025-12-07 19:41:03 - data_processing - INFO - Padding progress: 108000/171170 (63.1%)
2025-12-07 19:48:20 - data_processing - INFO - Padding progress: 108100/171170 (63.2%)
2025-12-07 19:48:32 - data_processing - INFO - Padding progress: 108200/171170 (63.2%)
2025-12-07 19:48:42 - data_processing - INFO - Padding progress: 108300/171170 (63.3%)
2025-12-07 20:06:46 - data_processing - INFO - Padding progress: 108400/171170 (63.3%)
2025-12-07 20:06:59 - data_processing - INFO - Padding progress: 108500/171170 (63.4%)
2025-12-07 20:07:01 - data_processing - INFO - Padding progress: 108600/171170 (63.4%)
2025-12-07 20:07:03 - data_processing - INFO - Padding progress: 108700/171170 (63.5%)
2025-12-07 20:07:05 - data_processing - INFO - Padding progress: 108800/171170 (63.6%)
2025-12-07 20:07:07 - data_processing - INFO - Padding progress: 108900/171170 (63.6%)
2025-12-07 20:07:08 - data_processing - INFO - Padding progress: 109000/171170 (63.7%)
2025-12-07 20:07:10 - data_processing - INFO - Padding progress: 109100/171170 (63.7%)
2025-12-07 20:07:12 - data_processing - INFO - Padding progress: 109200/171170 (63.8%)
2025-12-07 20:07:13 - data_processing - INFO - Padding progress: 109300/171170 (63.9%)
2025-12-07 20:07:14 - data_processing - INFO - Padding progress: 109400/171170 (63.9%)
2025-12-07 20:07:14 - data_processing - INFO - Padding progress: 109500/171170 (64.0%)
2025-12-07 20:07:15 - data_processing - INFO - Padding progress: 109600/171170 (64.0%)
2025-12-07 20:07:15 - data_processing - INFO - Padding progress: 109700/171170 (64.1%)
2025-12-07 20:07:16 - data_processing - INFO - Padding progress: 109800/171170 (64.1%)
2025-12-07 20:07:17 - data_processing - INFO - Padding progress: 109900/171170 (64.2%)
2025-12-07 20:07:17 - data_processing - INFO - Padding progress: 110000/171170 (64.3%)
2025-12-07 20:07:18 - data_processing - INFO - Padding progress: 110100/171170 (64.3%)
2025-12-07 20:07:18 - data_processing - INFO - Padding progress: 110200/171170 (64.4%)
2025-12-07 20:07:19 - data_processing - INFO - Padding progress: 110300/171170 (64.4%)
2025-12-07 20:07:19 - data_processing - INFO - Padding progress: 110400/171170 (64.5%)
2025-12-07 20:07:20 - data_processing - INFO - Padding progress: 110500/171170 (64.6%)
2025-12-07 20:16:50 - data_processing - INFO - Padding progress: 110600/171170 (64.6%)
2025-12-07 20:16:53 - data_processing - INFO - Padding progress: 110700/171170 (64.7%)
2025-12-07 20:16:54 - data_processing - INFO - Padding progress: 110800/171170 (64.7%)
2025-12-07 20:17:03 - data_processing - INFO - Padding progress: 110900/171170 (64.8%)
2025-12-07 20:17:14 - data_processing - INFO - Padding progress: 111000/171170 (64.8%)
2025-12-07 20:17:21 - data_processing - INFO - Padding progress: 111100/171170 (64.9%)
2025-12-07 20:17:28 - data_processing - INFO - Padding progress: 111200/171170 (65.0%)
2025-12-07 20:17:42 - data_processing - INFO - Padding progress: 111300/171170 (65.0%)
2025-12-07 20:17:49 - data_processing - INFO - Padding progress: 111400/171170 (65.1%)
2025-12-07 20:18:21 - data_processing - INFO - Padding progress: 111500/171170 (65.1%)
2025-12-07 20:18:22 - data_processing - INFO - Padding progress: 111600/171170 (65.2%)
2025-12-07 20:18:23 - data_processing - INFO - Padding progress: 111700/171170 (65.3%)
2025-12-07 20:18:24 - data_processing - INFO - Padding progress: 111800/171170 (65.3%)
2025-12-07 20:18:27 - data_processing - INFO - Padding progress: 111900/171170 (65.4%)
2025-12-07 20:18:27 - data_processing - INFO - Padding progress: 112000/171170 (65.4%)
2025-12-07 20:18:28 - data_processing - INFO - Padding progress: 112100/171170 (65.5%)
2025-12-07 20:18:29 - data_processing - INFO - Padding progress: 112200/171170 (65.5%)
2025-12-07 20:18:29 - data_processing - INFO - Padding progress: 112300/171170 (65.6%)
2025-12-07 20:18:30 - data_processing - INFO - Padding progress: 112400/171170 (65.7%)
2025-12-07 20:18:31 - data_processing - INFO - Padding progress: 112500/171170 (65.7%)
2025-12-07 20:18:32 - data_processing - INFO - Padding progress: 112600/171170 (65.8%)
2025-12-07 20:18:32 - data_processing - INFO - Padding progress: 112700/171170 (65.8%)
2025-12-07 20:18:36 - data_processing - INFO - Padding progress: 112800/171170 (65.9%)
2025-12-07 20:18:36 - data_processing - INFO - Padding progress: 112900/171170 (66.0%)
2025-12-07 20:18:37 - data_processing - INFO - Padding progress: 113000/171170 (66.0%)
2025-12-07 20:21:47 - data_processing - INFO - Padding progress: 113100/171170 (66.1%)
2025-12-07 20:21:48 - data_processing - INFO - Padding progress: 113200/171170 (66.1%)
2025-12-07 20:21:48 - data_processing - INFO - Padding progress: 113300/171170 (66.2%)
2025-12-07 20:21:49 - data_processing - INFO - Padding progress: 113400/171170 (66.2%)
2025-12-07 20:21:49 - data_processing - INFO - Padding progress: 113500/171170 (66.3%)
2025-12-07 20:21:50 - data_processing - INFO - Padding progress: 113600/171170 (66.4%)
2025-12-07 20:21:55 - data_processing - INFO - Padding progress: 113700/171170 (66.4%)
2025-12-07 20:21:55 - data_processing - INFO - Padding progress: 113800/171170 (66.5%)
2025-12-07 20:21:57 - data_processing - INFO - Padding progress: 113900/171170 (66.5%)
2025-12-07 20:21:57 - data_processing - INFO - Padding progress: 114000/171170 (66.6%)
2025-12-07 20:21:59 - data_processing - INFO - Padding progress: 114100/171170 (66.7%)
2025-12-07 20:22:00 - data_processing - INFO - Padding progress: 114200/171170 (66.7%)
2025-12-07 20:22:02 - data_processing - INFO - Padding progress: 114300/171170 (66.8%)
2025-12-07 20:22:02 - data_processing - INFO - Padding progress: 114400/171170 (66.8%)
2025-12-07 20:22:04 - data_processing - INFO - Padding progress: 114500/171170 (66.9%)
2025-12-07 20:22:05 - data_processing - INFO - Padding progress: 114600/171170 (67.0%)
2025-12-07 20:22:06 - data_processing - INFO - Padding progress: 114700/171170 (67.0%)
2025-12-07 20:22:06 - data_processing - INFO - Padding progress: 114800/171170 (67.1%)
2025-12-07 20:22:06 - data_processing - INFO - Padding progress: 114900/171170 (67.1%)
2025-12-07 20:22:07 - data_processing - INFO - Padding progress: 115000/171170 (67.2%)
2025-12-07 20:22:09 - data_processing - INFO - Padding progress: 115100/171170 (67.2%)
2025-12-07 20:22:12 - data_processing - INFO - Padding progress: 115200/171170 (67.3%)
2025-12-07 20:22:13 - data_processing - INFO - Padding progress: 115300/171170 (67.4%)
2025-12-07 20:22:14 - data_processing - INFO - Padding progress: 115400/171170 (67.4%)
2025-12-07 20:22:15 - data_processing - INFO - Padding progress: 115500/171170 (67.5%)
2025-12-07 20:22:15 - data_processing - INFO - Padding progress: 115600/171170 (67.5%)
2025-12-07 20:22:16 - data_processing - INFO - Padding progress: 115700/171170 (67.6%)
2025-12-07 20:22:16 - data_processing - INFO - Padding progress: 115800/171170 (67.7%)
2025-12-07 20:22:17 - data_processing - INFO - Padding progress: 115900/171170 (67.7%)
2025-12-07 20:22:18 - data_processing - INFO - Padding progress: 116000/171170 (67.8%)
2025-12-07 20:22:19 - data_processing - INFO - Padding progress: 116100/171170 (67.8%)
2025-12-07 20:22:19 - data_processing - INFO - Padding progress: 116200/171170 (67.9%)
2025-12-07 20:22:20 - data_processing - INFO - Padding progress: 116300/171170 (67.9%)
2025-12-07 20:22:20 - data_processing - INFO - Padding progress: 116400/171170 (68.0%)
2025-12-07 20:22:22 - data_processing - INFO - Padding progress: 116500/171170 (68.1%)
2025-12-07 20:22:23 - data_processing - INFO - Padding progress: 116600/171170 (68.1%)
2025-12-07 20:22:24 - data_processing - INFO - Padding progress: 116700/171170 (68.2%)
2025-12-07 20:22:25 - data_processing - INFO - Padding progress: 116800/171170 (68.2%)
2025-12-07 20:22:26 - data_processing - INFO - Padding progress: 116900/171170 (68.3%)
2025-12-07 20:22:27 - data_processing - INFO - Padding progress: 117000/171170 (68.4%)
2025-12-07 20:22:29 - data_processing - INFO - Padding progress: 117100/171170 (68.4%)
2025-12-07 20:22:29 - data_processing - INFO - Padding progress: 117200/171170 (68.5%)
2025-12-07 20:22:29 - data_processing - INFO - Padding progress: 117300/171170 (68.5%)
2025-12-07 20:22:30 - data_processing - INFO - Padding progress: 117400/171170 (68.6%)
2025-12-07 20:22:30 - data_processing - INFO - Padding progress: 117500/171170 (68.6%)
2025-12-07 20:22:31 - data_processing - INFO - Padding progress: 117600/171170 (68.7%)
2025-12-07 20:22:32 - data_processing - INFO - Padding progress: 117700/171170 (68.8%)
2025-12-07 20:22:34 - data_processing - INFO - Padding progress: 117800/171170 (68.8%)
2025-12-07 20:22:35 - data_processing - INFO - Padding progress: 117900/171170 (68.9%)
2025-12-07 20:22:36 - data_processing - INFO - Padding progress: 118000/171170 (68.9%)
2025-12-07 20:22:37 - data_processing - INFO - Padding progress: 118100/171170 (69.0%)
2025-12-07 20:22:38 - data_processing - INFO - Padding progress: 118200/171170 (69.1%)
2025-12-07 20:22:38 - data_processing - INFO - Padding progress: 118300/171170 (69.1%)
2025-12-07 20:22:39 - data_processing - INFO - Padding progress: 118400/171170 (69.2%)
2025-12-07 20:22:39 - data_processing - INFO - Padding progress: 118500/171170 (69.2%)
2025-12-07 20:22:40 - data_processing - INFO - Padding progress: 118600/171170 (69.3%)
2025-12-07 20:22:40 - data_processing - INFO - Padding progress: 118700/171170 (69.3%)
2025-12-07 20:22:41 - data_processing - INFO - Padding progress: 118800/171170 (69.4%)
2025-12-07 20:22:42 - data_processing - INFO - Padding progress: 118900/171170 (69.5%)
2025-12-07 20:23:52 - data_processing - INFO - Padding progress: 119000/171170 (69.5%)
2025-12-07 20:23:53 - data_processing - INFO - Padding progress: 119100/171170 (69.6%)
2025-12-07 20:23:54 - data_processing - INFO - Padding progress: 119200/171170 (69.6%)
2025-12-07 20:23:54 - data_processing - INFO - Padding progress: 119300/171170 (69.7%)
2025-12-07 20:23:55 - data_processing - INFO - Padding progress: 119400/171170 (69.8%)
2025-12-07 20:23:56 - data_processing - INFO - Padding progress: 119500/171170 (69.8%)
2025-12-07 20:23:59 - data_processing - INFO - Padding progress: 119600/171170 (69.9%)
2025-12-07 20:23:59 - data_processing - INFO - Padding progress: 119700/171170 (69.9%)
2025-12-07 20:24:00 - data_processing - INFO - Padding progress: 119800/171170 (70.0%)
2025-12-07 20:24:00 - data_processing - INFO - Padding progress: 119900/171170 (70.0%)
2025-12-07 20:24:01 - data_processing - INFO - Padding progress: 120000/171170 (70.1%)
2025-12-07 20:24:02 - data_processing - INFO - Padding progress: 120100/171170 (70.2%)
2025-12-07 20:24:02 - data_processing - INFO - Padding progress: 120200/171170 (70.2%)
2025-12-07 20:24:02 - data_processing - INFO - Padding progress: 120300/171170 (70.3%)
2025-12-07 20:24:02 - data_processing - INFO - Padding progress: 120400/171170 (70.3%)
2025-12-07 20:24:03 - data_processing - INFO - Padding progress: 120500/171170 (70.4%)
2025-12-07 20:24:04 - data_processing - INFO - Padding progress: 120600/171170 (70.5%)
2025-12-07 20:24:05 - data_processing - INFO - Padding progress: 120700/171170 (70.5%)
2025-12-07 20:24:05 - data_processing - INFO - Padding progress: 120800/171170 (70.6%)
2025-12-07 20:24:11 - data_processing - INFO - Padding progress: 120900/171170 (70.6%)
2025-12-07 20:24:11 - data_processing - INFO - Padding progress: 121000/171170 (70.7%)
2025-12-07 20:24:12 - data_processing - INFO - Padding progress: 121100/171170 (70.7%)
2025-12-07 20:24:14 - data_processing - INFO - Padding progress: 121200/171170 (70.8%)
2025-12-07 20:24:14 - data_processing - INFO - Padding progress: 121300/171170 (70.9%)
2025-12-07 20:24:15 - data_processing - INFO - Padding progress: 121400/171170 (70.9%)
2025-12-07 20:24:15 - data_processing - INFO - Padding progress: 121500/171170 (71.0%)
2025-12-07 20:24:16 - data_processing - INFO - Padding progress: 121600/171170 (71.0%)
2025-12-07 20:24:17 - data_processing - INFO - Padding progress: 121700/171170 (71.1%)
2025-12-07 20:24:19 - data_processing - INFO - Padding progress: 121800/171170 (71.2%)
2025-12-07 20:24:19 - data_processing - INFO - Padding progress: 121900/171170 (71.2%)
2025-12-07 20:24:19 - data_processing - INFO - Padding progress: 122000/171170 (71.3%)
2025-12-07 20:24:20 - data_processing - INFO - Padding progress: 122100/171170 (71.3%)
2025-12-07 20:24:21 - data_processing - INFO - Padding progress: 122200/171170 (71.4%)
2025-12-07 20:24:22 - data_processing - INFO - Padding progress: 122300/171170 (71.4%)
2025-12-07 20:24:23 - data_processing - INFO - Padding progress: 122400/171170 (71.5%)
2025-12-07 20:24:24 - data_processing - INFO - Padding progress: 122500/171170 (71.6%)
2025-12-07 20:24:25 - data_processing - INFO - Padding progress: 122600/171170 (71.6%)
2025-12-07 20:24:26 - data_processing - INFO - Padding progress: 122700/171170 (71.7%)
2025-12-07 20:24:27 - data_processing - INFO - Padding progress: 122800/171170 (71.7%)
2025-12-07 20:24:27 - data_processing - INFO - Padding progress: 122900/171170 (71.8%)
2025-12-07 20:24:27 - data_processing - INFO - Padding progress: 123000/171170 (71.9%)
2025-12-07 20:24:28 - data_processing - INFO - Padding progress: 123100/171170 (71.9%)
2025-12-07 20:24:29 - data_processing - INFO - Padding progress: 123200/171170 (72.0%)
2025-12-07 20:24:30 - data_processing - INFO - Padding progress: 123300/171170 (72.0%)
2025-12-07 20:24:31 - data_processing - INFO - Padding progress: 123400/171170 (72.1%)
2025-12-07 20:24:32 - data_processing - INFO - Padding progress: 123500/171170 (72.2%)
2025-12-07 20:24:33 - data_processing - INFO - Padding progress: 123600/171170 (72.2%)
2025-12-07 20:24:35 - data_processing - INFO - Padding progress: 123700/171170 (72.3%)
2025-12-07 20:24:36 - data_processing - INFO - Padding progress: 123800/171170 (72.3%)
2025-12-07 20:24:37 - data_processing - INFO - Padding progress: 123900/171170 (72.4%)
2025-12-07 20:24:37 - data_processing - INFO - Padding progress: 124000/171170 (72.4%)
2025-12-07 20:24:38 - data_processing - INFO - Padding progress: 124100/171170 (72.5%)
2025-12-07 20:24:38 - data_processing - INFO - Padding progress: 124200/171170 (72.6%)
2025-12-07 20:24:39 - data_processing - INFO - Padding progress: 124300/171170 (72.6%)
2025-12-07 20:24:39 - data_processing - INFO - Padding progress: 124400/171170 (72.7%)
2025-12-07 20:24:40 - data_processing - INFO - Padding progress: 124500/171170 (72.7%)
2025-12-07 20:24:53 - data_processing - INFO - Padding progress: 124600/171170 (72.8%)
2025-12-07 20:25:07 - data_processing - INFO - Padding progress: 124700/171170 (72.9%)
2025-12-07 20:25:18 - data_processing - INFO - Padding progress: 124800/171170 (72.9%)
2025-12-07 20:25:30 - data_processing - INFO - Padding progress: 124900/171170 (73.0%)
2025-12-07 20:25:47 - data_processing - INFO - Padding progress: 125000/171170 (73.0%)
2025-12-07 20:26:01 - data_processing - INFO - Padding progress: 125100/171170 (73.1%)
2025-12-07 20:26:16 - data_processing - INFO - Padding progress: 125200/171170 (73.1%)
2025-12-07 20:26:30 - data_processing - INFO - Padding progress: 125300/171170 (73.2%)
2025-12-07 20:26:40 - data_processing - INFO - Padding progress: 125400/171170 (73.3%)
2025-12-07 20:26:40 - data_processing - INFO - Padding progress: 125500/171170 (73.3%)
2025-12-07 20:26:41 - data_processing - INFO - Padding progress: 125600/171170 (73.4%)
2025-12-07 20:26:54 - data_processing - INFO - Padding progress: 125700/171170 (73.4%)
2025-12-07 20:26:54 - data_processing - INFO - Padding progress: 125800/171170 (73.5%)
2025-12-07 20:26:55 - data_processing - INFO - Padding progress: 125900/171170 (73.6%)
2025-12-07 20:26:55 - data_processing - INFO - Padding progress: 126000/171170 (73.6%)
2025-12-07 20:26:56 - data_processing - INFO - Padding progress: 126100/171170 (73.7%)
2025-12-07 20:26:56 - data_processing - INFO - Padding progress: 126200/171170 (73.7%)
2025-12-07 20:26:57 - data_processing - INFO - Padding progress: 126300/171170 (73.8%)
2025-12-07 20:26:57 - data_processing - INFO - Padding progress: 126400/171170 (73.8%)
2025-12-07 20:26:57 - data_processing - INFO - Padding progress: 126500/171170 (73.9%)
2025-12-07 20:26:59 - data_processing - INFO - Padding progress: 126600/171170 (74.0%)
2025-12-07 20:27:00 - data_processing - INFO - Padding progress: 126700/171170 (74.0%)
2025-12-07 20:27:00 - data_processing - INFO - Padding progress: 126800/171170 (74.1%)
2025-12-07 20:27:02 - data_processing - INFO - Padding progress: 126900/171170 (74.1%)
2025-12-07 20:27:02 - data_processing - INFO - Padding progress: 127000/171170 (74.2%)
2025-12-07 20:27:03 - data_processing - INFO - Padding progress: 127100/171170 (74.3%)
2025-12-07 20:27:04 - data_processing - INFO - Padding progress: 127200/171170 (74.3%)
2025-12-07 20:27:05 - data_processing - INFO - Padding progress: 127300/171170 (74.4%)
2025-12-07 20:27:11 - data_processing - INFO - Padding progress: 127400/171170 (74.4%)
2025-12-07 20:27:11 - data_processing - INFO - Padding progress: 127500/171170 (74.5%)
2025-12-07 20:27:12 - data_processing - INFO - Padding progress: 127600/171170 (74.5%)
2025-12-07 20:27:12 - data_processing - INFO - Padding progress: 127700/171170 (74.6%)
2025-12-07 20:27:12 - data_processing - INFO - Padding progress: 127800/171170 (74.7%)
2025-12-07 20:27:12 - data_processing - INFO - Padding progress: 127900/171170 (74.7%)
2025-12-07 20:27:13 - data_processing - INFO - Padding progress: 128000/171170 (74.8%)
2025-12-07 20:27:14 - data_processing - INFO - Padding progress: 128100/171170 (74.8%)
2025-12-07 20:27:15 - data_processing - INFO - Padding progress: 128200/171170 (74.9%)
2025-12-07 20:27:15 - data_processing - INFO - Padding progress: 128300/171170 (75.0%)
2025-12-07 20:27:16 - data_processing - INFO - Padding progress: 128400/171170 (75.0%)
2025-12-07 20:27:16 - data_processing - INFO - Padding progress: 128500/171170 (75.1%)
2025-12-07 20:27:17 - data_processing - INFO - Padding progress: 128600/171170 (75.1%)
2025-12-07 20:27:18 - data_processing - INFO - Padding progress: 128700/171170 (75.2%)
2025-12-07 20:27:19 - data_processing - INFO - Padding progress: 128800/171170 (75.2%)
2025-12-07 20:27:19 - data_processing - INFO - Padding progress: 128900/171170 (75.3%)
2025-12-07 20:27:20 - data_processing - INFO - Padding progress: 129000/171170 (75.4%)
2025-12-07 20:27:21 - data_processing - INFO - Padding progress: 129100/171170 (75.4%)
2025-12-07 20:27:21 - data_processing - INFO - Padding progress: 129200/171170 (75.5%)
2025-12-07 20:27:22 - data_processing - INFO - Padding progress: 129300/171170 (75.5%)
2025-12-07 20:27:22 - data_processing - INFO - Padding progress: 129400/171170 (75.6%)
2025-12-07 20:27:23 - data_processing - INFO - Padding progress: 129500/171170 (75.7%)
2025-12-07 20:27:24 - data_processing - INFO - Padding progress: 129600/171170 (75.7%)
2025-12-07 20:27:24 - data_processing - INFO - Padding progress: 129700/171170 (75.8%)
2025-12-07 20:27:25 - data_processing - INFO - Padding progress: 129800/171170 (75.8%)
2025-12-07 20:27:26 - data_processing - INFO - Padding progress: 129900/171170 (75.9%)
2025-12-07 20:27:26 - data_processing - INFO - Padding progress: 130000/171170 (75.9%)
2025-12-07 20:27:26 - data_processing - INFO - Padding progress: 130100/171170 (76.0%)
2025-12-07 20:27:27 - data_processing - INFO - Padding progress: 130200/171170 (76.1%)
2025-12-07 20:27:27 - data_processing - INFO - Padding progress: 130300/171170 (76.1%)
2025-12-07 20:27:27 - data_processing - INFO - Padding progress: 130400/171170 (76.2%)
2025-12-07 20:27:27 - data_processing - INFO - Padding progress: 130500/171170 (76.2%)
2025-12-07 20:27:29 - data_processing - INFO - Padding progress: 130600/171170 (76.3%)
2025-12-07 20:27:29 - data_processing - INFO - Padding progress: 130700/171170 (76.4%)
2025-12-07 20:27:30 - data_processing - INFO - Padding progress: 130800/171170 (76.4%)
2025-12-07 20:27:30 - data_processing - INFO - Padding progress: 130900/171170 (76.5%)
2025-12-07 20:27:31 - data_processing - INFO - Padding progress: 131000/171170 (76.5%)
2025-12-07 20:27:31 - data_processing - INFO - Padding progress: 131100/171170 (76.6%)
2025-12-07 20:27:32 - data_processing - INFO - Padding progress: 131200/171170 (76.6%)
2025-12-07 20:27:32 - data_processing - INFO - Padding progress: 131300/171170 (76.7%)
2025-12-07 20:27:33 - data_processing - INFO - Padding progress: 131400/171170 (76.8%)
2025-12-07 20:27:43 - data_processing - INFO - Padding progress: 131500/171170 (76.8%)
2025-12-07 20:27:43 - data_processing - INFO - Padding progress: 131600/171170 (76.9%)
2025-12-07 20:27:43 - data_processing - INFO - Padding progress: 131700/171170 (76.9%)
2025-12-07 20:27:44 - data_processing - INFO - Padding progress: 131800/171170 (77.0%)
2025-12-07 20:27:44 - data_processing - INFO - Padding progress: 131900/171170 (77.1%)
2025-12-07 20:27:45 - data_processing - INFO - Padding progress: 132000/171170 (77.1%)
2025-12-07 20:27:47 - data_processing - INFO - Padding progress: 132100/171170 (77.2%)
2025-12-07 20:27:47 - data_processing - INFO - Padding progress: 132200/171170 (77.2%)
2025-12-07 20:27:48 - data_processing - INFO - Padding progress: 132300/171170 (77.3%)
2025-12-07 20:27:49 - data_processing - INFO - Padding progress: 132400/171170 (77.4%)
2025-12-07 20:27:50 - data_processing - INFO - Padding progress: 132500/171170 (77.4%)
2025-12-07 20:27:54 - data_processing - INFO - Padding progress: 132600/171170 (77.5%)
2025-12-07 20:27:55 - data_processing - INFO - Padding progress: 132700/171170 (77.5%)
2025-12-07 20:27:56 - data_processing - INFO - Padding progress: 132800/171170 (77.6%)
2025-12-07 20:27:57 - data_processing - INFO - Padding progress: 132900/171170 (77.6%)
2025-12-07 20:27:58 - data_processing - INFO - Padding progress: 133000/171170 (77.7%)
2025-12-07 20:27:59 - data_processing - INFO - Padding progress: 133100/171170 (77.8%)
2025-12-07 20:27:59 - data_processing - INFO - Padding progress: 133200/171170 (77.8%)
2025-12-07 20:27:59 - data_processing - INFO - Padding progress: 133300/171170 (77.9%)
2025-12-07 20:28:00 - data_processing - INFO - Padding progress: 133400/171170 (77.9%)
2025-12-07 20:28:00 - data_processing - INFO - Padding progress: 133500/171170 (78.0%)
2025-12-07 20:28:01 - data_processing - INFO - Padding progress: 133600/171170 (78.1%)
2025-12-07 20:28:09 - data_processing - INFO - Padding progress: 133700/171170 (78.1%)
2025-12-07 20:28:19 - data_processing - INFO - Padding progress: 133800/171170 (78.2%)
2025-12-07 20:28:19 - data_processing - INFO - Padding progress: 133900/171170 (78.2%)
2025-12-07 20:28:20 - data_processing - INFO - Padding progress: 134000/171170 (78.3%)
2025-12-07 20:28:21 - data_processing - INFO - Padding progress: 134100/171170 (78.3%)
2025-12-07 20:28:22 - data_processing - INFO - Padding progress: 134200/171170 (78.4%)
2025-12-07 20:28:23 - data_processing - INFO - Padding progress: 134300/171170 (78.5%)
2025-12-07 20:28:23 - data_processing - INFO - Padding progress: 134400/171170 (78.5%)
2025-12-07 20:28:24 - data_processing - INFO - Padding progress: 134500/171170 (78.6%)
2025-12-07 20:28:26 - data_processing - INFO - Padding progress: 134600/171170 (78.6%)
2025-12-07 20:28:30 - data_processing - INFO - Padding progress: 134700/171170 (78.7%)
2025-12-07 20:28:30 - data_processing - INFO - Padding progress: 134800/171170 (78.8%)
2025-12-07 20:28:31 - data_processing - INFO - Padding progress: 134900/171170 (78.8%)
2025-12-07 20:28:31 - data_processing - INFO - Padding progress: 135000/171170 (78.9%)
2025-12-07 20:28:32 - data_processing - INFO - Padding progress: 135100/171170 (78.9%)
2025-12-07 20:28:33 - data_processing - INFO - Padding progress: 135200/171170 (79.0%)
2025-12-07 20:28:34 - data_processing - INFO - Padding progress: 135300/171170 (79.0%)
2025-12-07 20:28:35 - data_processing - INFO - Padding progress: 135400/171170 (79.1%)
2025-12-07 20:28:35 - data_processing - INFO - Padding progress: 135500/171170 (79.2%)
2025-12-07 20:28:36 - data_processing - INFO - Padding progress: 135600/171170 (79.2%)
2025-12-07 20:28:37 - data_processing - INFO - Padding progress: 135700/171170 (79.3%)
2025-12-07 20:28:37 - data_processing - INFO - Padding progress: 135800/171170 (79.3%)
2025-12-07 20:28:38 - data_processing - INFO - Padding progress: 135900/171170 (79.4%)
2025-12-07 20:28:38 - data_processing - INFO - Padding progress: 136000/171170 (79.5%)
2025-12-07 20:28:39 - data_processing - INFO - Padding progress: 136100/171170 (79.5%)
2025-12-07 20:28:39 - data_processing - INFO - Padding progress: 136200/171170 (79.6%)
2025-12-07 20:28:40 - data_processing - INFO - Padding progress: 136300/171170 (79.6%)
2025-12-07 20:28:41 - data_processing - INFO - Padding progress: 136400/171170 (79.7%)
2025-12-07 20:28:42 - data_processing - INFO - Padding progress: 136500/171170 (79.7%)
2025-12-07 20:28:48 - data_processing - INFO - Padding progress: 136600/171170 (79.8%)
2025-12-07 20:28:48 - data_processing - INFO - Padding progress: 136700/171170 (79.9%)
2025-12-07 20:29:56 - data_processing - INFO - Padding progress: 136800/171170 (79.9%)
2025-12-07 20:29:57 - data_processing - INFO - Padding progress: 136900/171170 (80.0%)
2025-12-07 20:29:58 - data_processing - INFO - Padding progress: 137000/171170 (80.0%)
2025-12-07 20:29:59 - data_processing - INFO - Padding progress: 137100/171170 (80.1%)
2025-12-07 20:29:59 - data_processing - INFO - Padding progress: 137200/171170 (80.2%)
2025-12-07 20:30:02 - data_processing - INFO - Padding progress: 137300/171170 (80.2%)
2025-12-07 20:30:07 - data_processing - INFO - Padding progress: 137400/171170 (80.3%)
2025-12-07 20:30:12 - data_processing - INFO - Padding progress: 137500/171170 (80.3%)
2025-12-07 20:30:13 - data_processing - INFO - Padding progress: 137600/171170 (80.4%)
2025-12-07 20:31:57 - data_processing - INFO - Padding progress: 137700/171170 (80.4%)
2025-12-07 20:31:58 - data_processing - INFO - Padding progress: 137800/171170 (80.5%)
2025-12-07 20:32:01 - data_processing - INFO - Padding progress: 137900/171170 (80.6%)
2025-12-07 20:32:04 - data_processing - INFO - Padding progress: 138000/171170 (80.6%)
2025-12-07 20:32:05 - data_processing - INFO - Padding progress: 138100/171170 (80.7%)
2025-12-07 20:32:06 - data_processing - INFO - Padding progress: 138200/171170 (80.7%)
2025-12-07 20:32:07 - data_processing - INFO - Padding progress: 138300/171170 (80.8%)
2025-12-07 20:32:08 - data_processing - INFO - Padding progress: 138400/171170 (80.9%)
2025-12-07 20:32:08 - data_processing - INFO - Padding progress: 138500/171170 (80.9%)
2025-12-07 20:32:09 - data_processing - INFO - Padding progress: 138600/171170 (81.0%)
2025-12-07 20:32:09 - data_processing - INFO - Padding progress: 138700/171170 (81.0%)
2025-12-07 20:32:09 - data_processing - INFO - Padding progress: 138800/171170 (81.1%)
2025-12-07 20:32:11 - data_processing - INFO - Padding progress: 138900/171170 (81.1%)
2025-12-07 20:32:19 - data_processing - INFO - Padding progress: 139000/171170 (81.2%)
2025-12-07 20:32:19 - data_processing - INFO - Padding progress: 139100/171170 (81.3%)
2025-12-07 20:32:19 - data_processing - INFO - Padding progress: 139200/171170 (81.3%)
2025-12-07 20:32:20 - data_processing - INFO - Padding progress: 139300/171170 (81.4%)
2025-12-07 20:32:21 - data_processing - INFO - Padding progress: 139400/171170 (81.4%)
2025-12-07 20:32:23 - data_processing - INFO - Padding progress: 139500/171170 (81.5%)
2025-12-07 20:33:29 - data_processing - INFO - Padding progress: 139600/171170 (81.6%)
2025-12-07 20:35:22 - data_processing - INFO - Padding progress: 139700/171170 (81.6%)
2025-12-07 20:37:12 - data_processing - INFO - Padding progress: 139800/171170 (81.7%)
2025-12-07 20:37:39 - data_processing - INFO - Padding progress: 139900/171170 (81.7%)
2025-12-07 20:37:51 - data_processing - INFO - Padding progress: 140000/171170 (81.8%)
2025-12-07 20:38:15 - data_processing - INFO - Padding progress: 140100/171170 (81.8%)
2025-12-07 20:38:16 - data_processing - INFO - Padding progress: 140200/171170 (81.9%)
2025-12-07 20:38:17 - data_processing - INFO - Padding progress: 140300/171170 (82.0%)
2025-12-07 20:38:18 - data_processing - INFO - Padding progress: 140400/171170 (82.0%)
2025-12-07 20:39:46 - data_processing - INFO - Padding progress: 140500/171170 (82.1%)
/Users/khumachbayramova/anaconda3/lib/python3.11/multiprocessing/resource_tracker.py:224: UserWarning: resource_tracker: There appear to be 1 leaked semaphore objects to clean up at shutdown
  warnings.warn('resource_tracker: There appear to be %d '
